model,file_number,sample,timestamp_minute,gpu_util_pct,gpu_mem_util_pct,gpu_mem_total_mib,gpu_mem_free_mib,gpu_mem_used_mib,power_w,temp_c,ram_total_gb,ram_used_gb,ram_free_gb,ram_buff_cache_gb,ram_available_gb
LLAMA,1,0,2/28/2024 17:40,0,0,6144,6065,6,26.67,59,31.2207,3.87207,10.3857,16.9609,26.208
LLAMA,1,1,2/28/2024 17:40,0,0,6144,5989,82,26.23,60,31.2207,4.05566,10.1846,16.9795,26.0068
LLAMA,1,2,2/28/2024 17:40,0,0,6144,4611,1460,28.57,60,31.2207,4.06934,8.79297,18.3574,24.6182
LLAMA,1,3,2/28/2024 17:40,30,8,6144,3971,2100,28.61,60,31.2207,4.0791,7.0498,20.0918,22.8789
LLAMA,1,4,2/28/2024 17:40,0,0,6144,4613,1458,24.60,60,31.2207,4.05371,9.11328,18.0527,24.9375
LLAMA,1,5,2/28/2024 17:40,0,0,6144,2175,3896,24.60,60,31.2207,4.10449,7.05469,20.0605,22.8838
LLAMA,1,6,2/28/2024 17:40,58,10,6144,1801,4270,62.23,62,31.2207,4.12207,6.98828,20.1104,22.8164
LLAMA,1,7,2/28/2024 17:40,81,17,6144,1801,4270,28.59,62,31.2207,4.13672,6.97266,20.1104,22.8018
LLAMA,1,8,2/28/2024 17:40,81,16,6144,1801,4270,91.74,63,31.2207,4.13184,6.97754,20.1104,22.8066
LLAMA,1,9,2/28/2024 17:40,69,14,6144,1801,4270,32.04,63,31.2207,4.125,6.99219,20.1025,22.8213
LLAMA,1,10,2/28/2024 17:40,47,8,6144,1801,4270,50.98,63,31.2207,4.11621,7.00098,20.1025,22.8301
LLAMA,1,11,2/28/2024 17:40,83,18,6144,1801,4270,33.22,64,31.2207,4.12402,6.99316,20.1025,22.8223
LLAMA,1,12,2/28/2024 17:40,41,7,6144,1801,4270,75.05,64,31.2207,4.12207,6.99512,20.1025,22.8242
LLAMA,1,13,2/28/2024 17:40,62,13,6144,1801,4270,41.67,64,31.2207,4.13477,6.98242,20.1025,22.8115
LLAMA,1,14,2/28/2024 17:40,45,8,6144,1801,4270,57.71,64,31.2207,4.12891,6.98828,20.1025,22.8174
LLAMA,1,15,2/28/2024 17:40,100,31,6144,1801,4270,74.00,66,31.2207,4.125,6.99219,20.1025,22.8213
LLAMA,1,16,2/28/2024 17:40,98,22,6144,1801,4270,26.48,65,31.2207,4.12305,6.99512,20.1025,22.8232
LLAMA,1,17,2/28/2024 17:40,14,8,6144,1801,4270,25.92,64,31.2207,4.12891,6.98828,20.1025,22.8174
LLAMA,1,18,2/28/2024 17:40,14,8,6144,1801,4270,25.92,64,31.2207,4.1377,6.97168,20.1104,22.7998
LLAMA,1,19,2/28/2024 17:40,14,8,6144,1801,4270,25.92,64,31.2207,4.14941,6.95996,20.1104,22.7891
LLAMA,1,20,2/28/2024 17:40,14,8,6144,1801,4270,25.92,64,31.2207,4.14648,6.96289,20.1104,22.792
LLAMA,1,21,2/28/2024 17:40,14,8,6144,1801,4270,38.30,64,31.2207,4.13574,6.97363,20.1104,22.8027
LLAMA,1,22,2/28/2024 17:40,14,8,6144,1801,4270,27.42,64,31.2207,4.13574,6.97363,20.1104,22.8027
LLAMA,1,23,2/28/2024 17:40,14,8,6144,1801,4270,25.92,64,31.2207,4.13574,6.97363,20.1104,22.8027
LLAMA,1,24,2/28/2024 17:40,0,0,6144,1801,4270,26.51,64,31.2207,4.13965,6.96973,20.1104,22.7988
LLAMA,1,25,2/28/2024 17:41,14,8,6144,1801,4270,25.92,64,31.2207,4.15039,6.95898,20.1104,22.7881
LLAMA,1,26,2/28/2024 17:41,13,7,6144,1801,4270,25.92,64,31.2207,4.17578,6.93359,20.1104,22.7627
LLAMA,1,27,2/28/2024 17:41,0,0,6144,1801,4270,52.95,64,31.2207,4.17676,6.93262,20.1104,22.7617
LLAMA,1,28,2/28/2024 17:41,9,5,6144,1801,4270,27.29,64,31.2207,4.16992,6.93945,20.1104,22.7686
LLAMA,1,29,2/28/2024 17:41,2,1,6144,1801,4270,26.21,64,31.2207,4.16602,6.95117,20.1025,22.7803
LLAMA,1,30,2/28/2024 17:41,8,4,6144,1801,4270,26.07,64,31.2207,4.16113,6.95605,20.1025,22.7852
LLAMA,1,31,2/28/2024 17:41,11,6,6144,1801,4270,25.92,64,31.2207,4.16602,6.95117,20.1025,22.7803
LLAMA,1,32,2/28/2024 17:41,14,8,6144,1801,4270,25.95,64,31.2207,4.16504,6.95215,20.1025,22.7822
LLAMA,1,33,2/28/2024 17:41,14,8,6144,1801,4270,25.91,64,31.2207,4.16895,6.94824,20.1025,22.7773
LLAMA,1,34,2/28/2024 17:41,14,8,6144,1801,4270,25.92,64,31.2207,4.16309,6.9541,20.1025,22.7832
LLAMA,1,35,2/28/2024 17:41,14,8,6144,1801,4270,56.11,65,31.2207,4.1709,6.94629,20.1025,22.7754
LLAMA,1,36,2/28/2024 17:41,6,3,6144,1801,4270,38.71,64,31.2207,4.16406,6.95312,20.1025,22.7822
LLAMA,1,37,2/28/2024 17:41,0,0,6144,1801,4270,27.55,65,31.2207,4.15234,6.96484,20.1025,22.7949
LLAMA,1,38,2/28/2024 17:41,0,0,6144,1801,4270,26.37,65,31.2207,4.15234,6.96484,20.1025,22.7939
LLAMA,1,39,2/28/2024 17:41,14,8,6144,1801,4270,26.97,65,31.2207,4.16797,6.94922,20.1025,22.7783
LLAMA,1,40,2/28/2024 17:41,0,0,6144,1801,4270,39.97,65,31.2207,4.16797,6.94922,20.1025,22.7783
LLAMA,1,41,2/28/2024 17:41,14,8,6144,1801,4270,25.95,65,31.2207,4.15625,6.96094,20.1025,22.79
LLAMA,1,42,2/28/2024 17:41,14,8,6144,1801,4270,26.07,65,31.2207,4.16016,6.95703,20.1025,22.7861
LLAMA,1,43,2/28/2024 17:41,14,8,6144,1801,4270,26.06,65,31.2207,4.16699,6.9502,20.1025,22.7793
LLAMA,1,44,2/28/2024 17:41,8,4,6144,1801,4270,51.98,65,31.2207,4.16113,6.95605,20.1025,22.7852
LLAMA,1,45,2/28/2024 17:41,3,2,6144,1801,4270,33.11,65,31.2207,4.15918,6.95801,20.1025,22.7871
LLAMA,1,46,2/28/2024 17:41,4,2,6144,1801,4270,26.81,65,31.2207,4.16113,6.95605,20.1025,22.7852
LLAMA,1,47,2/28/2024 17:41,15,8,6144,1801,4270,25.33,65,31.2207,4.14453,6.97266,20.1025,22.8018
LLAMA,1,48,2/28/2024 17:41,15,8,6144,1801,4270,30.13,65,31.2207,4.15039,6.9668,20.1025,22.7959
LLAMA,1,49,2/28/2024 17:41,15,8,6144,1801,4270,25.34,65,31.2207,4.16016,6.95703,20.1025,22.7861
LLAMA,1,50,2/28/2024 17:41,15,8,6144,1801,4270,25.04,65,31.2207,4.15332,6.96387,20.1025,22.793
LLAMA,1,51,2/28/2024 17:41,1,1,6144,1801,4270,25.04,65,31.2207,4.16309,6.9541,20.1025,22.7832
LLAMA,1,52,2/28/2024 17:41,15,8,6144,1801,4270,25.03,65,31.2207,4.15625,6.96094,20.1025,22.79
LLAMA,1,53,2/28/2024 17:41,7,3,6144,1801,4270,35.63,65,31.2207,4.15527,6.96191,20.1025,22.791
LLAMA,1,54,2/28/2024 17:41,0,0,6144,1801,4270,27.90,65,31.2207,4.12988,6.9873,20.1025,22.8164
LLAMA,1,55,2/28/2024 17:41,15,8,6144,1801,4270,25.62,65,31.2207,4.15234,6.96484,20.1025,22.7939
LLAMA,1,56,2/28/2024 17:41,15,8,6144,1801,4270,25.05,65,31.2207,4.15039,6.9668,20.1025,22.7959
LLAMA,1,57,2/28/2024 17:41,8,4,6144,1801,4270,36.64,65,31.2207,4.15723,6.95996,20.1025,22.7891
LLAMA,1,58,2/28/2024 17:41,4,2,6144,1801,4270,25.52,65,31.2207,4.13965,6.97754,20.1025,22.8066
LLAMA,1,59,2/28/2024 17:41,15,8,6144,1801,4270,36.97,65,31.2207,4.13184,6.98535,20.1025,22.8145
LLAMA,1,60,2/28/2024 17:41,15,8,6144,1801,4270,38.09,65,31.2207,4.15332,6.96289,20.1025,22.792
LLAMA,1,61,2/28/2024 17:41,0,0,6144,1801,4270,25.05,65,31.2207,4.15527,6.96191,20.1025,22.791
LLAMA,1,62,2/28/2024 17:41,14,7,6144,1801,4270,25.04,65,31.2207,4.14258,6.97461,20.1025,22.8037
LLAMA,1,63,2/28/2024 17:41,15,8,6144,1801,4270,25.04,65,31.2207,4.14844,6.96875,20.1025,22.7979
LLAMA,1,64,2/28/2024 17:41,15,8,6144,1801,4270,25.03,65,31.2207,4.15234,6.96387,20.1025,22.7939
LLAMA,1,65,2/28/2024 17:41,15,8,6144,1801,4270,25.17,65,31.2207,4.16699,6.94922,20.1025,22.7793
LLAMA,1,66,2/28/2024 17:41,15,8,6144,1801,4270,25.48,65,31.2207,4.16797,6.94922,20.1025,22.7783
LLAMA,1,67,2/28/2024 17:41,2,1,6144,1801,4270,25.18,65,31.2207,4.17188,6.94531,20.1025,22.7744
LLAMA,1,68,2/28/2024 17:41,5,2,6144,1801,4270,25.07,66,31.2207,4.16113,6.95605,20.1025,22.7852
LLAMA,1,69,2/28/2024 17:41,15,8,6144,1801,4270,25.31,65,31.2207,4.1709,6.94629,20.1025,22.7754
LLAMA,1,70,2/28/2024 17:41,8,4,6144,1801,4270,26.09,66,31.2207,4.16211,6.95508,20.1025,22.7842
LLAMA,1,71,2/28/2024 17:41,15,8,6144,1801,4270,49.82,65,31.2207,4.16797,6.94922,20.1025,22.7783
LLAMA,1,72,2/28/2024 17:41,15,8,6144,1801,4270,25.03,65,31.2207,4.15234,6.96484,20.1025,22.7939
LLAMA,1,73,2/28/2024 17:41,0,0,6144,1801,4270,25.04,66,31.2207,4.16797,6.94824,20.1025,22.7773
LLAMA,1,74,2/28/2024 17:41,15,8,6144,1801,4270,25.18,66,31.2207,4.15625,6.96094,20.1025,22.79
LLAMA,1,75,2/28/2024 17:41,15,8,6144,1801,4270,25.07,65,31.2207,4.15527,6.96191,20.1025,22.791
LLAMA,1,76,2/28/2024 17:41,15,8,6144,1801,4270,25.18,66,31.2207,4.1543,6.96289,20.1025,22.792
LLAMA,1,77,2/28/2024 17:41,0,0,6144,1801,4270,25.19,66,31.2207,4.14648,6.96973,20.1025,22.7998
LLAMA,1,78,2/28/2024 17:41,3,1,6144,1801,4270,42.94,66,31.2207,4.14941,6.96777,20.1025,22.7969
LLAMA,1,79,2/28/2024 17:41,15,8,6144,1801,4270,25.04,66,31.2207,4.16504,6.95215,20.1025,22.7812
LLAMA,1,80,2/28/2024 17:41,15,8,6144,1801,4270,46.85,66,31.2207,4.15137,6.96582,20.1025,22.7949
LLAMA,1,81,2/28/2024 17:41,15,8,6144,1801,4270,46.69,66,31.2207,4.16895,6.94824,20.1025,22.7773
LLAMA,1,82,2/28/2024 17:42,4,2,6144,1801,4270,25.19,66,31.2207,4.16406,6.95312,20.1025,22.7822
LLAMA,1,83,2/28/2024 17:42,15,8,6144,1801,4270,25.17,66,31.2207,4.1543,6.96289,20.1025,22.792
LLAMA,1,84,2/28/2024 17:42,15,8,6144,1801,4270,25.19,66,31.2207,4.14551,6.97168,20.1025,22.8008
LLAMA,1,85,2/28/2024 17:42,15,8,6144,1801,4270,42.78,66,31.2207,4.15625,6.96094,20.1025,22.79
LLAMA,1,86,2/28/2024 17:42,0,0,6144,1801,4270,29.33,66,31.2207,4.1709,6.94629,20.1025,22.7754
LLAMA,1,87,2/28/2024 17:42,15,8,6144,1801,4270,25.18,66,31.2207,4.14746,6.96875,20.1025,22.7988
LLAMA,1,88,2/28/2024 17:42,15,8,6144,1801,4270,25.18,66,31.2207,4.1582,6.95801,20.1025,22.7871
LLAMA,1,89,2/28/2024 17:42,0,0,6144,1801,4270,25.18,66,31.2207,4.17773,6.93848,20.1025,22.7686
LLAMA,1,90,2/28/2024 17:42,15,8,6144,1801,4270,25.17,66,31.2207,4.1709,6.94629,20.1025,22.7754
LLAMA,1,91,2/28/2024 17:42,15,8,6144,1801,4270,25.19,66,31.2207,4.1748,6.94238,20.1025,22.7715
LLAMA,1,92,2/28/2024 17:42,15,8,6144,1801,4270,25.18,66,31.2207,4.16797,6.94922,20.1025,22.7783
LLAMA,1,93,2/28/2024 17:42,0,0,6144,1801,4270,25.17,66,31.2207,4.16211,6.95508,20.1025,22.7842
LLAMA,1,94,2/28/2024 17:42,15,8,6144,1801,4270,37.37,66,31.2207,4.16406,6.95312,20.1025,22.7822
LLAMA,1,95,2/28/2024 17:42,15,8,6144,1801,4270,25.18,66,31.2207,4.16504,6.95215,20.1025,22.7812
LLAMA,1,96,2/28/2024 17:42,15,8,6144,1801,4270,25.18,66,31.2207,4.1709,6.94629,20.1025,22.7754
LLAMA,1,97,2/28/2024 17:42,15,8,6144,1801,4270,25.18,66,31.2207,4.16895,6.94727,20.1025,22.7773
LLAMA,1,98,2/28/2024 17:42,11,6,6144,1801,4270,25.20,66,31.2207,4.1709,6.94629,20.1025,22.7754
LLAMA,1,99,2/28/2024 17:42,15,8,6144,1801,4270,25.19,66,31.2207,4.1748,6.94238,20.1025,22.7715
LLAMA,1,100,2/28/2024 17:42,15,8,6144,1801,4270,25.19,66,31.2207,4.16992,6.94727,20.1025,22.7764
LLAMA,1,101,2/28/2024 17:42,14,7,6144,1801,4270,25.32,66,31.2207,4.15723,6.95996,20.1025,22.7891
LLAMA,1,102,2/28/2024 17:42,15,8,6144,1801,4270,52.08,66,31.2207,4.15527,6.96191,20.1025,22.791
LLAMA,1,103,2/28/2024 17:42,15,8,6144,1801,4270,25.17,66,31.2207,4.16602,6.95117,20.1025,22.7803
LLAMA,1,104,2/28/2024 17:42,15,8,6144,1801,4270,25.18,66,31.2207,4.14844,6.96777,20.1025,22.7979
LLAMA,1,105,2/28/2024 17:42,0,0,6144,1801,4270,25.20,66,31.2207,4.16113,6.95508,20.1025,22.7842
LLAMA,1,106,2/28/2024 17:42,15,8,6144,1801,4270,25.64,67,31.2207,4.17871,6.93848,20.1025,22.7676
LLAMA,1,107,2/28/2024 17:42,0,0,6144,1801,4270,25.17,66,31.2207,4.1875,6.92969,20.1025,22.7588
LLAMA,1,108,2/28/2024 17:42,15,8,6144,1801,4270,25.18,66,31.2207,4.14941,6.9668,20.1025,22.7969
LLAMA,1,109,2/28/2024 17:42,15,8,6144,1801,4270,25.18,67,31.2207,4.16309,6.9541,20.1025,22.7832
LLAMA,1,110,2/28/2024 17:42,15,8,6144,1801,4270,30.60,67,31.2207,4.16016,6.95605,20.1025,22.7861
LLAMA,1,111,2/28/2024 17:42,15,8,6144,1801,4270,25.17,66,31.2207,4.16211,6.95508,20.1025,22.7842
LLAMA,1,112,2/28/2024 17:42,15,8,6144,1801,4270,25.19,67,31.2207,4.16602,6.95117,20.1025,22.7803
LLAMA,1,113,2/28/2024 17:42,3,2,6144,1801,4270,25.18,67,31.2207,4.17285,6.94434,20.1025,22.7734
LLAMA,1,114,2/28/2024 17:42,15,8,6144,1801,4270,25.32,67,31.2207,4.16406,6.95215,20.1025,22.7822
LLAMA,1,115,2/28/2024 17:42,14,7,6144,1801,4270,25.33,67,31.2207,4.1709,6.94629,20.1025,22.7754
LLAMA,1,116,2/28/2024 17:42,14,8,6144,1801,4270,31.32,66,31.2207,4.15332,6.96387,20.1025,22.793
LLAMA,1,117,2/28/2024 17:42,7,4,6144,1801,4270,25.17,67,31.2207,4.15137,6.96582,20.1025,22.7949
LLAMA,1,118,2/28/2024 17:42,0,0,6144,1801,4270,33.94,67,31.2207,4.17383,6.94336,20.1025,22.7725
LLAMA,1,119,2/28/2024 17:42,15,8,6144,1801,4270,25.17,67,31.2207,4.16602,6.9502,20.1025,22.7793
LLAMA,1,120,2/28/2024 17:42,15,8,6144,1801,4270,25.18,67,31.2207,4.16406,6.95215,20.1025,22.7812
LLAMA,1,121,2/28/2024 17:42,0,0,6144,1801,4270,25.18,67,31.2207,4.15527,6.96191,20.1025,22.791
LLAMA,1,122,2/28/2024 17:42,16,8,6144,1801,4270,25.18,67,31.2207,4.16699,6.9502,20.1025,22.7793
LLAMA,1,123,2/28/2024 17:42,0,0,6144,1801,4270,25.64,67,31.2207,4.16602,6.95117,20.1025,22.7803
LLAMA,1,124,2/28/2024 17:42,15,8,6144,1801,4270,25.17,67,31.2207,4.16699,6.94922,20.1025,22.7783
LLAMA,1,125,2/28/2024 17:42,15,8,6144,1801,4270,25.30,67,31.2207,4.15723,6.95898,20.1025,22.7891
LLAMA,1,126,2/28/2024 17:42,10,5,6144,1801,4270,45.50,67,31.2207,4.14355,6.97363,20.1025,22.8027
LLAMA,1,127,2/28/2024 17:42,15,8,6144,1801,4270,25.18,67,31.2207,4.15332,6.96387,20.1025,22.793
LLAMA,1,128,2/28/2024 17:42,0,0,6144,1801,4270,25.21,67,31.2207,4.14355,6.97266,20.1025,22.8027
LLAMA,1,129,2/28/2024 17:42,16,8,6144,1801,4270,28.06,67,31.2207,4.1543,6.96289,20.1025,22.792
LLAMA,1,130,2/28/2024 17:42,16,8,6144,1801,4270,25.17,67,31.2207,4.14648,6.9707,20.1025,22.7998
LLAMA,1,131,2/28/2024 17:42,0,0,6144,1801,4270,25.62,67,31.2207,4.14746,6.96973,20.1025,22.7988
LLAMA,1,132,2/28/2024 17:42,16,8,6144,1801,4270,41.92,67,31.2207,4.14941,6.9668,20.1025,22.7959
LLAMA,1,133,2/28/2024 17:42,16,8,6144,1801,4270,25.21,67,31.2207,4.14648,6.9707,20.1025,22.7998
LLAMA,1,134,2/28/2024 17:42,16,8,6144,1801,4270,25.17,67,31.2207,4.14746,6.96973,20.1025,22.7988
LLAMA,1,135,2/28/2024 17:42,16,8,6144,1801,4270,25.19,67,31.2207,4.1582,6.95898,20.1025,22.7881
LLAMA,1,136,2/28/2024 17:42,16,8,6144,1801,4270,32.67,67,31.2207,4.13672,6.97949,20.1025,22.8096
LLAMA,1,137,2/28/2024 17:42,16,8,6144,1801,4270,25.18,67,31.2207,4.16211,6.95508,20.1025,22.7842
LLAMA,1,138,2/28/2024 17:42,10,5,6144,1801,4270,25.46,67,31.2207,4.14844,6.96777,20.1025,22.7979
LLAMA,1,139,2/28/2024 17:42,16,8,6144,1801,4270,25.18,67,31.2207,4.14551,6.9707,20.1025,22.7998
LLAMA,1,140,2/28/2024 17:43,0,0,6144,1801,4270,25.18,67,31.2207,4.14551,6.97168,20.1025,22.8008
LLAMA,1,141,2/28/2024 17:43,16,8,6144,1801,4270,28.06,67,31.2207,4.14941,6.9668,20.1025,22.7959
LLAMA,1,142,2/28/2024 17:43,16,8,6144,1801,4270,25.21,67,31.2207,4.16406,6.95215,20.1035,22.7812
LLAMA,1,143,2/28/2024 17:43,16,8,6144,1801,4270,45.85,67,31.2207,4.18066,6.93555,20.1025,22.7656
LLAMA,1,144,2/28/2024 17:43,16,8,6144,1801,4270,27.74,67,31.2207,4.16211,6.95508,20.1025,22.7842
LLAMA,1,145,2/28/2024 17:43,12,6,6144,1801,4270,25.33,67,31.2207,4.15918,6.95703,20.1025,22.7861
LLAMA,1,146,2/28/2024 17:43,16,8,6144,1801,4270,25.33,67,31.2207,4.1582,6.95801,20.1025,22.7881
LLAMA,1,147,2/28/2024 17:43,16,8,6144,1801,4270,51.43,67,31.2207,4.18457,6.93262,20.1025,22.7617
LLAMA,1,148,2/28/2024 17:43,0,0,6144,1801,4270,25.31,67,31.2207,4.17871,6.9375,20.1025,22.7676
LLAMA,1,149,2/28/2024 17:43,0,0,6144,1801,4270,36.87,67,31.2207,4.1709,6.94629,20.1025,22.7754
LLAMA,1,150,2/28/2024 17:43,16,8,6144,1801,4270,25.18,67,31.2207,4.16309,6.9541,20.1025,22.7832
LLAMA,1,151,2/28/2024 17:43,0,0,6144,1801,4270,25.47,67,31.2207,4.16699,6.9502,20.1025,22.7793
LLAMA,1,152,2/28/2024 17:43,16,8,6144,1801,4270,25.21,67,31.2207,4.15918,6.95703,20.1025,22.7861
LLAMA,1,153,2/28/2024 17:43,16,8,6144,1801,4270,25.33,67,31.2207,4.16113,6.95508,20.1035,22.7852
LLAMA,1,154,2/28/2024 17:43,0,0,6144,1801,4270,35.47,67,31.2207,4.15918,6.95703,20.1025,22.7861
LLAMA,1,155,2/28/2024 17:43,16,8,6144,1801,4270,25.33,67,31.2207,4.16309,6.9541,20.1025,22.7832
LLAMA,1,156,2/28/2024 17:43,0,0,6144,1801,4270,25.31,67,31.2207,4.16504,6.95117,20.1035,22.7803
LLAMA,1,157,2/28/2024 17:43,16,8,6144,1801,4270,25.33,67,31.2207,4.16016,6.95605,20.1035,22.7852
LLAMA,1,158,2/28/2024 17:43,16,8,6144,1801,4270,25.33,67,31.2207,4.17188,6.94434,20.1035,22.7734
LLAMA,1,159,2/28/2024 17:43,7,4,6144,1801,4270,25.92,67,31.2207,4.1709,6.94531,20.1035,22.7754
LLAMA,1,160,2/28/2024 17:43,16,8,6144,1801,4270,25.35,67,31.2207,4.15137,6.96582,20.1035,22.7949
LLAMA,1,161,2/28/2024 17:43,16,8,6144,1801,4270,25.50,67,31.2207,4.15625,6.96094,20.1035,22.79
LLAMA,1,162,2/28/2024 17:43,16,8,6144,1801,4270,25.33,67,31.2207,4.16211,6.9541,20.1035,22.7842
LLAMA,1,163,2/28/2024 17:43,14,7,6144,1801,4270,25.65,67,31.2207,4.15625,6.96094,20.1035,22.79
LLAMA,1,164,2/28/2024 17:43,6,3,6144,1801,4270,25.33,67,31.2207,4.16211,6.9541,20.1035,22.7832
LLAMA,1,165,2/28/2024 17:43,16,8,6144,1801,4270,25.33,67,31.2207,4.1582,6.95801,20.1035,22.7881
LLAMA,1,166,2/28/2024 17:43,16,8,6144,1801,4270,25.78,67,31.2207,4.15527,6.96094,20.1035,22.79
LLAMA,1,167,2/28/2024 17:43,16,8,6144,1801,4270,25.33,67,31.2207,4.1748,6.94141,20.1035,22.7705
LLAMA,1,168,2/28/2024 17:43,3,2,6144,1801,4270,25.31,68,31.2207,4.17773,6.93945,20.1035,22.7686
LLAMA,1,169,2/28/2024 17:43,16,8,6144,1801,4270,49.97,67,31.2207,4.18262,6.93359,20.1035,22.7627
LLAMA,1,170,2/28/2024 17:43,16,8,6144,1801,4270,25.32,67,31.2207,4.15039,6.96582,20.1035,22.7949
LLAMA,1,171,2/28/2024 17:43,3,1,6144,1801,4270,26.50,68,31.2207,4.15527,6.96191,20.1035,22.791
LLAMA,1,172,2/28/2024 17:43,16,8,6144,1801,4270,25.32,68,31.2207,4.13379,6.98242,20.1035,22.8125
LLAMA,1,173,2/28/2024 17:43,16,8,6144,1801,4270,27.88,68,31.2207,4.1377,6.97852,20.1035,22.8076
LLAMA,1,174,2/28/2024 17:43,16,8,6144,1801,4270,25.33,68,31.2207,4.14453,6.97168,20.1035,22.8008
LLAMA,1,175,2/28/2024 17:43,0,0,6144,1801,4270,27.60,68,31.2207,4.1416,6.97461,20.1035,22.8037
LLAMA,1,176,2/28/2024 17:43,16,8,6144,1801,4270,25.33,68,31.2207,4.1377,6.97852,20.1035,22.8076
LLAMA,1,177,2/28/2024 17:43,6,3,6144,1801,4270,25.47,68,31.2207,4.14746,6.96875,20.1035,22.7988
LLAMA,1,178,2/28/2024 17:43,0,0,6144,1801,4270,48.36,68,31.2207,4.14062,6.97656,20.1035,22.8057
LLAMA,1,179,2/28/2024 17:43,16,8,6144,1801,4270,25.33,68,31.2207,4.14258,6.97363,20.1035,22.8037
LLAMA,1,180,2/28/2024 17:43,16,8,6144,1801,4270,25.34,68,31.2207,4.14648,6.9707,20.1035,22.7998
LLAMA,1,181,2/28/2024 17:43,16,8,6144,1801,4270,52.76,68,31.2207,4.16016,6.95605,20.1035,22.7852
LLAMA,1,182,2/28/2024 17:43,11,3,6144,4241,1830,27.12,68,31.2207,4.06348,10.1875,16.9688,26.0107
LLAMA,2,0,2/28/2024 17:45,0,0,6144,6065,6,4.18,54,31.2207,3.90723,10.3496,16.9629,26.1738
LLAMA,2,1,2/28/2024 17:45,0,0,6144,5989,82,24.31,55,31.2207,4.07617,10.1689,16.9746,25.9932
LLAMA,2,2,2/28/2024 17:45,1,0,6144,4611,1460,27.69,56,31.2207,4.11523,8.75293,18.3525,24.5791
LLAMA,2,3,2/28/2024 17:45,31,8,6144,3971,2100,27.73,56,31.2207,4.13672,7.04395,20.0381,22.875
LLAMA,2,4,2/28/2024 17:45,0,0,6144,4613,1458,24.40,56,31.2207,4.09375,9.05469,18.0713,24.8809
LLAMA,2,5,2/28/2024 17:45,0,0,6144,2175,3896,24.31,56,31.2207,4.12793,7.01367,20.0781,22.8447
LLAMA,2,6,2/28/2024 17:45,49,9,6144,1801,4270,59.89,58,31.2207,4.16113,6.9502,20.1094,22.7812
LLAMA,2,7,2/28/2024 17:45,56,11,6144,1801,4270,29.97,58,31.2207,4.1748,6.93652,20.1084,22.7676
LLAMA,2,8,2/28/2024 17:45,44,8,6144,1801,4270,75.15,60,31.2207,4.1748,6.93652,20.1084,22.7676
LLAMA,2,9,2/28/2024 17:45,84,17,6144,1801,4270,35.74,60,31.2207,4.16016,6.9502,20.1094,22.7812
LLAMA,2,10,2/28/2024 17:45,35,6,6144,1801,4270,52.19,60,31.2207,4.17871,6.93164,20.1084,22.7627
LLAMA,2,11,2/28/2024 17:45,79,15,6144,1801,4270,40.14,60,31.2207,4.17188,6.93945,20.1084,22.7705
LLAMA,2,12,2/28/2024 17:45,49,10,6144,1801,4270,113.12,61,31.2207,4.17871,6.93164,20.1084,22.7627
LLAMA,2,13,2/28/2024 17:45,80,15,6144,1801,4270,27.93,62,31.2207,4.1709,6.93945,20.1094,22.7705
LLAMA,2,14,2/28/2024 17:45,51,10,6144,1801,4270,70.68,62,31.2207,4.16016,6.95117,20.1094,22.7822
LLAMA,2,15,2/28/2024 17:45,100,29,6144,1801,4270,82.55,63,31.2207,4.16309,6.94727,20.1094,22.7783
LLAMA,2,16,2/28/2024 17:45,100,31,6144,1801,4270,31.32,63,31.2207,4.1416,6.96875,20.1094,22.7998
LLAMA,2,17,2/28/2024 17:45,12,7,6144,1801,4270,30.30,62,31.2207,4.15039,6.95996,20.1094,22.791
LLAMA,2,18,2/28/2024 17:45,1,1,6144,1801,4270,27.97,62,31.2207,4.1416,6.96973,20.1084,22.8008
LLAMA,2,19,2/28/2024 17:45,1,1,6144,1801,4270,27.40,62,31.2207,4.1582,6.95312,20.1094,22.7842
LLAMA,2,20,2/28/2024 17:45,13,8,6144,1801,4270,27.53,62,31.2207,4.15234,6.95898,20.1084,22.79
LLAMA,2,21,2/28/2024 17:45,13,8,6144,1801,4270,27.41,62,31.2207,4.1582,6.95312,20.1084,22.7842
LLAMA,2,22,2/28/2024 17:45,13,8,6144,1801,4270,27.41,62,31.2207,4.15332,6.95801,20.1084,22.7891
LLAMA,2,23,2/28/2024 17:45,13,8,6144,1801,4270,27.55,62,31.2207,4.16211,6.94922,20.1084,22.7803
LLAMA,2,24,2/28/2024 17:45,8,5,6144,1801,4270,27.55,62,31.2207,4.15527,6.95605,20.1084,22.7871
LLAMA,2,25,2/28/2024 17:45,3,2,6144,1801,4270,58.74,63,31.2207,4.16016,6.9502,20.1084,22.7812
LLAMA,2,26,2/28/2024 17:45,13,8,6144,1801,4270,64.05,63,31.2207,4.15625,6.95508,20.1084,22.7861
LLAMA,2,27,2/28/2024 17:45,13,8,6144,1801,4270,45.69,63,31.2207,4.15332,6.95801,20.1084,22.7891
LLAMA,2,28,2/28/2024 17:45,13,8,6144,1801,4270,58.81,63,31.2207,4.1416,6.96973,20.1084,22.8008
LLAMA,2,29,2/28/2024 17:45,13,8,6144,1801,4270,27.55,63,31.2207,4.15723,6.9541,20.1084,22.7852
LLAMA,2,30,2/28/2024 17:45,13,8,6144,1801,4270,27.55,63,31.2207,4.16113,6.95703,20.1006,22.7881
LLAMA,2,31,2/28/2024 17:45,13,8,6144,1801,4270,27.54,63,31.2207,4.1582,6.96094,20.1006,22.792
LLAMA,2,32,2/28/2024 17:45,0,0,6144,1801,4270,27.54,63,31.2207,4.16406,6.95508,20.1006,22.7861
LLAMA,2,33,2/28/2024 17:45,13,8,6144,1801,4270,42.74,63,31.2207,4.16211,6.95605,20.1006,22.7881
LLAMA,2,34,2/28/2024 17:45,13,8,6144,1801,4270,50.16,64,31.2207,4.16113,6.95801,20.1006,22.7891
LLAMA,2,35,2/28/2024 17:45,13,8,6144,1801,4270,31.00,64,31.2207,4.15723,6.96191,20.1006,22.793
LLAMA,2,36,2/28/2024 17:45,13,8,6144,1801,4270,36.38,64,31.2207,4.16113,6.95801,20.1006,22.7891
LLAMA,2,37,2/28/2024 17:45,4,2,6144,1801,4270,62.49,64,31.2207,4.16406,6.95508,20.1006,22.7861
LLAMA,2,38,2/28/2024 17:45,13,8,6144,1801,4270,27.70,64,31.2207,4.17188,6.94629,20.1006,22.7773
LLAMA,2,39,2/28/2024 17:46,8,5,6144,1801,4270,27.68,64,31.2207,4.15527,6.96289,20.1006,22.7939
LLAMA,2,40,2/28/2024 17:46,13,8,6144,1801,4270,27.84,64,31.2207,4.16504,6.95312,20.1006,22.7842
LLAMA,2,41,2/28/2024 17:46,13,8,6144,1801,4270,27.82,64,31.2207,4.16113,6.95703,20.1006,22.7891
LLAMA,2,42,2/28/2024 17:46,13,8,6144,1801,4270,27.99,64,31.2207,4.17285,6.94629,20.1006,22.7773
LLAMA,2,43,2/28/2024 17:46,6,3,6144,1801,4270,28.13,65,31.2207,4.17383,6.94434,20.1006,22.7754
LLAMA,2,44,2/28/2024 17:46,13,8,6144,1801,4270,27.70,65,31.2207,4.1748,6.94434,20.1016,22.7754
LLAMA,2,45,2/28/2024 17:46,0,0,6144,1801,4270,27.70,65,31.2207,4.17578,6.94238,20.1016,22.7734
LLAMA,2,46,2/28/2024 17:46,13,8,6144,1801,4270,27.83,65,31.2207,4.18164,6.9375,20.1016,22.7686
LLAMA,2,47,2/28/2024 17:46,15,8,6144,1801,4270,31.77,65,31.2207,4.2002,6.91895,20.1016,22.75
LLAMA,2,48,2/28/2024 17:46,15,8,6144,1801,4270,35.60,65,31.2207,4.1875,6.93066,20.1016,22.7617
LLAMA,2,49,2/28/2024 17:46,15,8,6144,1801,4270,32.95,65,31.2207,4.20508,6.91309,20.1016,22.7441
LLAMA,2,50,2/28/2024 17:46,12,6,6144,1801,4270,25.79,65,31.2207,4.20508,6.91309,20.1016,22.7441
LLAMA,2,51,2/28/2024 17:46,9,5,6144,1801,4270,25.64,65,31.2207,4.1875,6.93066,20.1016,22.7627
LLAMA,2,52,2/28/2024 17:46,15,8,6144,1801,4270,25.18,65,31.2207,4.18066,6.93848,20.1016,22.7695
LLAMA,2,53,2/28/2024 17:46,0,0,6144,1801,4270,25.03,65,31.2207,4.18262,6.93555,20.1016,22.7666
LLAMA,2,54,2/28/2024 17:46,15,8,6144,1801,4270,25.05,65,31.2207,4.18164,6.93652,20.1016,22.7676
LLAMA,2,55,2/28/2024 17:46,15,8,6144,1801,4270,25.07,65,31.2207,4.19141,6.92676,20.1016,22.7588
LLAMA,2,56,2/28/2024 17:46,15,8,6144,1801,4270,33.38,65,31.2207,4.19141,6.92676,20.1016,22.7578
LLAMA,2,57,2/28/2024 17:46,15,8,6144,1801,4270,31.18,65,31.2207,4.18848,6.92969,20.1016,22.7607
LLAMA,2,58,2/28/2024 17:46,8,4,6144,1801,4270,49.23,65,31.2207,4.18066,6.9375,20.1016,22.7695
LLAMA,2,59,2/28/2024 17:46,15,8,6144,1801,4270,25.03,65,31.2207,4.19434,6.92383,20.1016,22.7549
LLAMA,2,60,2/28/2024 17:46,0,0,6144,1801,4270,25.18,65,31.2207,4.19238,6.92676,20.1016,22.7578
LLAMA,2,61,2/28/2024 17:46,15,8,6144,1801,4270,28.06,65,31.2207,4.18848,6.92969,20.1016,22.7607
LLAMA,2,62,2/28/2024 17:46,15,8,6144,1801,4270,25.03,65,31.2207,4.18945,6.92871,20.1016,22.7598
LLAMA,2,63,2/28/2024 17:46,5,3,6144,1801,4270,25.18,65,31.2207,4.19727,6.9209,20.1016,22.7529
LLAMA,2,64,2/28/2024 17:46,15,8,6144,1801,4270,25.16,65,31.2207,4.20117,6.91699,20.1016,22.748
LLAMA,2,65,2/28/2024 17:46,15,8,6144,1801,4270,25.50,65,31.2207,4.19434,6.92383,20.1016,22.7559
LLAMA,2,66,2/28/2024 17:46,13,7,6144,1801,4270,31.88,65,31.2207,4.18555,6.93262,20.1016,22.7637
LLAMA,2,67,2/28/2024 17:46,15,8,6144,1801,4270,25.02,65,31.2207,4.19922,6.91895,20.1016,22.75
LLAMA,2,68,2/28/2024 17:46,2,1,6144,1801,4270,25.21,65,31.2207,4.20117,6.91797,20.1016,22.749
LLAMA,2,69,2/28/2024 17:46,15,8,6144,1801,4270,29.08,65,31.2207,4.17578,6.94238,20.1016,22.7744
LLAMA,2,70,2/28/2024 17:46,15,8,6144,1801,4270,25.48,65,31.2207,4.18164,6.93652,20.1016,22.7676
LLAMA,2,71,2/28/2024 17:46,15,8,6144,1801,4270,51.43,65,31.2207,4.1709,6.94727,20.1016,22.7783
LLAMA,2,72,2/28/2024 17:46,15,8,6144,1801,4270,25.02,65,31.2207,4.18652,6.93262,20.1016,22.7637
LLAMA,2,73,2/28/2024 17:46,0,0,6144,1801,4270,25.19,65,31.2207,4.20215,6.91699,20.1016,22.748
LLAMA,2,74,2/28/2024 17:46,15,8,6144,1801,4270,25.32,66,31.2207,4.17871,6.93945,20.1016,22.7715
LLAMA,2,75,2/28/2024 17:46,0,0,6144,1801,4270,27.29,65,31.2207,4.17871,6.93945,20.1016,22.7705
LLAMA,2,76,2/28/2024 17:46,15,8,6144,1801,4270,25.18,65,31.2207,4.19043,6.92871,20.1016,22.7598
LLAMA,2,77,2/28/2024 17:46,9,5,6144,1801,4270,25.19,65,31.2207,4.16797,6.9502,20.1016,22.7812
LLAMA,2,78,2/28/2024 17:46,15,8,6144,1801,4270,25.32,66,31.2207,4.16602,6.95215,20.1016,22.7832
LLAMA,2,79,2/28/2024 17:46,0,0,6144,1801,4270,49.67,66,31.2207,4.19238,6.92578,20.1016,22.7578
LLAMA,2,80,2/28/2024 17:46,15,8,6144,1801,4270,25.18,66,31.2207,4.19629,6.92188,20.1016,22.7529
LLAMA,2,81,2/28/2024 17:46,0,0,6144,1801,4270,25.19,66,31.2207,4.17676,6.94238,20.1016,22.7734
LLAMA,2,82,2/28/2024 17:46,15,8,6144,1801,4270,27.13,66,31.2207,4.1748,6.94336,20.1016,22.7744
LLAMA,2,83,2/28/2024 17:46,7,4,6144,1801,4270,26.82,66,31.2207,4.19336,6.92578,20.1016,22.7568
LLAMA,2,84,2/28/2024 17:46,15,8,6144,1801,4270,25.18,66,31.2207,4.18848,6.93066,20.1016,22.7617
LLAMA,2,85,2/28/2024 17:46,15,8,6144,1801,4270,27.30,66,31.2207,4.1709,6.94727,20.1016,22.7783
LLAMA,2,86,2/28/2024 17:46,15,8,6144,1801,4270,25.20,66,31.2207,4.17578,6.94238,20.1016,22.7734
LLAMA,2,87,2/28/2024 17:46,15,8,6144,1801,4270,25.17,66,31.2207,4.19238,6.92578,20.1016,22.7578
LLAMA,2,88,2/28/2024 17:46,2,1,6144,1801,4270,25.78,66,31.2207,4.19238,6.92578,20.1016,22.7578
LLAMA,2,89,2/28/2024 17:46,15,8,6144,1801,4270,32.99,66,31.2207,4.19727,6.9209,20.1016,22.7529
LLAMA,2,90,2/28/2024 17:46,15,8,6144,1801,4270,27.24,66,31.2207,4.17383,6.94434,20.1016,22.7754
LLAMA,2,91,2/28/2024 17:46,15,8,6144,1801,4270,25.19,66,31.2207,4.18066,6.9375,20.1016,22.7686
LLAMA,2,92,2/28/2024 17:46,15,8,6144,1801,4270,25.19,66,31.2207,4.17383,6.94434,20.1016,22.7754
LLAMA,2,93,2/28/2024 17:46,15,8,6144,1801,4270,36.05,66,31.2207,4.17188,6.94629,20.1016,22.7773
LLAMA,2,94,2/28/2024 17:46,15,8,6144,1801,4270,25.17,66,31.2207,4.19238,6.92578,20.1016,22.7568
LLAMA,2,95,2/28/2024 17:46,15,8,6144,1801,4270,25.18,66,31.2207,4.18066,6.9375,20.1016,22.7695
LLAMA,2,96,2/28/2024 17:47,0,0,6144,1801,4270,26.23,66,31.2207,4.19141,6.92676,20.1016,22.7588
LLAMA,2,97,2/28/2024 17:47,15,8,6144,1801,4270,46.69,66,31.2207,4.17773,6.94043,20.1016,22.7715
LLAMA,2,98,2/28/2024 17:47,8,4,6144,1801,4270,25.20,66,31.2207,4.18359,6.93457,20.1016,22.7666
LLAMA,2,99,2/28/2024 17:47,15,8,6144,1801,4270,25.21,66,31.2207,4.17676,6.94141,20.1016,22.7734
LLAMA,2,100,2/28/2024 17:47,0,0,6144,1801,4270,28.65,66,31.2207,4.1748,6.94336,20.1016,22.7754
LLAMA,2,101,2/28/2024 17:47,0,0,6144,1801,4270,25.51,67,31.2207,4.18262,6.93555,20.1016,22.7666
LLAMA,2,102,2/28/2024 17:47,15,8,6144,1801,4270,25.18,66,31.2207,4.19434,6.92383,20.1016,22.7549
LLAMA,2,103,2/28/2024 17:47,15,8,6144,1801,4270,25.34,67,31.2207,4.18262,6.93555,20.1016,22.7666
LLAMA,2,104,2/28/2024 17:47,0,0,6144,1801,4270,27.63,66,31.2207,4.18457,6.93457,20.1016,22.7656
LLAMA,2,105,2/28/2024 17:47,5,3,6144,1801,4270,25.16,67,31.2207,4.17676,6.94141,20.1016,22.7725
LLAMA,2,106,2/28/2024 17:47,15,8,6144,1801,4270,25.78,67,31.2207,4.18359,6.93555,20.1016,22.7666
LLAMA,2,107,2/28/2024 17:47,0,0,6144,1801,4270,47.53,66,31.2207,4.17285,6.94531,20.1016,22.7764
LLAMA,2,108,2/28/2024 17:47,15,8,6144,1801,4270,25.17,67,31.2207,4.2002,6.91797,20.1016,22.749
LLAMA,2,109,2/28/2024 17:47,0,0,6144,1801,4270,25.17,67,31.2207,4.17676,6.94141,20.1016,22.7725
LLAMA,2,110,2/28/2024 17:47,15,8,6144,1801,4270,25.66,67,31.2207,4.18066,6.9375,20.1016,22.7686
LLAMA,2,111,2/28/2024 17:47,15,8,6144,1801,4270,25.19,67,31.2207,4.18457,6.93359,20.1016,22.7646
LLAMA,2,112,2/28/2024 17:47,0,0,6144,1801,4270,25.49,67,31.2207,4.2002,6.91797,20.1016,22.749
LLAMA,2,113,2/28/2024 17:47,15,8,6144,1801,4270,31.63,67,31.2207,4.19043,6.92773,20.1016,22.7588
LLAMA,2,114,2/28/2024 17:47,15,8,6144,1801,4270,25.18,67,31.2207,4.19043,6.92773,20.1016,22.7598
LLAMA,2,115,2/28/2024 17:47,15,8,6144,1801,4270,25.31,67,31.2207,4.18262,6.93555,20.1016,22.7666
LLAMA,2,116,2/28/2024 17:47,15,8,6144,1801,4270,27.11,67,31.2207,4.17773,6.94043,20.1016,22.7715
LLAMA,2,117,2/28/2024 17:47,15,8,6144,1801,4270,25.16,67,31.2207,4.17383,6.94434,20.1016,22.7754
LLAMA,2,118,2/28/2024 17:47,15,8,6144,1801,4270,26.06,67,31.2207,4.19141,6.92676,20.1016,22.7578
LLAMA,2,119,2/28/2024 17:47,15,8,6144,1801,4270,25.16,67,31.2207,4.18066,6.9375,20.1016,22.7686
LLAMA,2,120,2/28/2024 17:47,15,8,6144,1801,4270,25.18,67,31.2207,4.17676,6.94141,20.1016,22.7725
LLAMA,2,121,2/28/2024 17:47,15,8,6144,1801,4270,25.35,67,31.2207,4.18555,6.93262,20.1016,22.7646
LLAMA,2,122,2/28/2024 17:47,0,0,6144,1801,4270,38.50,67,31.2207,4.17676,6.94141,20.1016,22.7725
LLAMA,2,123,2/28/2024 17:47,15,8,6144,1801,4270,25.33,67,31.2207,4.19824,6.91992,20.1016,22.752
LLAMA,2,124,2/28/2024 17:47,10,5,6144,1801,4270,38.50,67,31.2207,4.19141,6.92578,20.1016,22.7578
LLAMA,2,125,2/28/2024 17:47,15,8,6144,1801,4270,25.18,67,31.2207,4.19824,6.91992,20.1016,22.751
LLAMA,2,126,2/28/2024 17:47,15,8,6144,1801,4270,25.46,67,31.2207,4.18848,6.92969,20.1016,22.7607
LLAMA,2,127,2/28/2024 17:47,11,6,6144,1801,4270,32.14,67,31.2207,4.18262,6.93555,20.1016,22.7676
LLAMA,2,128,2/28/2024 17:47,15,8,6144,1801,4270,25.34,67,31.2207,4.18652,6.93164,20.1016,22.7637
LLAMA,2,129,2/28/2024 17:47,15,8,6144,1801,4270,25.92,67,31.2207,4.19336,6.9248,20.1016,22.7568
LLAMA,2,130,2/28/2024 17:47,8,4,6144,1801,4270,48.93,67,31.2207,4.17773,6.94043,20.1016,22.7725
LLAMA,2,131,2/28/2024 17:47,15,8,6144,1801,4270,25.33,67,31.2207,4.18066,6.9375,20.1016,22.7695
LLAMA,2,132,2/28/2024 17:47,16,8,6144,1801,4270,48.21,67,31.2207,4.17871,6.93945,20.1016,22.7715
LLAMA,2,133,2/28/2024 17:47,0,0,6144,1801,4270,25.31,67,31.2207,4.18555,6.93164,20.1016,22.7637
LLAMA,2,134,2/28/2024 17:47,16,8,6144,1801,4270,26.06,67,31.2207,4.17773,6.94043,20.1016,22.7715
LLAMA,2,135,2/28/2024 17:47,13,7,6144,1801,4270,25.17,67,31.2207,4.17578,6.94238,20.1016,22.7734
LLAMA,2,136,2/28/2024 17:47,16,8,6144,1801,4270,25.33,67,31.2207,4.18262,6.93555,20.1016,22.7666
LLAMA,2,137,2/28/2024 17:47,12,6,6144,1801,4270,25.46,67,31.2207,4.19727,6.9209,20.1016,22.752
LLAMA,2,138,2/28/2024 17:47,4,2,6144,1801,4270,25.33,67,31.2207,4.19727,6.91992,20.1016,22.752
LLAMA,2,139,2/28/2024 17:47,0,0,6144,1801,4270,30.25,67,31.2207,4.17578,6.94238,20.1016,22.7744
LLAMA,2,140,2/28/2024 17:47,16,8,6144,1801,4270,25.32,67,31.2207,4.15527,6.96289,20.1016,22.7949
LLAMA,2,141,2/28/2024 17:47,16,8,6144,1801,4270,25.47,67,31.2207,4.16016,6.95801,20.1016,22.79
LLAMA,2,142,2/28/2024 17:47,0,0,6144,1801,4270,30.50,67,31.2207,4.16797,6.9502,20.1016,22.7822
LLAMA,2,143,2/28/2024 17:47,0,0,6144,1801,4270,26.24,67,31.2207,4.16016,6.95801,20.1016,22.7891
LLAMA,2,144,2/28/2024 17:47,16,8,6144,1801,4270,25.21,67,31.2207,4.16602,6.95215,20.1016,22.7832
LLAMA,2,145,2/28/2024 17:47,9,5,6144,1801,4270,25.46,67,31.2207,4.16406,6.9541,20.1016,22.7852
LLAMA,2,146,2/28/2024 17:47,0,0,6144,1801,4270,25.31,67,31.2207,4.16504,6.95312,20.1016,22.7842
LLAMA,2,147,2/28/2024 17:47,16,8,6144,1801,4270,25.33,68,31.2207,4.16113,6.95703,20.1016,22.7881
LLAMA,2,148,2/28/2024 17:47,16,8,6144,1801,4270,34.69,68,31.2207,4.1543,6.96387,20.1016,22.7949
LLAMA,2,149,2/28/2024 17:47,16,8,6144,1801,4270,25.33,67,31.2207,4.1748,6.94238,20.1016,22.7744
LLAMA,2,150,2/28/2024 17:47,16,8,6144,1801,4270,25.31,67,31.2207,4.17871,6.93945,20.1016,22.7705
LLAMA,2,151,2/28/2024 17:47,16,8,6144,1801,4270,25.34,67,31.2207,4.1875,6.93066,20.1016,22.7627
LLAMA,2,152,2/28/2024 17:47,1,0,6144,1801,4270,25.33,68,31.2207,4.1709,6.94727,20.1016,22.7783
LLAMA,2,153,2/28/2024 17:47,16,8,6144,1801,4270,49.71,67,31.2207,4.17676,6.94141,20.1016,22.7734
LLAMA,2,154,2/28/2024 17:48,16,8,6144,1801,4270,25.46,68,31.2207,4.1748,6.94336,20.1016,22.7744
LLAMA,2,155,2/28/2024 17:48,16,8,6144,1801,4270,25.33,68,31.2207,4.17285,6.94531,20.1016,22.7773
LLAMA,2,156,2/28/2024 17:48,15,8,6144,1801,4270,25.32,68,31.2207,4.16699,6.95117,20.1016,22.7822
LLAMA,2,157,2/28/2024 17:48,16,8,6144,1801,4270,51.26,67,31.2207,4.1582,6.95996,20.1016,22.791
LLAMA,2,158,2/28/2024 17:48,16,8,6144,1801,4270,25.34,68,31.2207,4.17383,6.94434,20.1016,22.7764
LLAMA,2,159,2/28/2024 17:48,0,0,6144,1801,4270,30.27,68,31.2207,4.16699,6.95117,20.1016,22.7822
LLAMA,2,160,2/28/2024 17:48,0,0,6144,1801,4270,25.31,68,31.2207,4.16406,6.95312,20.1016,22.7852
LLAMA,2,161,2/28/2024 17:48,16,8,6144,1801,4270,32.46,68,31.2207,4.17578,6.94141,20.1016,22.7734
LLAMA,2,162,2/28/2024 17:48,16,8,6144,1801,4270,25.33,68,31.2207,4.19434,6.92285,20.1016,22.7549
LLAMA,2,163,2/28/2024 17:48,16,8,6144,1801,4270,46.41,68,31.2207,4.19629,6.92188,20.1016,22.7539
LLAMA,2,164,2/28/2024 17:48,0,0,6144,1801,4270,25.47,68,31.2207,4.18652,6.93164,20.1016,22.7637
LLAMA,2,165,2/28/2024 17:48,16,8,6144,1801,4270,25.32,68,31.2207,4.17871,6.93945,20.1016,22.7705
LLAMA,2,166,2/28/2024 17:48,16,8,6144,1801,4270,25.37,68,31.2207,4.19141,6.92676,20.1016,22.7588
LLAMA,2,167,2/28/2024 17:48,6,3,6144,1801,4270,25.50,68,31.2207,4.18359,6.91992,20.1162,22.751
LLAMA,2,168,2/28/2024 17:48,0,0,6144,1801,4270,25.34,68,31.2207,4.1875,6.91895,20.1133,22.75
LLAMA,2,169,2/28/2024 17:48,0,0,6144,1801,4270,25.36,68,31.2207,4.17383,6.93262,20.1143,22.7637
LLAMA,2,170,2/28/2024 17:48,0,0,6144,1801,4270,33.33,68,31.2207,4.19336,6.91211,20.1143,22.7441
LLAMA,2,171,2/28/2024 17:48,0,0,6144,3599,2472,27.11,68,31.2207,4.13281,8.73828,18.3496,24.5664
LLAMA,3,0,2/28/2024 17:52,0,0,6144,6065,6,4.17,49,31.2207,3.9375,10.3145,16.9678,26.1406
LLAMA,3,1,2/28/2024 17:52,0,0,6144,5989,82,23.94,50,31.2207,4.13281,10.1064,16.9805,25.9336
LLAMA,3,2,2/28/2024 17:52,0,0,6144,3971,2100,33.46,50,31.2207,4.1543,8.70312,18.3623,24.5322
LLAMA,3,3,2/28/2024 17:52,33,8,6144,3971,2100,25.33,50,31.2207,4.14844,7.16699,19.9053,23
LLAMA,3,4,2/28/2024 17:52,0,0,6144,4613,1458,23.99,50,31.2207,4.12109,9.00586,18.0928,24.835
LLAMA,3,5,2/28/2024 17:52,0,0,6144,2175,3896,24.01,51,31.2207,4.16699,6.94238,20.1104,22.7764
LLAMA,3,6,2/28/2024 17:52,79,15,6144,1801,4270,31.93,53,31.2207,4.17578,6.93164,20.1123,22.7656
LLAMA,3,7,2/28/2024 17:52,67,15,6144,1801,4270,48.57,53,31.2207,4.17969,6.92773,20.1133,22.7617
LLAMA,3,8,2/28/2024 17:52,81,16,6144,1801,4270,61.66,54,31.2207,4.18555,6.92773,20.1074,22.7617
LLAMA,3,9,2/28/2024 17:52,41,8,6144,1801,4270,49.29,55,31.2207,4.18457,6.92773,20.1074,22.7617
LLAMA,3,10,2/28/2024 17:52,72,14,6144,1801,4270,57.83,55,31.2207,4.20898,6.9043,20.1074,22.7383
LLAMA,3,11,2/28/2024 17:52,68,14,6144,1801,4270,48.35,55,31.2207,4.20117,6.91211,20.1074,22.7451
LLAMA,3,12,2/28/2024 17:52,45,8,6144,1801,4270,63.90,56,31.2207,4.1875,6.9248,20.1064,22.7588
LLAMA,3,13,2/28/2024 17:52,32,6,6144,1801,4270,43.73,56,31.2207,4.17773,6.93457,20.1064,22.7686
LLAMA,3,14,2/28/2024 17:52,83,15,6144,1801,4270,75.85,57,31.2207,4.18652,6.92578,20.1064,22.7598
LLAMA,3,15,2/28/2024 17:52,100,31,6144,1801,4270,77.24,58,31.2207,4.19629,6.91602,20.1064,22.75
LLAMA,3,16,2/28/2024 17:52,45,10,6144,1801,4270,31.92,57,31.2207,4.19629,6.91602,20.1064,22.75
LLAMA,3,17,2/28/2024 17:52,13,8,6144,1801,4270,27.38,57,31.2207,4.18164,6.93066,20.1064,22.7646
LLAMA,3,18,2/28/2024 17:52,13,8,6144,1801,4270,27.25,57,31.2207,4.20215,6.91016,20.1064,22.7441
LLAMA,3,19,2/28/2024 17:52,7,4,6144,1801,4270,27.83,57,31.2207,4.2002,6.91309,20.1064,22.7471
LLAMA,3,20,2/28/2024 17:52,13,8,6144,1801,4270,27.25,57,31.2207,4.20508,6.9082,20.1064,22.7422
LLAMA,3,21,2/28/2024 17:52,13,8,6144,1801,4270,41.77,57,31.2207,4.18164,6.93164,20.1064,22.7646
LLAMA,3,22,2/28/2024 17:52,13,8,6144,1801,4270,27.26,57,31.2207,4.1875,6.9248,20.1064,22.7588
LLAMA,3,23,2/28/2024 17:52,13,8,6144,1801,4270,41.04,58,31.2207,4.19531,6.92285,20.1016,22.7568
LLAMA,3,24,2/28/2024 17:52,13,8,6144,1801,4270,33.53,58,31.2207,4.16992,6.94824,20.1016,22.7822
LLAMA,3,25,2/28/2024 17:52,5,3,6144,1801,4270,27.39,58,31.2207,4.17676,6.94141,20.1016,22.7744
LLAMA,3,26,2/28/2024 17:52,13,8,6144,1801,4270,27.40,58,31.2207,4.18457,6.93359,20.1016,22.7676
LLAMA,3,27,2/28/2024 17:52,13,8,6144,1801,4270,27.39,58,31.2207,4.16992,6.94824,20.1016,22.7812
LLAMA,3,28,2/28/2024 17:52,4,2,6144,1801,4270,28.73,59,31.2207,4.17676,6.94141,20.1016,22.7754
LLAMA,3,29,2/28/2024 17:52,13,8,6144,1801,4270,27.40,58,31.2207,4.17578,6.94238,20.1016,22.7764
LLAMA,3,30,2/28/2024 17:52,13,8,6144,1801,4270,32.97,59,31.2207,4.17188,6.94629,20.1016,22.7803
LLAMA,3,31,2/28/2024 17:52,13,8,6144,1801,4270,27.49,59,31.2207,4.18555,6.93262,20.1016,22.7656
LLAMA,3,32,2/28/2024 17:52,13,8,6144,1801,4270,27.56,59,31.2207,4.17383,6.94336,20.1016,22.7773
LLAMA,3,33,2/28/2024 17:52,13,8,6144,1801,4270,41.92,59,31.2207,4.17188,6.94629,20.1016,22.7793
LLAMA,3,34,2/28/2024 17:52,13,8,6144,1801,4270,27.54,59,31.2207,4.17285,6.94531,20.1016,22.7793
LLAMA,3,35,2/28/2024 17:52,13,8,6144,1801,4270,37.22,59,31.2207,4.18848,6.92871,20.1016,22.7627
LLAMA,3,36,2/28/2024 17:52,10,6,6144,1801,4270,29.02,60,31.2207,4.1875,6.93066,20.1016,22.7646
LLAMA,3,37,2/28/2024 17:52,13,8,6144,1801,4270,27.54,60,31.2207,4.1875,6.93066,20.1016,22.7646
LLAMA,3,38,2/28/2024 17:53,13,8,6144,1801,4270,55.37,60,31.2207,4.17773,6.94043,20.1016,22.7734
LLAMA,3,39,2/28/2024 17:53,0,0,6144,1801,4270,60.02,60,31.2207,4.16992,6.94824,20.1016,22.7822
LLAMA,3,40,2/28/2024 17:53,13,8,6144,1801,4270,27.66,60,31.2207,4.17871,6.93848,20.1016,22.7725
LLAMA,3,41,2/28/2024 17:53,13,8,6144,1801,4270,27.56,60,31.2207,4.19141,6.92676,20.1016,22.7607
LLAMA,3,42,2/28/2024 17:53,13,8,6144,1801,4270,49.99,60,31.2207,4.18555,6.93262,20.1016,22.7666
LLAMA,3,43,2/28/2024 17:53,13,8,6144,1801,4270,28.91,61,31.2207,4.16992,6.94727,20.1016,22.7812
LLAMA,3,44,2/28/2024 17:53,13,8,6144,1801,4270,28.11,61,31.2207,4.19238,6.9248,20.1016,22.7588
LLAMA,3,45,2/28/2024 17:53,13,8,6144,1801,4270,27.69,61,31.2207,4.19531,6.92188,20.1016,22.7559
LLAMA,3,46,2/28/2024 17:53,13,8,6144,1801,4270,33.98,61,31.2207,4.19336,6.92383,20.1016,22.7578
LLAMA,3,47,2/28/2024 17:53,13,8,6144,1801,4270,45.99,61,31.2207,4.18652,6.93164,20.1016,22.7656
LLAMA,3,48,2/28/2024 17:53,13,8,6144,1801,4270,27.82,61,31.2207,4.19434,6.92383,20.1016,22.7578
LLAMA,3,49,2/28/2024 17:53,13,8,6144,1801,4270,27.69,61,31.2207,4.19238,6.92578,20.1016,22.7598
LLAMA,3,50,2/28/2024 17:53,15,8,6144,1801,4270,24.73,61,31.2207,4.20605,6.91113,20.1016,22.7451
LLAMA,3,51,2/28/2024 17:53,15,8,6144,1801,4270,24.75,61,31.2207,4.20898,6.9082,20.1016,22.7422
LLAMA,3,52,2/28/2024 17:53,10,5,6144,1801,4270,34.57,61,31.2207,4.21484,6.90234,20.1016,22.7363
LLAMA,3,53,2/28/2024 17:53,15,8,6144,1801,4270,24.73,61,31.2207,4.20801,6.90918,20.1016,22.7432
LLAMA,3,54,2/28/2024 17:53,11,6,6144,1801,4270,24.73,61,31.2207,4.19824,6.91992,20.1016,22.7539
LLAMA,3,55,2/28/2024 17:53,1,0,6144,1801,4270,24.73,61,31.2207,4.20508,6.91309,20.1016,22.7471
LLAMA,3,56,2/28/2024 17:53,3,2,6144,1801,4270,50.67,61,31.2207,4.2041,6.91406,20.1016,22.7471
LLAMA,3,57,2/28/2024 17:53,15,8,6144,1801,4270,25.03,61,31.2207,4.20898,6.9082,20.1016,22.7422
LLAMA,3,58,2/28/2024 17:53,15,8,6144,1801,4270,24.73,61,31.2207,4.2041,6.91309,20.1016,22.7471
LLAMA,3,59,2/28/2024 17:53,15,8,6144,1801,4270,24.73,61,31.2207,4.19141,6.92578,20.1016,22.7598
LLAMA,3,60,2/28/2024 17:53,15,8,6144,1801,4270,27.13,62,31.2207,4.19531,6.92285,20.1016,22.7568
LLAMA,3,61,2/28/2024 17:53,14,7,6144,1801,4270,25.01,61,31.2207,4.20703,6.91113,20.1016,22.7451
LLAMA,3,62,2/28/2024 17:53,15,8,6144,1801,4270,24.73,62,31.2207,4.19922,6.91895,20.1016,22.752
LLAMA,3,63,2/28/2024 17:53,6,3,6144,1801,4270,24.73,62,31.2207,4.1875,6.93066,20.1016,22.7646
LLAMA,3,64,2/28/2024 17:53,5,2,6144,1801,4270,42.50,62,31.2207,4.19629,6.92188,20.1016,22.7559
LLAMA,3,65,2/28/2024 17:53,6,3,6144,1801,4270,25.78,62,31.2207,4.20117,6.91602,20.1016,22.75
LLAMA,3,66,2/28/2024 17:53,15,8,6144,1801,4270,24.88,62,31.2207,4.19922,6.91797,20.1016,22.752
LLAMA,3,67,2/28/2024 17:53,15,8,6144,1801,4270,24.73,62,31.2207,4.20703,6.91113,20.1016,22.7451
LLAMA,3,68,2/28/2024 17:53,14,8,6144,1801,4270,37.69,62,31.2207,4.20605,6.91113,20.1016,22.7451
LLAMA,3,69,2/28/2024 17:53,15,8,6144,1801,4270,25.17,62,31.2207,4.20703,6.91113,20.1016,22.7441
LLAMA,3,70,2/28/2024 17:53,15,8,6144,1801,4270,24.88,62,31.2207,4.18945,6.92871,20.1016,22.7627
LLAMA,3,71,2/28/2024 17:53,15,8,6144,1801,4270,24.88,62,31.2207,4.19336,6.9248,20.1016,22.7588
LLAMA,3,72,2/28/2024 17:53,15,8,6144,1801,4270,28.48,62,31.2207,4.20312,6.91504,20.1025,22.749
LLAMA,3,73,2/28/2024 17:53,15,8,6144,1801,4270,25.06,62,31.2207,4.19727,6.9209,20.1025,22.7549
LLAMA,3,74,2/28/2024 17:53,15,8,6144,1801,4270,24.89,62,31.2207,4.20215,6.91504,20.1025,22.749
LLAMA,3,75,2/28/2024 17:53,3,2,6144,1801,4270,24.90,62,31.2207,4.20312,6.91406,20.1025,22.748
LLAMA,3,76,2/28/2024 17:53,0,0,6144,1801,4270,24.85,62,31.2207,4.21191,6.90527,20.1025,22.7393
LLAMA,3,77,2/28/2024 17:53,0,0,6144,1801,4270,42.59,62,31.2207,4.21582,6.90234,20.1025,22.7363
LLAMA,3,78,2/28/2024 17:53,15,8,6144,1801,4270,35.98,62,31.2207,4.21387,6.90332,20.1025,22.7373
LLAMA,3,79,2/28/2024 17:53,15,8,6144,1801,4270,26.08,63,31.2207,4.18555,6.93262,20.1025,22.7656
LLAMA,3,80,2/28/2024 17:53,15,8,6144,1801,4270,24.91,63,31.2207,4.18164,6.93652,20.1025,22.7705
LLAMA,3,81,2/28/2024 17:53,15,8,6144,1801,4270,24.87,63,31.2207,4.16895,6.94824,20.1025,22.7822
LLAMA,3,82,2/28/2024 17:53,15,8,6144,1801,4270,24.88,63,31.2207,4.16406,6.95312,20.1025,22.7871
LLAMA,3,83,2/28/2024 17:53,15,8,6144,1801,4270,43.22,63,31.2207,4.17676,6.94141,20.1025,22.7744
LLAMA,3,84,2/28/2024 17:53,15,8,6144,1801,4270,30.58,63,31.2207,4.17773,6.94043,20.1025,22.7744
LLAMA,3,85,2/28/2024 17:53,15,8,6144,1801,4270,25.32,63,31.2207,4.1709,6.94629,20.1025,22.7803
LLAMA,3,86,2/28/2024 17:53,3,1,6144,1801,4270,25.92,63,31.2207,4.18848,6.92969,20.1025,22.7637
LLAMA,3,87,2/28/2024 17:53,2,1,6144,1801,4270,25.02,63,31.2207,4.19043,6.92676,20.1025,22.7607
LLAMA,3,88,2/28/2024 17:53,4,2,6144,1801,4270,24.87,63,31.2207,4.18359,6.93359,20.1025,22.7676
LLAMA,3,89,2/28/2024 17:53,9,5,6144,1801,4270,24.87,63,31.2207,4.18066,6.9375,20.1025,22.7705
LLAMA,3,90,2/28/2024 17:53,15,8,6144,1801,4270,24.87,63,31.2207,4.18359,6.93457,20.1025,22.7686
LLAMA,3,91,2/28/2024 17:53,15,8,6144,1801,4270,37.92,63,31.2207,4.18359,6.93359,20.1025,22.7676
LLAMA,3,92,2/28/2024 17:53,15,8,6144,1801,4270,41.79,63,31.2207,4.1748,6.94238,20.1025,22.7764
LLAMA,3,93,2/28/2024 17:53,15,8,6144,1801,4270,34.24,63,31.2207,4.17578,6.94238,20.1025,22.7764
LLAMA,3,94,2/28/2024 17:53,6,3,6144,1801,4270,40.63,63,31.2207,4.19434,6.92285,20.1025,22.7568
LLAMA,3,95,2/28/2024 17:53,15,8,6144,1801,4270,34.38,64,31.2207,4.17676,6.94043,20.1025,22.7744
LLAMA,3,96,2/28/2024 17:54,15,8,6144,1801,4270,25.14,64,31.2207,4.1709,6.94629,20.1025,22.7803
LLAMA,3,97,2/28/2024 17:54,13,7,6144,1801,4270,24.89,64,31.2207,4.18164,6.93555,20.1025,22.7695
LLAMA,3,98,2/28/2024 17:54,15,8,6144,1801,4270,25.01,63,31.2207,4.18457,6.93262,20.1025,22.7666
LLAMA,3,99,2/28/2024 17:54,15,8,6144,1801,4270,25.02,64,31.2207,4.17773,6.94043,20.1025,22.7744
LLAMA,3,100,2/28/2024 17:54,15,8,6144,1801,4270,24.87,64,31.2207,4.17285,6.94434,20.1025,22.7783
LLAMA,3,101,2/28/2024 17:54,15,8,6144,1801,4270,24.85,64,31.2207,4.17676,6.94043,20.1025,22.7744
LLAMA,3,102,2/28/2024 17:54,11,6,6144,1801,4270,39.66,64,31.2207,4.17969,6.9375,20.1025,22.7715
LLAMA,3,103,2/28/2024 17:54,12,6,6144,1801,4270,29.51,64,31.2207,4.16699,6.9502,20.1025,22.7842
LLAMA,3,104,2/28/2024 17:54,15,8,6144,1801,4270,24.91,64,31.2207,4.16504,6.95215,20.1025,22.7861
LLAMA,3,105,2/28/2024 17:54,15,8,6144,1801,4270,24.88,64,31.2207,4.1748,6.94238,20.1025,22.7764
LLAMA,3,106,2/28/2024 17:54,10,5,6144,1801,4270,25.02,64,31.2207,4.16699,6.9502,20.1025,22.7842
LLAMA,3,107,2/28/2024 17:54,15,8,6144,1801,4270,48.93,64,31.2207,4.16699,6.95117,20.1025,22.7852
LLAMA,3,108,2/28/2024 17:54,15,8,6144,1801,4270,47.62,64,31.2207,4.17188,6.94531,20.1025,22.7793
LLAMA,3,109,2/28/2024 17:54,15,8,6144,1801,4270,25.04,64,31.2207,4.19629,6.92188,20.1025,22.7559
LLAMA,3,110,2/28/2024 17:54,15,8,6144,1801,4270,25.02,64,31.2207,4.21387,6.9043,20.1025,22.7383
LLAMA,3,111,2/28/2024 17:54,15,8,6144,1801,4270,25.03,64,31.2207,4.21191,6.90625,20.1025,22.7402
LLAMA,3,112,2/28/2024 17:54,15,8,6144,1801,4270,25.03,64,31.2207,4.20312,6.91406,20.1025,22.748
LLAMA,3,113,2/28/2024 17:54,14,7,6144,1801,4270,25.02,64,31.2207,4.20508,6.91211,20.1025,22.7461
LLAMA,3,114,2/28/2024 17:54,15,8,6144,1801,4270,24.86,64,31.2207,4.20508,6.91211,20.1025,22.7461
LLAMA,3,115,2/28/2024 17:54,15,8,6144,1801,4270,25.04,64,31.2207,4.22559,6.89258,20.1025,22.7266
LLAMA,3,116,2/28/2024 17:54,15,8,6144,1801,4270,25.03,64,31.2207,4.21582,6.90137,20.1025,22.7354
LLAMA,3,117,2/28/2024 17:54,13,7,6144,1801,4270,25.03,64,31.2207,4.21582,6.90234,20.1025,22.7363
LLAMA,3,118,2/28/2024 17:54,16,8,6144,1801,4270,25.02,64,31.2207,4.22168,6.89551,20.1025,22.7295
LLAMA,3,119,2/28/2024 17:54,15,8,6144,1801,4270,24.88,64,31.2207,4.21289,6.90527,20.1025,22.7393
LLAMA,3,120,2/28/2024 17:54,1,0,6144,1801,4270,25.18,64,31.2207,4.20605,6.91211,20.1025,22.7461
LLAMA,3,121,2/28/2024 17:54,15,8,6144,1801,4270,38.00,64,31.2207,4.2002,6.91699,20.1025,22.751
LLAMA,3,122,2/28/2024 17:54,15,8,6144,1801,4270,30.56,64,31.2207,4.19531,6.92188,20.1025,22.7559
LLAMA,3,123,2/28/2024 17:54,0,0,6144,1801,4270,47.00,64,31.2207,4.19531,6.92188,20.1025,22.7559
LLAMA,3,124,2/28/2024 17:54,8,4,6144,1801,4270,31.43,64,31.2207,4.19824,6.91895,20.1025,22.7529
LLAMA,3,125,2/28/2024 17:54,16,8,6144,1801,4270,42.76,64,31.2207,4.22363,6.89355,20.1025,22.7275
LLAMA,3,126,2/28/2024 17:54,16,8,6144,1801,4270,52.72,64,31.2207,4.21191,6.90625,20.1025,22.7402
LLAMA,3,127,2/28/2024 17:54,13,7,6144,1801,4270,25.02,64,31.2207,4.22363,6.89355,20.1025,22.7275
LLAMA,3,128,2/28/2024 17:54,16,8,6144,1801,4270,33.02,64,31.2207,4.20508,6.91211,20.1025,22.7461
LLAMA,3,129,2/28/2024 17:54,16,8,6144,1801,4270,25.01,64,31.2207,4.21875,6.89844,20.1025,22.7324
LLAMA,3,130,2/28/2024 17:54,16,8,6144,1801,4270,25.01,64,31.2207,4.2168,6.90039,20.1025,22.7344
LLAMA,3,131,2/28/2024 17:54,4,2,6144,1801,4270,25.03,64,31.2207,4.21484,6.90234,20.1025,22.7363
LLAMA,3,132,2/28/2024 17:54,16,8,6144,1801,4270,25.02,64,31.2207,4.21094,6.90625,20.1025,22.7402
LLAMA,3,133,2/28/2024 17:54,16,8,6144,1801,4270,25.02,65,31.2207,4.20996,6.90723,20.1025,22.7412
LLAMA,3,134,2/28/2024 17:54,2,1,6144,1801,4270,25.02,65,31.2207,4.2207,6.89648,20.1025,22.7305
LLAMA,3,135,2/28/2024 17:54,16,8,6144,1801,4270,25.04,64,31.2207,4.20996,6.90723,20.1025,22.7412
LLAMA,3,136,2/28/2024 17:54,16,8,6144,1801,4270,25.03,65,31.2207,4.19336,6.92383,20.1025,22.7578
LLAMA,3,137,2/28/2024 17:54,16,8,6144,1801,4270,25.02,65,31.2207,4.19629,6.9209,20.1025,22.7549
LLAMA,3,138,2/28/2024 17:54,16,8,6144,1801,4270,27.18,65,31.2207,4.20703,6.91113,20.1025,22.7451
LLAMA,3,139,2/28/2024 17:54,0,0,6144,1801,4270,41.57,65,31.2207,4.2168,6.90039,20.1025,22.7344
LLAMA,3,140,2/28/2024 17:54,16,8,6144,1801,4270,25.00,65,31.2207,4.20605,6.91113,20.1025,22.7451
LLAMA,3,141,2/28/2024 17:54,16,8,6144,1801,4270,25.01,65,31.2207,4.21875,6.89844,20.1025,22.7324
LLAMA,3,142,2/28/2024 17:54,0,0,6144,1801,4270,25.01,65,31.2207,4.21582,6.90137,20.1025,22.7354
LLAMA,3,143,2/28/2024 17:54,16,8,6144,1801,4270,25.17,65,31.2207,4.21875,6.89941,20.1025,22.7334
LLAMA,3,144,2/28/2024 17:54,16,8,6144,1801,4270,25.16,65,31.2207,4.20605,6.91113,20.1025,22.7451
LLAMA,3,145,2/28/2024 17:54,0,0,6144,1801,4270,25.64,65,31.2207,4.19531,6.92188,20.1025,22.7559
LLAMA,3,146,2/28/2024 17:54,16,8,6144,1801,4270,25.01,65,31.2207,4.19824,6.91895,20.1025,22.7529
LLAMA,3,147,2/28/2024 17:54,16,8,6144,1801,4270,25.03,65,31.2207,4.19922,6.91895,20.1025,22.7529
LLAMA,3,148,2/28/2024 17:54,0,0,6144,1801,4270,47.08,65,31.2207,4.19922,6.91895,20.1025,22.7529
LLAMA,3,149,2/28/2024 17:54,16,8,6144,1801,4270,25.01,65,31.2207,4.20703,6.91016,20.1025,22.7441
LLAMA,3,150,2/28/2024 17:54,16,8,6144,1801,4270,25.01,65,31.2207,4.21094,6.90625,20.1025,22.7402
LLAMA,3,151,2/28/2024 17:54,16,8,6144,1801,4270,25.03,65,31.2207,4.19629,6.92285,20.1016,22.7568
LLAMA,3,152,2/28/2024 17:54,16,8,6144,1801,4270,25.16,65,31.2207,4.2002,6.91797,20.1016,22.752
LLAMA,3,153,2/28/2024 17:55,3,2,6144,1801,4270,25.92,65,31.2207,4.2002,6.91797,20.1016,22.752
LLAMA,3,154,2/28/2024 17:55,16,8,6144,1801,4270,50.29,65,31.2207,4.20703,6.91113,20.1016,22.7451
LLAMA,3,155,2/28/2024 17:55,16,8,6144,1801,4270,25.02,65,31.2207,4.20703,6.91113,20.1016,22.7451
LLAMA,3,156,2/28/2024 17:55,16,8,6144,1801,4270,25.18,65,31.2207,4.19336,6.9248,20.1016,22.7588
LLAMA,3,157,2/28/2024 17:55,16,8,6144,1801,4270,38.13,65,31.2207,4.19336,6.92578,20.1016,22.7598
LLAMA,3,158,2/28/2024 17:55,16,8,6144,1801,4270,25.03,65,31.2207,4.21094,6.90723,20.1016,22.7412
LLAMA,3,159,2/28/2024 17:55,12,6,6144,1801,4270,25.01,65,31.2207,4.20996,6.9082,20.1016,22.7422
LLAMA,3,160,2/28/2024 17:55,5,3,6144,1801,4270,35.88,65,31.2207,4.19531,6.92285,20.1016,22.7568
LLAMA,3,161,2/28/2024 17:55,16,8,6144,1801,4270,39.97,65,31.2207,4.2041,6.91504,20.1016,22.749
LLAMA,3,162,2/28/2024 17:55,16,8,6144,1801,4270,25.02,65,31.2207,4.20996,6.90918,20.1016,22.7432
LLAMA,3,163,2/28/2024 17:55,13,7,6144,1801,4270,25.03,65,31.2207,4.19531,6.92383,20.1016,22.7578
LLAMA,3,164,2/28/2024 17:55,16,8,6144,1801,4270,25.32,65,31.2207,4.19727,6.9209,20.1016,22.7549
LLAMA,3,165,2/28/2024 17:55,0,0,6144,1801,4270,50.94,65,31.2207,4.2002,6.91797,20.1016,22.752
LLAMA,3,166,2/28/2024 17:55,16,8,6144,1801,4270,25.02,65,31.2207,4.2041,6.91406,20.1016,22.749
LLAMA,3,167,2/28/2024 17:55,1,0,6144,1801,4270,25.06,65,31.2207,4.19824,6.9209,20.1016,22.7549
LLAMA,3,168,2/28/2024 17:55,16,8,6144,1801,4270,27.14,65,31.2207,4.2041,6.91406,20.1016,22.748
LLAMA,3,169,2/28/2024 17:55,11,6,6144,1801,4270,30.21,65,31.2207,4.19727,6.9209,20.1016,22.7549
LLAMA,3,170,2/28/2024 17:55,16,8,6144,1801,4270,25.16,65,31.2207,4.21191,6.90625,20.1016,22.7402
LLAMA,3,171,2/28/2024 17:55,6,3,6144,1801,4270,25.30,65,31.2207,4.22266,6.89551,20.1016,22.7295
LLAMA,3,172,2/28/2024 17:55,3,2,6144,1801,4270,25.16,65,31.2207,4.2334,6.88477,20.1016,22.7188
LLAMA,3,173,2/28/2024 17:55,16,8,6144,1801,4270,25.17,65,31.2207,4.22559,6.89258,20.1016,22.7266
LLAMA,3,174,2/28/2024 17:55,0,0,6144,1801,4270,26.21,65,31.2207,4.20508,6.91309,20.1016,22.748
LLAMA,3,175,2/28/2024 17:55,16,8,6144,1801,4270,25.02,65,31.2207,4.21777,6.90039,20.1016,22.7344
LLAMA,3,176,2/28/2024 17:55,16,8,6144,1801,4270,25.17,65,31.2207,4.2002,6.91699,20.1016,22.752
LLAMA,3,177,2/28/2024 17:55,8,4,6144,1801,4270,28.35,65,31.2207,4.21484,6.90332,20.1016,22.7383
LLAMA,3,178,2/28/2024 17:55,16,8,6144,1801,4270,25.03,65,31.2207,4.21094,6.90625,20.1016,22.7412
LLAMA,3,179,2/28/2024 17:55,0,0,6144,1801,4270,25.16,65,31.2207,4.21875,6.89844,20.1016,22.7334
LLAMA,3,180,2/28/2024 17:55,16,8,6144,1801,4270,51.11,65,31.2207,4.21387,6.9043,20.1016,22.7383
LLAMA,3,181,2/28/2024 17:55,16,8,6144,1801,4270,25.18,66,31.2207,4.2207,6.89648,20.1016,22.7314
LLAMA,3,182,2/28/2024 17:55,16,8,6144,1801,4270,25.02,65,31.2207,4.22461,6.89258,20.1016,22.7275
LLAMA,3,183,2/28/2024 17:55,14,7,6144,1801,4270,31.03,66,31.2207,4.21289,6.9043,20.1016,22.7393
LLAMA,3,184,2/28/2024 17:55,9,5,6144,1801,4270,25.17,65,31.2207,4.21289,6.90527,20.1016,22.7393
LLAMA,3,185,2/28/2024 17:55,16,8,6144,1801,4270,25.17,66,31.2207,4.21875,6.89844,20.1016,22.7334
LLAMA,3,186,2/28/2024 17:55,1,1,6144,1801,4270,29.35,66,31.2207,4.22363,6.89355,20.1016,22.7285
LLAMA,3,187,2/28/2024 17:55,16,8,6144,1801,4270,25.16,66,31.2207,4.21094,6.90625,20.1016,22.7412
LLAMA,3,188,2/28/2024 17:55,16,8,6144,1801,4270,29.50,66,31.2207,4.22168,6.87695,20.1211,22.7305
LLAMA,3,189,2/28/2024 17:55,16,8,6144,1801,4270,25.15,66,31.2207,4.23145,6.83008,20.1582,22.7207
LLAMA,3,190,2/28/2024 17:55,16,8,6144,1801,4270,25.04,66,31.2207,4.2334,6.80957,20.1777,22.7188
LLAMA,3,191,2/28/2024 17:55,0,0,6144,1801,4270,25.61,66,31.2207,4.24219,6.7998,20.1777,22.71
LLAMA,3,192,2/28/2024 17:55,16,8,6144,1801,4270,45.58,65,31.2207,4.22168,6.82031,20.1777,22.7305
LLAMA,3,193,2/28/2024 17:55,16,8,6144,1801,4270,25.16,66,31.2207,4.22461,6.81738,20.1777,22.7275
LLAMA,3,194,2/28/2024 17:55,16,8,6144,1801,4270,25.17,66,31.2207,4.21973,6.82227,20.1777,22.7324
LLAMA,3,195,2/28/2024 17:55,16,8,6144,1801,4270,41.74,66,31.2207,4.21777,6.82422,20.1777,22.7344
LLAMA,3,196,2/28/2024 17:55,9,4,6144,1801,4270,25.18,66,31.2207,4.2002,6.8418,20.1777,22.752
LLAMA,3,197,2/28/2024 17:55,16,8,6144,1801,4270,25.33,66,31.2207,4.20215,6.83984,20.1777,22.75
LLAMA,3,198,2/28/2024 17:55,16,8,6144,1801,4270,25.15,66,31.2207,4.19531,6.84668,20.1777,22.7568
LLAMA,3,199,2/28/2024 17:55,10,5,6144,1801,4270,25.17,66,31.2207,4.19531,6.84766,20.1777,22.7578
LLAMA,3,200,2/28/2024 17:55,16,8,6144,1801,4270,29.83,66,31.2207,4.18652,6.85547,20.1777,22.7656
LLAMA,3,201,2/28/2024 17:55,14,7,6144,1801,4270,25.17,66,31.2207,4.20117,6.84082,20.1777,22.751
LLAMA,3,202,2/28/2024 17:55,16,8,6144,1801,4270,25.47,66,31.2207,4.17969,6.8623,20.1777,22.7725
LLAMA,3,203,2/28/2024 17:55,16,8,6144,1801,4270,25.18,66,31.2207,4.20215,6.83984,20.1777,22.75
LLAMA,3,204,2/28/2024 17:55,9,5,6144,1801,4270,25.32,66,31.2207,4.2041,6.83789,20.1777,22.748
LLAMA,3,205,2/28/2024 17:55,9,5,6144,1801,4270,25.16,66,31.2207,4.19629,6.8457,20.1777,22.7559
LLAMA,3,206,2/28/2024 17:55,16,8,6144,1801,4270,25.16,66,31.2207,4.19531,6.84668,20.1777,22.7568
LLAMA,3,207,2/28/2024 17:55,16,8,6144,1801,4270,34.79,66,31.2207,4.18848,6.85352,20.1777,22.7637
LLAMA,3,208,2/28/2024 17:55,16,8,6144,1801,4270,25.17,66,31.2207,4.19824,6.84375,20.1777,22.7539
LLAMA,3,209,2/28/2024 17:55,16,8,6144,1801,4270,34.36,66,31.2207,4.19141,6.85059,20.1777,22.7607
LLAMA,3,210,2/28/2024 17:55,16,8,6144,1801,4270,25.17,66,31.2207,4.1875,6.85449,20.1777,22.7646
LLAMA,3,211,2/28/2024 17:56,0,0,6144,1801,4270,26.55,66,31.2207,4.18652,6.85645,20.1777,22.7666
LLAMA,3,212,2/28/2024 17:56,16,8,6144,1801,4270,25.17,66,31.2207,4.18848,6.85352,20.1777,22.7637
LLAMA,3,213,2/28/2024 17:56,16,8,6144,1801,4270,25.32,66,31.2207,4.17969,6.8623,20.1777,22.7725
LLAMA,3,214,2/28/2024 17:56,0,0,6144,1801,4270,36.84,66,31.2207,4.17969,6.8623,20.1777,22.7725
LLAMA,3,215,2/28/2024 17:56,16,8,6144,1801,4270,25.17,66,31.2207,4.18848,6.85449,20.1777,22.7646
LLAMA,3,216,2/28/2024 17:56,9,5,6144,1801,4270,25.91,66,31.2207,4.20117,6.84082,20.1777,22.751
LLAMA,3,217,2/28/2024 17:56,10,5,6144,1801,4270,25.17,66,31.2207,4.19434,6.84766,20.1777,22.7578
LLAMA,3,218,2/28/2024 17:56,16,8,6144,1801,4270,25.32,66,31.2207,4.18848,6.85352,20.1777,22.7637
LLAMA,3,219,2/28/2024 17:56,16,8,6144,1801,4270,28.27,66,31.2207,4.19629,6.8457,20.1777,22.7559
LLAMA,3,220,2/28/2024 17:56,16,8,6144,1801,4270,25.16,66,31.2207,4.19629,6.84473,20.1777,22.7559
LLAMA,3,221,2/28/2024 17:56,16,8,6144,1801,4270,25.32,66,31.2207,4.19043,6.85156,20.1777,22.7617
LLAMA,3,222,2/28/2024 17:56,0,0,6144,1801,4270,52.49,66,31.2207,4.18945,6.85156,20.1777,22.7627
LLAMA,3,223,2/28/2024 17:56,0,0,6144,3599,2472,26.82,66,31.2207,4.1377,8.9209,18.1611,24.8271
LLAMA,4,0,2/28/2024 18:01,0,0,6144,6065,6,4.47,59,31.2207,3.95508,10.209,17.0557,26.1143
LLAMA,4,1,2/28/2024 18:01,0,0,6144,5989,82,24.60,59,31.2207,4.14062,10.0088,17.0703,25.9141
LLAMA,4,2,2/28/2024 18:01,1,0,6144,2175,3896,28.32,59,31.2207,4.17676,8.5498,18.4932,24.458
LLAMA,4,3,2/28/2024 18:01,33,8,6144,3971,2100,26.23,60,31.2207,4.17383,7.16699,19.8789,23.0791
LLAMA,4,4,2/28/2024 18:01,0,0,6144,4613,1458,26.23,60,31.2207,4.14062,8.82129,18.2568,24.7295
LLAMA,4,5,2/28/2024 18:01,0,0,6144,2175,3896,26.23,60,31.2207,4.18457,6.83594,20.1992,22.7471
LLAMA,4,6,2/28/2024 18:01,82,17,6144,1801,4270,30.44,61,31.2207,4.21387,6.80762,20.1982,22.7197
LLAMA,4,7,2/28/2024 18:01,32,6,6144,1801,4270,46.48,61,31.2207,4.20605,6.81543,20.1982,22.7275
LLAMA,4,8,2/28/2024 18:01,83,15,6144,1801,4270,32.84,62,31.2207,4.20215,6.81934,20.1982,22.7314
LLAMA,4,9,2/28/2024 18:01,64,13,6144,1801,4270,77.42,63,31.2207,4.19141,6.83008,20.1982,22.7422
LLAMA,4,10,2/28/2024 18:01,79,16,6144,1801,4270,32.50,63,31.2207,4.19824,6.82324,20.1982,22.7354
LLAMA,4,11,2/28/2024 18:01,40,7,6144,1801,4270,103.43,63,31.2207,4.19043,6.83105,20.1982,22.7432
LLAMA,4,12,2/28/2024 18:01,83,16,6144,1801,4270,29.92,64,31.2207,4.19531,6.82617,20.1982,22.7383
LLAMA,4,13,2/28/2024 18:01,60,13,6144,1801,4270,72.96,64,31.2207,4.2002,6.82129,20.1982,22.7334
LLAMA,4,14,2/28/2024 18:01,59,10,6144,1801,4270,77.11,65,31.2207,4.21582,6.80566,20.1982,22.7178
LLAMA,4,15,2/28/2024 18:01,100,30,6144,1801,4270,67.62,65,31.2207,4.21387,6.80762,20.1982,22.7197
LLAMA,4,16,2/28/2024 18:01,9,5,6144,1801,4270,30.70,65,31.2207,4.20898,6.81152,20.1982,22.7246
LLAMA,4,17,2/28/2024 18:01,13,8,6144,1801,4270,27.73,64,31.2207,4.19922,6.82227,20.1982,22.7344
LLAMA,4,18,2/28/2024 18:01,13,8,6144,1801,4270,27.69,64,31.2207,4.2207,6.7998,20.1982,22.7119
LLAMA,4,19,2/28/2024 18:01,13,8,6144,1801,4270,32.05,64,31.2207,4.2168,6.80859,20.1934,22.7207
LLAMA,4,20,2/28/2024 18:01,0,0,6144,1801,4270,49.89,64,31.2207,4.20312,6.82324,20.1934,22.7354
LLAMA,4,21,2/28/2024 18:01,13,8,6144,1801,4270,27.56,64,31.2207,4.19531,6.83105,20.1934,22.7432
LLAMA,4,22,2/28/2024 18:01,13,8,6144,1801,4270,39.84,64,31.2207,4.19922,6.82715,20.1934,22.7393
LLAMA,4,23,2/28/2024 18:01,13,8,6144,1801,4270,27.67,64,31.2207,4.24414,6.78223,20.1934,22.6943
LLAMA,4,24,2/28/2024 18:01,10,6,6144,1801,4270,27.68,64,31.2207,4.22461,6.80176,20.1934,22.7148
LLAMA,4,25,2/28/2024 18:01,13,8,6144,1801,4270,29.88,64,31.2207,4.20605,6.82031,20.1934,22.7324
LLAMA,4,26,2/28/2024 18:01,13,8,6144,1801,4270,28.25,64,31.2207,4.2041,6.82227,20.1934,22.7344
LLAMA,4,27,2/28/2024 18:01,13,8,6144,1801,4270,27.69,64,31.2207,4.21191,6.81445,20.1934,22.7266
LLAMA,4,28,2/28/2024 18:01,13,8,6144,1801,4270,27.68,64,31.2207,4.21094,6.81543,20.1934,22.7275
LLAMA,4,29,2/28/2024 18:01,13,8,6144,1801,4270,27.98,64,31.2207,4.2041,6.82227,20.1934,22.7344
LLAMA,4,30,2/28/2024 18:01,13,8,6144,1801,4270,27.70,64,31.2207,4.20508,6.82129,20.1934,22.7334
LLAMA,4,31,2/28/2024 18:01,13,8,6144,1801,4270,31.92,65,31.2207,4.1875,6.83887,20.1934,22.751
LLAMA,4,32,2/28/2024 18:02,13,8,6144,1801,4270,27.94,64,31.2207,4.19141,6.83496,20.1934,22.7471
LLAMA,4,33,2/28/2024 18:02,13,8,6144,1801,4270,27.69,64,31.2207,4.2002,6.82617,20.1934,22.7383
LLAMA,4,34,2/28/2024 18:02,1,1,6144,1801,4270,40.78,65,31.2207,4.20703,6.81934,20.1934,22.7314
LLAMA,4,35,2/28/2024 18:02,9,5,6144,1801,4270,28.40,65,31.2207,4.20215,6.82422,20.1934,22.7363
LLAMA,4,36,2/28/2024 18:02,13,8,6144,1801,4270,33.08,65,31.2207,4.19922,6.82715,20.1934,22.7393
LLAMA,4,37,2/28/2024 18:02,13,8,6144,1801,4270,27.81,65,31.2207,4.19922,6.82715,20.1934,22.7393
LLAMA,4,38,2/28/2024 18:02,13,8,6144,1801,4270,27.82,65,31.2207,4.19922,6.82617,20.1934,22.7393
LLAMA,4,39,2/28/2024 18:02,5,3,6144,1801,4270,28.54,65,31.2207,4.21875,6.80762,20.1934,22.7197
LLAMA,4,40,2/28/2024 18:02,10,6,6144,1801,4270,27.84,65,31.2207,4.21875,6.80762,20.1934,22.7197
LLAMA,4,41,2/28/2024 18:02,13,8,6144,1801,4270,56.19,65,31.2207,4.21777,6.80859,20.1934,22.7207
LLAMA,4,42,2/28/2024 18:02,0,0,6144,1801,4270,49.84,64,31.2207,4.20215,6.82422,20.1934,22.7363
LLAMA,4,43,2/28/2024 18:02,1,0,6144,1801,4270,25.30,65,31.2207,4.16406,6.8623,20.1934,22.7744
LLAMA,4,44,2/28/2024 18:02,15,8,6144,1801,4270,29.68,65,31.2207,4.17188,6.85352,20.1943,22.7666
LLAMA,4,45,2/28/2024 18:02,15,8,6144,1801,4270,25.45,65,31.2207,4.17871,6.84766,20.1943,22.7598
LLAMA,4,46,2/28/2024 18:02,15,8,6144,1801,4270,25.03,65,31.2207,4.1875,6.83887,20.1943,22.751
LLAMA,4,47,2/28/2024 18:02,15,8,6144,1801,4270,25.02,65,31.2207,4.18848,6.83691,20.1943,22.75
LLAMA,4,48,2/28/2024 18:02,15,8,6144,1801,4270,25.02,64,31.2207,4.20898,6.81738,20.1943,22.7295
LLAMA,4,49,2/28/2024 18:02,11,6,6144,1801,4270,25.01,64,31.2207,4.18848,6.83691,20.1943,22.75
LLAMA,4,50,2/28/2024 18:02,2,1,6144,1801,4270,38.85,64,31.2207,4.19434,6.83105,20.1943,22.7441
LLAMA,4,51,2/28/2024 18:02,15,8,6144,1801,4270,25.06,64,31.2207,4.20605,6.81934,20.1943,22.7324
LLAMA,4,52,2/28/2024 18:02,15,8,6144,1801,4270,43.06,65,31.2207,4.20508,6.82031,20.1943,22.7334
LLAMA,4,53,2/28/2024 18:02,15,8,6144,1801,4270,48.23,65,31.2207,4.21387,6.8125,20.1943,22.7246
LLAMA,4,54,2/28/2024 18:02,0,0,6144,1801,4270,49.69,65,31.2207,4.20996,6.81543,20.1943,22.7285
LLAMA,4,55,2/28/2024 18:02,15,8,6144,1801,4270,33.81,65,31.2207,4.22363,6.80176,20.1943,22.7148
LLAMA,4,56,2/28/2024 18:02,15,8,6144,1801,4270,34.38,65,31.2207,4.20703,6.81836,20.1943,22.7314
LLAMA,4,57,2/28/2024 18:02,15,8,6144,1801,4270,25.77,65,31.2207,4.20801,6.81738,20.1943,22.7305
LLAMA,4,58,2/28/2024 18:02,15,8,6144,1801,4270,25.02,65,31.2207,4.19141,6.83398,20.1943,22.7471
LLAMA,4,59,2/28/2024 18:02,15,8,6144,1801,4270,25.16,65,31.2207,4.2002,6.8252,20.1943,22.7383
LLAMA,4,60,2/28/2024 18:02,15,8,6144,1801,4270,25.02,65,31.2207,4.21191,6.81348,20.1943,22.7266
LLAMA,4,61,2/28/2024 18:02,10,6,6144,1801,4270,25.01,65,31.2207,4.1875,6.83789,20.1943,22.751
LLAMA,4,62,2/28/2024 18:02,4,2,6144,1801,4270,25.02,65,31.2207,4.21191,6.81348,20.1943,22.7266
LLAMA,4,63,2/28/2024 18:02,15,8,6144,1801,4270,25.01,65,31.2207,4.21484,6.81055,20.1943,22.7236
LLAMA,4,64,2/28/2024 18:02,15,8,6144,1801,4270,34.76,65,31.2207,4.21289,6.81348,20.1943,22.7256
LLAMA,4,65,2/28/2024 18:02,15,8,6144,1801,4270,25.04,65,31.2207,4.21484,6.81055,20.1943,22.7236
LLAMA,4,66,2/28/2024 18:02,0,0,6144,1801,4270,25.03,65,31.2207,4.25195,6.75879,20.21,22.6865
LLAMA,4,67,2/28/2024 18:02,15,8,6144,1801,4270,25.01,65,31.2207,4.23633,6.77344,20.21,22.7021
LLAMA,4,68,2/28/2024 18:02,0,0,6144,1801,4270,29.70,65,31.2207,4.19629,6.82812,20.1943,22.7422
LLAMA,4,69,2/28/2024 18:02,15,8,6144,1801,4270,32.95,65,31.2207,4.19922,6.82617,20.1943,22.7393
LLAMA,4,70,2/28/2024 18:02,15,8,6144,1801,4270,29.97,65,31.2207,4.2168,6.80859,20.1943,22.7217
LLAMA,4,71,2/28/2024 18:02,14,7,6144,1801,4270,30.42,65,31.2207,4.21875,6.80664,20.1943,22.7197
LLAMA,4,72,2/28/2024 18:02,2,1,6144,1801,4270,26.05,65,31.2207,4.21191,6.81348,20.1943,22.7266
LLAMA,4,73,2/28/2024 18:02,15,8,6144,1801,4270,25.47,65,31.2207,4.20605,6.81934,20.1943,22.7324
LLAMA,4,74,2/28/2024 18:02,15,8,6144,1801,4270,25.15,65,31.2207,4.20703,6.81836,20.1943,22.7314
LLAMA,4,75,2/28/2024 18:02,15,8,6144,1801,4270,26.52,65,31.2207,4.2041,6.82129,20.1943,22.7344
LLAMA,4,76,2/28/2024 18:02,15,8,6144,1801,4270,25.16,65,31.2207,4.21289,6.8125,20.1943,22.7256
LLAMA,4,77,2/28/2024 18:02,15,8,6144,1801,4270,25.03,65,31.2207,4.21387,6.81152,20.1943,22.7246
LLAMA,4,78,2/28/2024 18:02,15,8,6144,1801,4270,25.02,65,31.2207,4.19824,6.82715,20.1943,22.7402
LLAMA,4,79,2/28/2024 18:02,4,2,6144,1801,4270,25.03,65,31.2207,4.20312,6.82227,20.1943,22.7354
LLAMA,4,80,2/28/2024 18:02,15,8,6144,1801,4270,25.04,65,31.2207,4.2041,6.82129,20.1943,22.7344
LLAMA,4,81,2/28/2024 18:02,15,8,6144,1801,4270,41.59,65,31.2207,4.19141,6.83398,20.1943,22.7471
LLAMA,4,82,2/28/2024 18:02,15,8,6144,1801,4270,25.92,65,31.2207,4.18359,6.8418,20.1943,22.7549
LLAMA,4,83,2/28/2024 18:02,15,8,6144,1801,4270,25.62,65,31.2207,4.19824,6.82715,20.1943,22.7402
LLAMA,4,84,2/28/2024 18:02,15,8,6144,1801,4270,25.16,65,31.2207,4.18262,6.84277,20.1943,22.7559
LLAMA,4,85,2/28/2024 18:02,15,8,6144,1801,4270,25.02,65,31.2207,4.1875,6.83789,20.1943,22.751
LLAMA,4,86,2/28/2024 18:02,15,8,6144,1801,4270,25.03,65,31.2207,4.20117,6.82422,20.1943,22.7373
LLAMA,4,87,2/28/2024 18:02,3,1,6144,1801,4270,25.02,65,31.2207,4.19434,6.83105,20.1943,22.7441
LLAMA,4,88,2/28/2024 18:02,15,8,6144,1801,4270,25.02,65,31.2207,4.19043,6.83496,20.1943,22.748
LLAMA,4,89,2/28/2024 18:03,15,8,6144,1801,4270,25.04,65,31.2207,4.17188,6.85352,20.1943,22.7666
LLAMA,4,90,2/28/2024 18:03,15,8,6144,1801,4270,25.02,65,31.2207,4.18164,6.84375,20.1943,22.7568
LLAMA,4,91,2/28/2024 18:03,2,1,6144,1801,4270,25.02,65,31.2207,4.19043,6.83496,20.1943,22.748
LLAMA,4,92,2/28/2024 18:03,15,8,6144,1801,4270,25.02,65,31.2207,4.19238,6.83301,20.1943,22.7461
LLAMA,4,93,2/28/2024 18:03,15,8,6144,1801,4270,42.59,65,31.2207,4.17676,6.84863,20.1943,22.7617
LLAMA,4,94,2/28/2024 18:03,15,8,6144,1801,4270,35.14,65,31.2207,4.18262,6.84277,20.1943,22.7559
LLAMA,4,95,2/28/2024 18:03,15,8,6144,1801,4270,47.58,65,31.2207,4.17773,6.84766,20.1943,22.7607
LLAMA,4,96,2/28/2024 18:03,0,0,6144,1801,4270,46.58,65,31.2207,4.18457,6.84082,20.1943,22.7539
LLAMA,4,97,2/28/2024 18:03,15,8,6144,1801,4270,25.02,65,31.2207,4.20605,6.81934,20.1943,22.7324
LLAMA,4,98,2/28/2024 18:03,15,8,6144,1801,4270,25.16,65,31.2207,4.17969,6.8457,20.1943,22.7588
LLAMA,4,99,2/28/2024 18:03,15,8,6144,1801,4270,25.03,65,31.2207,4.18359,6.8418,20.1943,22.7549
LLAMA,4,100,2/28/2024 18:03,13,7,6144,1801,4270,25.17,65,31.2207,4.18164,6.84375,20.1943,22.7568
LLAMA,4,101,2/28/2024 18:03,15,8,6144,1801,4270,25.17,65,31.2207,4.19043,6.83496,20.1943,22.748
LLAMA,4,102,2/28/2024 18:03,15,8,6144,1801,4270,47.13,65,31.2207,4.17383,6.85156,20.1943,22.7646
LLAMA,4,103,2/28/2024 18:03,15,8,6144,1801,4270,42.91,65,31.2207,4.17773,6.84766,20.1943,22.7607
LLAMA,4,104,2/28/2024 18:03,15,8,6144,1801,4270,45.10,65,31.2207,4.18164,6.84375,20.1943,22.7568
LLAMA,4,105,2/28/2024 18:03,5,3,6144,1801,4270,52.32,65,31.2207,4.19238,6.83301,20.1943,22.7461
LLAMA,4,106,2/28/2024 18:03,15,8,6144,1801,4270,25.17,65,31.2207,4.19043,6.83496,20.1943,22.748
LLAMA,4,107,2/28/2024 18:03,15,8,6144,1801,4270,25.03,65,31.2207,4.22461,6.80078,20.1943,22.7139
LLAMA,4,108,2/28/2024 18:03,15,8,6144,1801,4270,28.91,66,31.2207,4.20703,6.82031,20.1924,22.7314
LLAMA,4,109,2/28/2024 18:03,0,0,6144,1801,4270,35.04,66,31.2207,4.23242,6.78809,20.1992,22.7012
LLAMA,4,110,2/28/2024 18:03,8,4,6144,1801,4270,50.84,65,31.2207,4.28223,6.72656,20.2109,22.6494
LLAMA,4,111,2/28/2024 18:03,0,0,6144,1801,4270,25.16,66,31.2207,4.28223,6.72656,20.2109,22.6475
LLAMA,4,112,2/28/2024 18:03,1,0,6144,1801,4270,25.18,66,31.2207,4.24609,6.75977,20.2129,22.6836
LLAMA,4,113,2/28/2024 18:03,15,8,6144,1801,4270,25.15,66,31.2207,4.23926,6.74707,20.2334,22.6924
LLAMA,4,114,2/28/2024 18:03,15,8,6144,1801,4270,25.19,66,31.2207,4.2373,6.75293,20.2295,22.6953
LLAMA,4,115,2/28/2024 18:03,15,8,6144,1801,4270,25.74,66,31.2207,4.23633,6.75195,20.2314,22.6992
LLAMA,4,116,2/28/2024 18:03,11,6,6144,1801,4270,25.18,66,31.2207,4.24512,6.74121,20.2324,22.6924
LLAMA,4,117,2/28/2024 18:03,15,8,6144,1801,4270,25.59,66,31.2207,4.23242,6.75391,20.2334,22.7051
LLAMA,4,118,2/28/2024 18:03,15,8,6144,1801,4270,34.03,66,31.2207,4.2334,6.75195,20.2344,22.7041
LLAMA,4,119,2/28/2024 18:03,15,8,6144,1801,4270,25.15,66,31.2207,4.23633,6.74902,20.2344,22.7021
LLAMA,4,120,2/28/2024 18:03,15,8,6144,1801,4270,25.16,66,31.2207,4.22754,6.75781,20.2354,22.7109
LLAMA,4,121,2/28/2024 18:03,15,8,6144,1801,4270,25.18,66,31.2207,4.22656,6.75781,20.2354,22.7119
LLAMA,4,122,2/28/2024 18:03,15,8,6144,1801,4270,36.63,66,31.2207,4.21289,6.77051,20.2363,22.7256
LLAMA,4,123,2/28/2024 18:03,15,8,6144,1801,4270,25.15,66,31.2207,4.21387,6.76953,20.2363,22.7246
LLAMA,4,124,2/28/2024 18:03,15,8,6144,1801,4270,25.17,66,31.2207,4.22168,6.76172,20.2363,22.7168
LLAMA,4,125,2/28/2024 18:03,15,8,6144,1801,4270,25.16,66,31.2207,4.22754,6.75586,20.2363,22.7109
LLAMA,4,126,2/28/2024 18:03,0,0,6144,1801,4270,25.15,66,31.2207,4.19434,6.78906,20.2363,22.7441
LLAMA,4,127,2/28/2024 18:03,16,8,6144,1801,4270,26.21,66,31.2207,4.17969,6.80371,20.2363,22.7578
LLAMA,4,128,2/28/2024 18:03,6,3,6144,1801,4270,27.00,66,31.2207,4.16602,6.81641,20.2373,22.7725
LLAMA,4,129,2/28/2024 18:03,16,8,6144,1801,4270,25.15,66,31.2207,4.17578,6.80566,20.2383,22.7627
LLAMA,4,130,2/28/2024 18:03,13,7,6144,1801,4270,25.16,66,31.2207,4.17578,6.80566,20.2383,22.7627
LLAMA,4,131,2/28/2024 18:03,16,8,6144,1801,4270,25.46,66,31.2207,4.17578,6.80566,20.2383,22.7627
LLAMA,4,132,2/28/2024 18:03,3,2,6144,1801,4270,28.34,66,31.2207,4.18457,6.79688,20.2383,22.7539
LLAMA,4,133,2/28/2024 18:03,16,8,6144,1801,4270,25.14,66,31.2207,4.16992,6.81152,20.2383,22.7686
LLAMA,4,134,2/28/2024 18:03,16,8,6144,1801,4270,25.17,66,31.2207,4.17871,6.80273,20.2383,22.7598
LLAMA,4,135,2/28/2024 18:03,16,8,6144,1801,4270,25.17,66,31.2207,4.18359,6.79785,20.2383,22.7549
LLAMA,4,136,2/28/2024 18:03,16,8,6144,1801,4270,25.31,66,31.2207,4.17773,6.80371,20.2383,22.7607
LLAMA,4,137,2/28/2024 18:03,16,8,6144,1801,4270,52.40,66,31.2207,4.16113,6.82031,20.2383,22.7764
LLAMA,4,138,2/28/2024 18:03,16,8,6144,1801,4270,25.17,66,31.2207,4.16992,6.81152,20.2383,22.7686
LLAMA,4,139,2/28/2024 18:03,0,0,6144,1801,4270,25.18,66,31.2207,4.1709,6.81055,20.2383,22.7666
LLAMA,4,140,2/28/2024 18:03,2,1,6144,1801,4270,33.50,66,31.2207,4.11816,6.86621,20.2354,22.8193
LLAMA,4,141,2/28/2024 18:03,16,8,6144,1801,4270,25.17,66,31.2207,4.14258,6.8418,20.2354,22.7959
LLAMA,4,142,2/28/2024 18:03,16,8,6144,1801,4270,25.16,66,31.2207,4.13965,6.84473,20.2354,22.7979
LLAMA,4,143,2/28/2024 18:03,7,4,6144,1801,4270,25.17,66,31.2207,4.13184,6.85254,20.2354,22.8066
LLAMA,4,144,2/28/2024 18:03,16,8,6144,1801,4270,25.33,66,31.2207,4.12695,6.85742,20.2354,22.8115
LLAMA,4,145,2/28/2024 18:03,16,8,6144,1801,4270,25.16,66,31.2207,4.13672,6.84766,20.2354,22.8008
LLAMA,4,146,2/28/2024 18:03,16,8,6144,1801,4270,25.18,66,31.2207,4.14062,6.84375,20.2354,22.7979
LLAMA,4,147,2/28/2024 18:04,16,8,6144,1801,4270,30.74,66,31.2207,4.13086,6.85352,20.2354,22.8076
LLAMA,4,148,2/28/2024 18:04,6,3,6144,1801,4270,25.16,66,31.2207,4.12695,6.85742,20.2354,22.8115
LLAMA,4,149,2/28/2024 18:04,16,8,6144,1801,4270,25.17,66,31.2207,4.13574,6.84863,20.2354,22.8027
LLAMA,4,150,2/28/2024 18:04,15,8,6144,1801,4270,25.19,66,31.2207,4.13184,6.85254,20.2354,22.8057
LLAMA,4,151,2/28/2024 18:04,16,8,6144,1801,4270,27.43,66,31.2207,4.13379,6.85059,20.2354,22.8047
LLAMA,4,152,2/28/2024 18:04,16,8,6144,1801,4270,25.16,66,31.2207,4.14062,6.84375,20.2354,22.7979
LLAMA,4,153,2/28/2024 18:04,16,8,6144,1801,4270,25.18,66,31.2207,4.12695,6.8584,20.2354,22.8115
LLAMA,4,154,2/28/2024 18:04,7,4,6144,1801,4270,25.17,66,31.2207,4.13574,6.84863,20.2354,22.8027
LLAMA,4,155,2/28/2024 18:04,12,6,6144,1801,4270,40.00,66,31.2207,4.13574,6.84863,20.2354,22.8027
LLAMA,4,156,2/28/2024 18:04,0,0,6144,3599,2472,25.19,66,31.2207,4.07031,9.1123,18.0371,25.0625
LLAMA,5,0,2/28/2024 18:05,0,0,6144,6065,6,4.18,52,31.2207,3.8877,10.2314,17.1006,26.1797
LLAMA,5,1,2/28/2024 18:05,0,0,6144,5989,82,24.16,53,31.2207,4.07422,10.0332,17.1133,25.9805
LLAMA,5,2,2/28/2024 18:05,1,0,6144,4611,1460,25.91,54,31.2207,4.0918,8.63965,18.4893,24.5898
LLAMA,5,3,2/28/2024 18:05,33,8,6144,3971,2100,25.93,54,31.2207,4.10645,6.92871,20.1846,22.8838
LLAMA,5,4,2/28/2024 18:05,0,0,6144,4613,1458,24.30,54,31.2207,4.08496,8.93164,18.2031,24.8818
LLAMA,5,5,2/28/2024 18:05,0,0,6144,2175,3896,24.29,54,31.2207,4.1084,6.88672,20.2246,22.8408
LLAMA,5,6,2/28/2024 18:05,55,10,6144,1801,4270,59.43,56,31.2207,4.15332,6.82129,20.2451,22.7764
LLAMA,5,7,2/28/2024 18:05,33,6,6144,1801,4270,38.37,56,31.2207,4.14746,6.82715,20.2451,22.7822
LLAMA,5,8,2/28/2024 18:05,84,16,6144,1801,4270,57.02,57,31.2207,4.15527,6.81934,20.2451,22.7744
LLAMA,5,9,2/28/2024 18:05,57,12,6144,1801,4270,52.61,58,31.2207,4.15234,6.82227,20.2451,22.7773
LLAMA,5,10,2/28/2024 18:05,52,9,6144,1801,4270,53.33,59,31.2207,4.1377,6.83691,20.2451,22.792
LLAMA,5,11,2/28/2024 18:05,78,17,6144,1801,4270,46.89,58,31.2207,4.14062,6.83398,20.2451,22.7881
LLAMA,5,12,2/28/2024 18:05,81,16,6144,1801,4270,60.99,59,31.2207,4.13379,6.84082,20.2451,22.7959
LLAMA,5,13,2/28/2024 18:05,49,10,6144,1801,4270,53.33,59,31.2207,4.15039,6.82422,20.2451,22.7793
LLAMA,5,14,2/28/2024 18:05,59,10,6144,1801,4270,74.09,60,31.2207,4.17188,6.80371,20.2451,22.7578
LLAMA,5,15,2/28/2024 18:05,100,28,6144,1801,4270,77.73,61,31.2207,4.13672,6.83789,20.2451,22.792
LLAMA,5,16,2/28/2024 18:05,84,20,6144,1801,4270,27.69,61,31.2207,4.12695,6.84766,20.2451,22.8027
LLAMA,5,17,2/28/2024 18:05,13,8,6144,1801,4270,27.66,60,31.2207,4.13184,6.8418,20.2451,22.7969
LLAMA,5,18,2/28/2024 18:06,13,8,6144,1801,4270,27.54,60,31.2207,4.14941,6.8252,20.2451,22.7793
LLAMA,5,19,2/28/2024 18:06,13,8,6144,1801,4270,28.74,60,31.2207,4.16406,6.81543,20.2402,22.7695
LLAMA,5,20,2/28/2024 18:06,3,2,6144,1801,4270,27.56,60,31.2207,4.14453,6.83496,20.2402,22.79
LLAMA,5,21,2/28/2024 18:06,13,8,6144,1801,4270,27.54,60,31.2207,4.14844,6.83105,20.2402,22.7861
LLAMA,5,22,2/28/2024 18:06,4,2,6144,1801,4270,32.81,60,31.2207,4.13965,6.83984,20.2402,22.7949
LLAMA,5,23,2/28/2024 18:06,13,8,6144,1801,4270,27.69,60,31.2207,4.14258,6.83691,20.2402,22.792
LLAMA,5,24,2/28/2024 18:06,13,8,6144,1801,4270,42.08,61,31.2207,4.15039,6.83008,20.2402,22.7842
LLAMA,5,25,2/28/2024 18:06,8,4,6144,1801,4270,27.67,60,31.2207,4.13574,6.84375,20.2402,22.7988
LLAMA,5,26,2/28/2024 18:06,13,8,6144,1801,4270,27.70,61,31.2207,4.14062,6.83887,20.2402,22.7939
LLAMA,5,27,2/28/2024 18:06,13,8,6144,1801,4270,33.84,61,31.2207,4.1416,6.83789,20.2402,22.793
LLAMA,5,28,2/28/2024 18:06,13,8,6144,1801,4270,49.29,61,31.2207,4.14453,6.83496,20.2402,22.79
LLAMA,5,29,2/28/2024 18:06,13,8,6144,1801,4270,29.03,61,31.2207,4.15137,6.82812,20.2402,22.7832
LLAMA,5,30,2/28/2024 18:06,13,8,6144,1801,4270,27.68,61,31.2207,4.1543,6.8252,20.2402,22.7803
LLAMA,5,31,2/28/2024 18:06,13,8,6144,1801,4270,62.17,61,31.2207,4.15137,6.82812,20.2402,22.7832
LLAMA,5,32,2/28/2024 18:06,6,4,6144,1801,4270,27.94,61,31.2207,4.16504,6.81445,20.2402,22.7695
LLAMA,5,33,2/28/2024 18:06,5,3,6144,1801,4270,27.70,61,31.2207,4.16602,6.81348,20.2402,22.7686
LLAMA,5,34,2/28/2024 18:06,13,8,6144,1801,4270,43.29,62,31.2207,4.13965,6.83984,20.2402,22.7949
LLAMA,5,35,2/28/2024 18:06,13,8,6144,1801,4270,28.09,62,31.2207,4.13086,6.84961,20.2402,22.8037
LLAMA,5,36,2/28/2024 18:06,13,8,6144,1801,4270,27.70,62,31.2207,4.14551,6.83398,20.2402,22.7881
LLAMA,5,37,2/28/2024 18:06,13,8,6144,1801,4270,50.69,62,31.2207,4.14648,6.83301,20.2402,22.7881
LLAMA,5,38,2/28/2024 18:06,13,8,6144,1801,4270,27.94,62,31.2207,4.16113,6.81836,20.2402,22.7734
LLAMA,5,39,2/28/2024 18:06,13,8,6144,1801,4270,27.86,62,31.2207,4.15234,6.82715,20.2402,22.7822
LLAMA,5,40,2/28/2024 18:06,13,8,6144,1801,4270,62.94,62,31.2207,4.14551,6.83398,20.2402,22.7891
LLAMA,5,41,2/28/2024 18:06,13,8,6144,1801,4270,27.85,62,31.2207,4.15332,6.82617,20.2402,22.7812
LLAMA,5,42,2/28/2024 18:06,13,8,6144,1801,4270,29.50,63,31.2207,4.13672,6.84277,20.2402,22.7969
LLAMA,5,43,2/28/2024 18:06,13,8,6144,1801,4270,27.82,63,31.2207,4.14258,6.83691,20.2402,22.791
LLAMA,5,44,2/28/2024 18:06,13,8,6144,1801,4270,27.87,63,31.2207,4.16699,6.8125,20.2402,22.7666
LLAMA,5,45,2/28/2024 18:06,13,8,6144,1801,4270,27.81,63,31.2207,4.17188,6.80762,20.2402,22.7627
LLAMA,5,46,2/28/2024 18:06,13,8,6144,1801,4270,31.28,63,31.2207,4.18652,6.79297,20.2402,22.748
LLAMA,5,47,2/28/2024 18:06,15,8,6144,1801,4270,25.18,63,31.2207,4.17871,6.80078,20.2402,22.7549
LLAMA,5,48,2/28/2024 18:06,15,8,6144,1801,4270,24.88,63,31.2207,4.18262,6.79688,20.2402,22.752
LLAMA,5,49,2/28/2024 18:06,2,1,6144,1801,4270,25.02,63,31.2207,4.19043,6.78906,20.2402,22.7441
LLAMA,5,50,2/28/2024 18:06,0,0,6144,1801,4270,24.87,63,31.2207,4.18359,6.7959,20.2402,22.751
LLAMA,5,51,2/28/2024 18:06,15,8,6144,1801,4270,25.02,63,31.2207,4.17773,6.80176,20.2402,22.7559
LLAMA,5,52,2/28/2024 18:06,15,8,6144,1801,4270,24.87,63,31.2207,4.16797,6.81152,20.2402,22.7666
LLAMA,5,53,2/28/2024 18:06,15,8,6144,1801,4270,24.88,63,31.2207,4.1543,6.8252,20.2402,22.7803
LLAMA,5,54,2/28/2024 18:06,15,8,6144,1801,4270,32.30,63,31.2207,4.16406,6.81543,20.2402,22.7705
LLAMA,5,55,2/28/2024 18:06,15,8,6144,1801,4270,27.89,63,31.2207,4.17773,6.80176,20.2402,22.7559
LLAMA,5,56,2/28/2024 18:06,15,8,6144,1801,4270,25.33,63,31.2207,4.17578,6.80371,20.2402,22.7588
LLAMA,5,57,2/28/2024 18:06,15,8,6144,1801,4270,38.35,63,31.2207,4.18066,6.79883,20.2402,22.7529
LLAMA,5,58,2/28/2024 18:06,15,8,6144,1801,4270,25.92,63,31.2207,4.16602,6.81348,20.2402,22.7686
LLAMA,5,59,2/28/2024 18:06,15,8,6144,1801,4270,25.02,63,31.2207,4.16699,6.8125,20.2402,22.7676
LLAMA,5,60,2/28/2024 18:06,15,8,6144,1801,4270,24.87,63,31.2207,4.17578,6.80371,20.2402,22.7588
LLAMA,5,61,2/28/2024 18:06,15,8,6144,1801,4270,24.88,63,31.2207,4.17773,6.80078,20.2402,22.7559
LLAMA,5,62,2/28/2024 18:06,15,8,6144,1801,4270,46.73,63,31.2207,4.17188,6.80762,20.2402,22.7617
LLAMA,5,63,2/28/2024 18:06,15,8,6144,1801,4270,25.48,63,31.2207,4.17578,6.80371,20.2402,22.7588
LLAMA,5,64,2/28/2024 18:06,15,8,6144,1801,4270,24.88,63,31.2207,4.18555,6.79395,20.2402,22.748
LLAMA,5,65,2/28/2024 18:06,15,8,6144,1801,4270,25.03,63,31.2207,4.16699,6.8125,20.2402,22.7676
LLAMA,5,66,2/28/2024 18:06,6,3,6144,1801,4270,25.20,63,31.2207,4.16504,6.81445,20.2402,22.7695
LLAMA,5,67,2/28/2024 18:06,15,8,6144,1801,4270,25.05,63,31.2207,4.15918,6.82031,20.2402,22.7754
LLAMA,5,68,2/28/2024 18:06,15,8,6144,1801,4270,25.02,63,31.2207,4.16895,6.81055,20.2402,22.7656
LLAMA,5,69,2/28/2024 18:06,12,7,6144,1801,4270,25.02,63,31.2207,4.16309,6.81641,20.2402,22.7715
LLAMA,5,70,2/28/2024 18:06,13,7,6144,1801,4270,24.88,64,31.2207,4.16211,6.81738,20.2402,22.7715
LLAMA,5,71,2/28/2024 18:06,5,2,6144,1801,4270,24.89,63,31.2207,4.17285,6.80664,20.2402,22.7617
LLAMA,5,72,2/28/2024 18:06,15,8,6144,1801,4270,25.02,64,31.2207,4.16211,6.81641,20.2402,22.7715
LLAMA,5,73,2/28/2024 18:06,15,8,6144,1801,4270,24.88,64,31.2207,4.17383,6.80566,20.2402,22.7607
LLAMA,5,74,2/28/2024 18:06,15,8,6144,1801,4270,25.03,64,31.2207,4.16699,6.8125,20.2402,22.7676
LLAMA,5,75,2/28/2024 18:06,15,8,6144,1801,4270,26.80,64,31.2207,4.18457,6.79492,20.2402,22.749
LLAMA,5,76,2/28/2024 18:07,15,8,6144,1801,4270,24.88,64,31.2207,4.18359,6.7959,20.2402,22.751
LLAMA,5,77,2/28/2024 18:07,15,8,6144,1801,4270,32.71,64,31.2207,4.1709,6.80762,20.2402,22.7627
LLAMA,5,78,2/28/2024 18:07,15,8,6144,1801,4270,34.26,64,31.2207,4.16211,6.81738,20.2402,22.7715
LLAMA,5,79,2/28/2024 18:07,15,8,6144,1801,4270,25.17,64,31.2207,4.1748,6.80371,20.2402,22.7588
LLAMA,5,80,2/28/2024 18:07,6,3,6144,1801,4270,52.32,64,31.2207,4.16309,6.81641,20.2402,22.7715
LLAMA,5,81,2/28/2024 18:07,15,8,6144,1801,4270,47.60,64,31.2207,4.1543,6.8252,20.2402,22.7793
LLAMA,5,82,2/28/2024 18:07,12,7,6144,1801,4270,26.84,64,31.2207,4.16016,6.81836,20.2402,22.7734
LLAMA,5,83,2/28/2024 18:07,15,8,6144,1801,4270,31.31,64,31.2207,4.17383,6.80566,20.2402,22.7607
LLAMA,5,84,2/28/2024 18:07,15,8,6144,1801,4270,27.68,64,31.2207,4.18066,6.79883,20.2402,22.7539
LLAMA,5,85,2/28/2024 18:07,0,0,6144,1801,4270,49.41,64,31.2207,4.18457,6.79395,20.2402,22.749
LLAMA,5,86,2/28/2024 18:07,15,8,6144,1801,4270,37.22,64,31.2207,4.16895,6.81055,20.2402,22.7646
LLAMA,5,87,2/28/2024 18:07,15,8,6144,1801,4270,42.79,64,31.2207,4.15039,6.82812,20.2402,22.7832
LLAMA,5,88,2/28/2024 18:07,15,8,6144,1801,4270,47.95,64,31.2207,4.15625,6.82324,20.2402,22.7783
LLAMA,5,89,2/28/2024 18:07,15,8,6144,1801,4270,37.74,64,31.2207,4.13672,6.84277,20.2402,22.7979
LLAMA,5,90,2/28/2024 18:07,9,5,6144,1801,4270,46.74,64,31.2207,4.15723,6.82227,20.2402,22.7773
LLAMA,5,91,2/28/2024 18:07,15,8,6144,1801,4270,34.05,64,31.2207,4.1543,6.8252,20.2402,22.7793
LLAMA,5,92,2/28/2024 18:07,15,8,6144,1801,4270,25.05,64,31.2207,4.16602,6.81348,20.2402,22.7686
LLAMA,5,93,2/28/2024 18:07,15,8,6144,1801,4270,25.02,64,31.2207,4.17188,6.80762,20.2402,22.7617
LLAMA,5,94,2/28/2024 18:07,12,6,6144,1801,4270,25.02,64,31.2207,4.18164,6.79785,20.2402,22.752
LLAMA,5,95,2/28/2024 18:07,15,8,6144,1801,4270,25.02,64,31.2207,4.19629,6.78223,20.2402,22.7373
LLAMA,5,96,2/28/2024 18:07,15,8,6144,1801,4270,25.03,64,31.2207,4.18066,6.79883,20.2402,22.7529
LLAMA,5,97,2/28/2024 18:07,15,8,6144,1801,4270,25.03,64,31.2207,4.17578,6.80371,20.2402,22.7578
LLAMA,5,98,2/28/2024 18:07,5,3,6144,1801,4270,25.01,64,31.2207,4.16113,6.81738,20.2402,22.7725
LLAMA,5,99,2/28/2024 18:07,15,8,6144,1801,4270,25.02,65,31.2207,4.16992,6.80957,20.2402,22.7646
LLAMA,5,100,2/28/2024 18:07,15,8,6144,1801,4270,25.01,64,31.2207,4.16895,6.81055,20.2402,22.7656
LLAMA,5,101,2/28/2024 18:07,15,8,6144,1801,4270,37.15,64,31.2207,4.18555,6.79395,20.2402,22.749
LLAMA,5,102,2/28/2024 18:07,15,8,6144,1801,4270,49.35,65,31.2207,4.17969,6.7998,20.2402,22.7549
LLAMA,5,103,2/28/2024 18:07,15,8,6144,1801,4270,25.03,65,31.2207,4.17969,6.7998,20.2402,22.7549
LLAMA,5,104,2/28/2024 18:07,15,8,6144,1801,4270,25.02,65,31.2207,4.17969,6.7998,20.2402,22.7539
LLAMA,5,105,2/28/2024 18:07,15,8,6144,1801,4270,25.01,65,31.2207,4.1748,6.80469,20.2402,22.7598
LLAMA,5,106,2/28/2024 18:07,2,1,6144,1801,4270,25.01,65,31.2207,4.16602,6.81348,20.2402,22.7676
LLAMA,5,107,2/28/2024 18:07,15,8,6144,1801,4270,25.04,65,31.2207,4.1748,6.80469,20.2402,22.7598
LLAMA,5,108,2/28/2024 18:07,15,8,6144,1801,4270,25.01,65,31.2207,4.16602,6.8125,20.2402,22.7676
LLAMA,5,109,2/28/2024 18:07,10,5,6144,1801,4270,25.02,65,31.2207,4.16016,6.81934,20.2402,22.7744
LLAMA,5,110,2/28/2024 18:07,13,7,6144,1801,4270,25.02,65,31.2207,4.16504,6.81348,20.2402,22.7686
LLAMA,5,111,2/28/2024 18:07,15,8,6144,1801,4270,27.44,65,31.2207,4.17285,6.80664,20.2402,22.7617
LLAMA,5,112,2/28/2024 18:07,15,8,6144,1801,4270,49.46,65,31.2207,4.17773,6.80176,20.2402,22.7568
LLAMA,5,113,2/28/2024 18:07,15,8,6144,1801,4270,25.00,65,31.2207,4.18848,6.79102,20.2402,22.7461
LLAMA,5,114,2/28/2024 18:07,0,0,6144,1801,4270,25.05,65,31.2207,4.16602,6.8125,20.2402,22.7676
LLAMA,5,115,2/28/2024 18:07,15,8,6144,1801,4270,25.18,65,31.2207,4.16602,6.81348,20.2402,22.7676
LLAMA,5,116,2/28/2024 18:07,0,0,6144,1801,4270,32.33,65,31.2207,4.16895,6.80957,20.2402,22.7646
LLAMA,5,117,2/28/2024 18:07,11,6,6144,1801,4270,50.58,65,31.2207,4.15527,6.82422,20.2402,22.7793
LLAMA,5,118,2/28/2024 18:07,15,8,6144,1801,4270,25.03,65,31.2207,4.1748,6.80469,20.2402,22.7598
LLAMA,5,119,2/28/2024 18:07,15,8,6144,1801,4270,25.16,65,31.2207,4.1748,6.80469,20.2402,22.7598
LLAMA,5,120,2/28/2024 18:07,3,1,6144,1801,4270,31.62,65,31.2207,4.17578,6.80371,20.2402,22.7588
LLAMA,5,121,2/28/2024 18:07,16,8,6144,1801,4270,38.21,65,31.2207,4.17285,6.80664,20.2402,22.7607
LLAMA,5,122,2/28/2024 18:07,15,8,6144,1801,4270,25.02,65,31.2207,4.1709,6.80859,20.2402,22.7637
LLAMA,5,123,2/28/2024 18:07,6,3,6144,1801,4270,25.03,65,31.2207,4.1709,6.80762,20.2402,22.7627
LLAMA,5,124,2/28/2024 18:07,15,8,6144,1801,4270,25.03,65,31.2207,4.18457,6.79395,20.2402,22.749
LLAMA,5,125,2/28/2024 18:07,16,8,6144,1801,4270,25.18,65,31.2207,4.16797,6.81055,20.2402,22.7656
LLAMA,5,126,2/28/2024 18:07,9,5,6144,1801,4270,25.17,65,31.2207,4.17676,6.80273,20.2402,22.7578
LLAMA,5,127,2/28/2024 18:07,16,8,6144,1801,4270,43.35,65,31.2207,4.16406,6.81445,20.2402,22.7695
LLAMA,5,128,2/28/2024 18:07,11,6,6144,1801,4270,25.18,65,31.2207,4.17285,6.80664,20.2402,22.7617
LLAMA,5,129,2/28/2024 18:07,16,8,6144,1801,4270,25.17,65,31.2207,4.18262,6.7959,20.2402,22.751
LLAMA,5,130,2/28/2024 18:07,2,1,6144,1801,4270,25.17,65,31.2207,4.17188,6.80664,20.2402,22.7617
LLAMA,5,131,2/28/2024 18:07,16,8,6144,1801,4270,26.71,65,31.2207,4.16016,6.81934,20.2402,22.7744
LLAMA,5,132,2/28/2024 18:07,16,8,6144,1801,4270,25.18,65,31.2207,4.16602,6.81348,20.2402,22.7686
LLAMA,5,133,2/28/2024 18:08,16,8,6144,1801,4270,25.17,65,31.2207,4.16016,6.81934,20.2402,22.7744
LLAMA,5,134,2/28/2024 18:08,15,8,6144,1801,4270,25.02,65,31.2207,4.1543,6.82422,20.2402,22.7793
LLAMA,5,135,2/28/2024 18:08,16,8,6144,1801,4270,38.09,66,31.2207,4.14746,6.83203,20.2402,22.7861
LLAMA,5,136,2/28/2024 18:08,7,4,6144,1801,4270,25.16,66,31.2207,4.15137,6.82812,20.2402,22.7832
LLAMA,5,137,2/28/2024 18:08,16,8,6144,1801,4270,25.16,66,31.2207,4.16699,6.81152,20.2402,22.7666
LLAMA,5,138,2/28/2024 18:08,16,8,6144,1801,4270,25.17,66,31.2207,4.16992,6.80957,20.2402,22.7646
LLAMA,5,139,2/28/2024 18:08,8,4,6144,1801,4270,25.17,66,31.2207,4.15234,6.82617,20.2402,22.7812
LLAMA,5,140,2/28/2024 18:08,16,8,6144,1801,4270,25.61,66,31.2207,4.13965,6.83984,20.2402,22.7939
LLAMA,5,141,2/28/2024 18:08,0,0,6144,1801,4270,51.39,66,31.2207,4.15332,6.82617,20.2402,22.7812
LLAMA,5,142,2/28/2024 18:08,9,5,6144,1801,4270,25.18,66,31.2207,4.14551,6.83398,20.2402,22.7891
LLAMA,5,143,2/28/2024 18:08,16,8,6144,1801,4270,27.55,66,31.2207,4.15137,6.82812,20.2402,22.7822
LLAMA,5,144,2/28/2024 18:08,0,0,6144,1801,4270,45.85,66,31.2207,4.1543,6.8252,20.2412,22.7803
LLAMA,5,145,2/28/2024 18:08,0,0,6144,3599,2472,26.83,66,31.2207,4.1123,8.55664,18.5508,24.5078
Mistral,1,0,2/28/2024 16:42,0,0,6144,6065,6,4.33,49,31.2207,3.00781,21.1367,7.07422,27.1396
Mistral,1,1,2/28/2024 16:42,0,0,6144,5989,82,24.02,50,31.2207,3.18457,20.9502,7.08496,26.9531
Mistral,1,2,2/28/2024 16:42,0,0,6144,5273,798,23.98,50,31.2207,3.20215,18.9766,9.04199,24.9805
Mistral,1,3,2/28/2024 16:42,2,3,6144,2435,3636,24.14,50,31.2207,3.24414,17.3857,10.5898,23.3916
Mistral,1,4,2/28/2024 16:42,0,0,6144,4627,1444,24.61,51,31.2207,3.24414,15.3525,12.6221,21.3613
Mistral,1,5,2/28/2024 16:42,0,0,6144,4631,1440,25.79,51,31.2207,3.17578,20.0723,7.97266,26.0752
Mistral,1,6,2/28/2024 16:42,0,0,6144,5273,798,25.77,51,31.2207,3.18359,18.8857,9.15039,24.8906
Mistral,1,7,2/28/2024 16:42,2,3,6144,2435,3636,24.00,51,31.2207,3.24902,17.2373,10.7334,23.2432
Mistral,1,8,2/28/2024 16:42,0,0,6144,2323,3748,36.85,51,31.2207,3.29102,15.3125,12.6162,21.3232
Mistral,1,9,2/28/2024 16:42,72,13,6144,2323,3748,44.16,54,31.2207,3.28809,15.3027,12.6289,21.3145
Mistral,1,10,2/28/2024 16:42,72,13,6144,2323,3748,65.47,55,31.2207,3.28711,15.3105,12.6221,21.3223
Mistral,1,11,2/28/2024 16:42,75,12,6144,2323,3748,74.45,56,31.2207,3.27832,15.3164,12.625,21.3281
Mistral,1,12,2/28/2024 16:42,76,14,6144,2253,3818,79.65,56,31.2207,3.28027,15.3145,12.625,21.3262
Mistral,1,13,2/28/2024 16:42,65,12,6144,2253,3818,85.70,57,31.2207,3.28125,15.3135,12.625,21.3252
Mistral,1,14,2/28/2024 16:42,66,13,6144,2253,3818,84.36,57,31.2207,3.28027,15.3154,12.625,21.3271
Mistral,1,15,2/28/2024 16:42,100,28,6144,2253,3818,76.83,58,31.2207,3.28711,15.3076,12.625,21.3193
Mistral,1,16,2/28/2024 16:42,71,14,6144,2253,3818,41.74,58,31.2207,3.30469,15.29,12.625,21.3027
Mistral,1,17,2/28/2024 16:42,63,12,6144,2253,3818,61.51,59,31.2207,3.30469,15.291,12.625,21.3027
Mistral,1,18,2/28/2024 16:42,71,13,6144,2253,3818,69.83,59,31.2207,3.30371,15.292,12.625,21.3037
Mistral,1,19,2/28/2024 16:43,3,0,6144,2253,3818,26.37,58,31.2207,3.30664,15.29,12.6221,21.3018
Mistral,1,20,2/28/2024 16:43,2,1,6144,2253,3818,30.60,57,31.2207,3.30859,15.2891,12.6221,21.3008
Mistral,1,21,2/28/2024 16:43,1,1,6144,2253,3818,26.51,57,31.2207,3.30859,15.2891,12.6221,21.3018
Mistral,1,22,2/28/2024 16:43,0,0,6144,2253,3818,26.22,57,31.2207,3.30859,15.2891,12.6221,21.3008
Mistral,1,23,2/28/2024 16:43,3,2,6144,2253,3818,26.23,57,31.2207,3.30371,15.2939,12.6221,21.3066
Mistral,1,24,2/28/2024 16:43,0,0,6144,2253,3818,35.62,58,31.2207,3.30957,15.2939,12.6162,21.3057
Mistral,1,25,2/28/2024 16:43,6,3,6144,2253,3818,26.52,58,31.2207,3.30469,15.2988,12.6162,21.3105
Mistral,1,26,2/28/2024 16:43,7,4,6144,2253,3818,26.23,58,31.2207,3.31543,15.2881,12.6162,21.2998
Mistral,1,27,2/28/2024 16:43,7,4,6144,2253,3818,26.21,58,31.2207,3.30664,15.2969,12.6162,21.3086
Mistral,1,28,2/28/2024 16:43,7,4,6144,2253,3818,36.35,58,31.2207,3.30762,15.2969,12.6162,21.3086
Mistral,1,29,2/28/2024 16:43,7,4,6144,2253,3818,26.35,58,31.2207,3.30859,15.2949,12.6162,21.3076
Mistral,1,30,2/28/2024 16:43,7,4,6144,2253,3818,26.38,58,31.2207,3.31152,15.2969,12.6113,21.3086
Mistral,1,31,2/28/2024 16:43,7,4,6144,2253,3818,26.37,59,31.2207,3.3125,15.2969,12.6113,21.3086
Mistral,1,32,2/28/2024 16:43,7,4,6144,2253,3818,48.65,59,31.2207,3.31348,15.2949,12.6113,21.3066
Mistral,1,33,2/28/2024 16:43,7,4,6144,2253,3818,27.26,59,31.2207,3.31445,15.2939,12.6113,21.3057
Mistral,1,34,2/28/2024 16:43,7,4,6144,2253,3818,26.37,59,31.2207,3.31543,15.293,12.6113,21.3057
Mistral,1,35,2/28/2024 16:43,4,2,6144,2253,3818,26.36,59,31.2207,3.31445,15.2939,12.6113,21.3057
Mistral,1,36,2/28/2024 16:43,0,0,6144,2253,3818,26.38,59,31.2207,3.31543,15.293,12.6113,21.3047
Mistral,1,37,2/28/2024 16:43,7,4,6144,2253,3818,26.37,59,31.2207,3.31543,15.293,12.6113,21.3057
Mistral,1,38,2/28/2024 16:43,7,4,6144,2253,3818,48.17,59,31.2207,3.31543,15.293,12.6113,21.3047
Mistral,1,39,2/28/2024 16:43,7,4,6144,2253,3818,28.94,60,31.2207,3.31543,15.293,12.6113,21.3057
Mistral,1,40,2/28/2024 16:43,7,4,6144,2253,3818,26.66,60,31.2207,3.31641,15.292,12.6113,21.3037
Mistral,1,41,2/28/2024 16:43,7,4,6144,2253,3818,26.53,60,31.2207,3.31543,15.293,12.6113,21.3047
Mistral,1,42,2/28/2024 16:43,7,4,6144,2253,3818,26.51,60,31.2207,3.31445,15.2939,12.6113,21.3057
Mistral,1,43,2/28/2024 16:43,7,4,6144,2253,3818,26.52,60,31.2207,3.31543,15.293,12.6113,21.3057
Mistral,1,44,2/28/2024 16:43,7,4,6144,2253,3818,45.21,60,31.2207,3.2959,15.3125,12.6113,21.3242
Mistral,1,45,2/28/2024 16:43,7,4,6144,2253,3818,26.95,60,31.2207,3.29395,15.3145,12.6113,21.3262
Mistral,1,46,2/28/2024 16:43,7,4,6144,2253,3818,26.81,60,31.2207,3.28809,15.3203,12.6113,21.332
Mistral,1,47,2/28/2024 16:43,7,4,6144,2253,3818,26.81,60,31.2207,3.28906,15.3203,12.6113,21.332
Mistral,1,48,2/28/2024 16:43,7,4,6144,2253,3818,26.81,60,31.2207,3.28906,15.3203,12.6113,21.332
Mistral,1,49,2/28/2024 16:43,7,4,6144,2253,3818,34.29,61,31.2207,3.28906,15.3193,12.6113,21.332
Mistral,1,50,2/28/2024 16:43,7,4,6144,2253,3818,29.68,61,31.2207,3.28906,15.3193,12.6113,21.332
Mistral,1,51,2/28/2024 16:43,0,0,6144,2253,3818,24.73,60,31.2207,3.28906,15.3203,12.6113,21.332
Mistral,1,52,2/28/2024 16:43,0,0,6144,2253,3818,30.86,60,31.2207,3.28906,15.3193,12.6113,21.332
Mistral,1,53,2/28/2024 16:43,0,0,6144,2253,3818,24.88,61,31.2207,3.29004,15.3193,12.6113,21.3311
Mistral,1,54,2/28/2024 16:43,0,0,6144,2253,3818,24.75,61,31.2207,3.29102,15.3184,12.6113,21.3301
Mistral,1,55,2/28/2024 16:43,0,0,6144,2253,3818,24.73,61,31.2207,3.29102,15.3174,12.6113,21.3301
Mistral,1,56,2/28/2024 16:43,7,4,6144,2253,3818,24.74,61,31.2207,3.29199,15.3164,12.6113,21.3291
Mistral,1,57,2/28/2024 16:43,7,4,6144,2253,3818,35.59,61,31.2207,3.29102,15.3184,12.6113,21.3301
Mistral,1,58,2/28/2024 16:43,7,4,6144,2253,3818,27.02,61,31.2207,3.29102,15.3174,12.6113,21.3291
Mistral,1,59,2/28/2024 16:43,7,4,6144,2253,3818,29.27,61,31.2207,3.29102,15.3174,12.6113,21.3291
Mistral,1,60,2/28/2024 16:43,7,4,6144,2253,3818,25.33,61,31.2207,3.29102,15.3174,12.6113,21.3291
Mistral,1,61,2/28/2024 16:43,7,4,6144,2253,3818,25.20,61,31.2207,3.29199,15.3164,12.6113,21.3281
Mistral,1,62,2/28/2024 16:43,7,4,6144,2253,3818,24.75,61,31.2207,3.29102,15.3174,12.6113,21.3291
Mistral,1,63,2/28/2024 16:43,7,4,6144,2253,3818,24.78,61,31.2207,3.29102,15.3174,12.6113,21.3301
Mistral,1,64,2/28/2024 16:43,7,4,6144,2253,3818,24.73,61,31.2207,3.29102,15.3174,12.6113,21.3291
Mistral,1,65,2/28/2024 16:43,7,4,6144,2253,3818,24.74,61,31.2207,3.29102,15.3174,12.6113,21.3291
Mistral,1,66,2/28/2024 16:43,7,4,6144,2253,3818,24.75,61,31.2207,3.29199,15.3164,12.6113,21.3281
Mistral,1,67,2/28/2024 16:43,7,4,6144,2253,3818,24.73,61,31.2207,3.29004,15.3184,12.6113,21.3301
Mistral,1,68,2/28/2024 16:43,7,4,6144,2253,3818,24.75,62,31.2207,3.28906,15.3193,12.6113,21.332
Mistral,1,69,2/28/2024 16:43,7,4,6144,2253,3818,38.81,62,31.2207,3.29004,15.3184,12.6113,21.3301
Mistral,1,70,2/28/2024 16:43,7,4,6144,2253,3818,28.21,62,31.2207,3.29004,15.3184,12.6113,21.3311
Mistral,1,71,2/28/2024 16:43,1,1,6144,2253,3818,25.33,62,31.2207,3.29102,15.3174,12.6113,21.3291
Mistral,1,72,2/28/2024 16:43,0,0,6144,2253,3818,24.75,62,31.2207,3.29102,15.3174,12.6113,21.3291
Mistral,1,73,2/28/2024 16:43,0,0,6144,2253,3818,24.73,62,31.2207,3.29688,15.3115,12.6113,21.3232
Mistral,1,74,2/28/2024 16:43,7,4,6144,2253,3818,24.78,62,31.2207,3.30859,15.2998,12.6113,21.3115
Mistral,1,75,2/28/2024 16:43,7,4,6144,2253,3818,24.89,62,31.2207,3.30859,15.2998,12.6113,21.3115
Mistral,1,76,2/28/2024 16:43,7,4,6144,2253,3818,24.74,62,31.2207,3.30859,15.2998,12.6113,21.3125
Mistral,1,77,2/28/2024 16:44,7,4,6144,2253,3818,24.75,62,31.2207,3.30957,15.2988,12.6113,21.3105
Mistral,1,78,2/28/2024 16:44,5,2,6144,2253,3818,24.89,62,31.2207,3.31836,15.29,12.6113,21.3018
Mistral,1,79,2/28/2024 16:44,7,4,6144,2253,3818,24.73,62,31.2207,3.32031,15.2881,12.6113,21.2998
Mistral,1,80,2/28/2024 16:44,7,4,6144,2253,3818,29.39,62,31.2207,3.30859,15.2998,12.6113,21.3115
Mistral,1,81,2/28/2024 16:44,7,4,6144,2253,3818,26.12,62,31.2207,3.30859,15.2998,12.6113,21.3115
Mistral,1,82,2/28/2024 16:44,7,4,6144,2253,3818,25.93,62,31.2207,3.32031,15.2891,12.6113,21.3008
Mistral,1,83,2/28/2024 16:44,7,4,6144,2253,3818,25.04,62,31.2207,3.30859,15.2998,12.6113,21.3115
Mistral,1,84,2/28/2024 16:44,7,4,6144,2253,3818,24.89,62,31.2207,3.30957,15.2988,12.6113,21.3105
Mistral,1,85,2/28/2024 16:44,7,4,6144,2253,3818,24.88,62,31.2207,3.30957,15.2988,12.6113,21.3105
Mistral,1,86,2/28/2024 16:44,7,4,6144,2253,3818,24.88,62,31.2207,3.31055,15.2988,12.6113,21.3105
Mistral,1,87,2/28/2024 16:44,6,3,6144,2253,3818,24.74,62,31.2207,3.31055,15.2979,12.6113,21.3096
Mistral,1,88,2/28/2024 16:44,7,4,6144,2253,3818,24.73,62,31.2207,3.31055,15.2979,12.6113,21.3096
Mistral,1,89,2/28/2024 16:44,7,4,6144,2253,3818,40.03,62,31.2207,3.31152,15.2979,12.6113,21.3096
Mistral,1,90,2/28/2024 16:44,7,4,6144,2253,3818,33.56,62,31.2207,3.3125,15.2959,12.6113,21.3076
Mistral,1,91,2/28/2024 16:44,7,4,6144,2253,3818,25.33,63,31.2207,3.3125,15.2959,12.6113,21.3076
Mistral,1,92,2/28/2024 16:44,7,4,6144,2253,3818,24.89,63,31.2207,3.3125,15.2959,12.6113,21.3076
Mistral,1,93,2/28/2024 16:44,7,4,6144,2253,3818,24.89,63,31.2207,3.30957,15.2988,12.6113,21.3105
Mistral,1,94,2/28/2024 16:44,7,4,6144,2253,3818,24.88,63,31.2207,3.31055,15.2979,12.6113,21.3105
Mistral,1,95,2/28/2024 16:44,7,3,6144,2253,3818,24.89,63,31.2207,3.31055,15.2979,12.6113,21.3105
Mistral,1,96,2/28/2024 16:44,7,4,6144,2253,3818,24.88,63,31.2207,3.31152,15.2969,12.6113,21.3096
Mistral,1,97,2/28/2024 16:44,7,4,6144,2253,3818,41.32,63,31.2207,3.31055,15.2979,12.6113,21.3105
Mistral,1,98,2/28/2024 16:44,7,4,6144,2253,3818,31.30,63,31.2207,3.31055,15.2988,12.6113,21.3105
Mistral,1,99,2/28/2024 16:44,7,4,6144,2253,3818,25.48,63,31.2207,3.31055,15.2979,12.6113,21.3096
Mistral,1,100,2/28/2024 16:44,7,4,6144,2253,3818,25.02,63,31.2207,3.3125,15.2959,12.6113,21.3086
Mistral,1,101,2/28/2024 16:44,7,4,6144,2253,3818,24.88,63,31.2207,3.3125,15.2959,12.6113,21.3076
Mistral,1,102,2/28/2024 16:44,0,0,6144,2253,3818,25.05,63,31.2207,3.3125,15.2959,12.6113,21.3076
Mistral,1,103,2/28/2024 16:44,8,4,6144,2253,3818,25.01,63,31.2207,3.31152,15.2969,12.6113,21.3086
Mistral,1,104,2/28/2024 16:44,8,4,6144,2253,3818,25.05,63,31.2207,3.31152,15.2969,12.6113,21.3086
Mistral,1,105,2/28/2024 16:44,8,4,6144,2253,3818,24.88,63,31.2207,3.29395,15.3145,12.6113,21.3271
Mistral,1,106,2/28/2024 16:44,8,4,6144,2253,3818,24.87,63,31.2207,3.29395,15.3145,12.6113,21.3262
Mistral,1,107,2/28/2024 16:44,8,4,6144,2253,3818,24.88,63,31.2207,3.29492,15.3135,12.6113,21.3252
Mistral,1,108,2/28/2024 16:44,8,4,6144,2253,3818,24.87,63,31.2207,3.2959,15.3018,12.6211,21.3145
Mistral,1,109,2/28/2024 16:44,3,1,6144,2253,3818,24.88,63,31.2207,3.30176,15.292,12.626,21.3037
Mistral,1,110,2/28/2024 16:44,8,4,6144,2253,3818,24.87,63,31.2207,3.30371,15.2959,12.6201,21.3076
Mistral,1,111,2/28/2024 16:44,8,4,6144,2253,3818,33.03,63,31.2207,3.29492,15.3047,12.6201,21.3164
Mistral,1,112,2/28/2024 16:44,8,4,6144,2253,3818,32.20,63,31.2207,3.2959,15.3096,12.6143,21.3213
Mistral,1,113,2/28/2024 16:44,0,0,6144,4447,1624,28.93,64,31.2207,3.25977,17.1543,10.8066,23.1641
Mistral,1,114,2/28/2024 16:44,3,1,6144,6065,6,31.94,64,31.2207,2.93652,21.2012,7.08301,27.207
Mistral,2,0,2/28/2024 16:56,0,0,6144,6065,6,6.14,42,31.2207,3.03223,21.1143,7.07324,27.1221
Mistral,2,1,2/28/2024 16:56,0,0,6144,5989,82,23.58,43,31.2207,3.19434,20.9424,7.08203,26.9502
Mistral,2,2,2/28/2024 16:56,0,0,6144,5273,798,23.58,43,31.2207,3.21484,18.8887,9.11621,24.8984
Mistral,2,3,2/28/2024 16:56,2,3,6144,2435,3636,23.73,44,31.2207,3.28125,17.2402,10.6992,23.251
Mistral,2,4,2/28/2024 16:56,2,0,6144,4627,1444,24.29,44,31.2207,3.28125,15.333,12.6064,21.3467
Mistral,2,5,2/28/2024 16:56,0,0,6144,4631,1440,24.93,44,31.2207,3.19824,20.2939,7.72754,26.3027
Mistral,2,6,2/28/2024 16:56,0,0,6144,5273,798,24.92,44,31.2207,3.2002,18.8027,9.21582,24.8125
Mistral,2,7,2/28/2024 16:56,2,3,6144,2435,3636,23.72,44,31.2207,3.2666,17.1309,10.8223,23.1426
Mistral,2,8,2/28/2024 16:56,34,5,6144,2323,3748,45.41,45,31.2207,3.32031,15.3008,12.5986,21.3145
Mistral,2,9,2/28/2024 16:56,73,13,6144,2323,3748,70.54,48,31.2207,3.30957,15.3115,12.5986,21.3252
Mistral,2,10,2/28/2024 16:56,80,15,6144,2323,3748,42.25,48,31.2207,3.31055,15.3105,12.5986,21.3242
Mistral,2,11,2/28/2024 16:56,80,13,6144,2323,3748,65.93,49,31.2207,3.30957,15.3115,12.5986,21.3252
Mistral,2,12,2/28/2024 16:56,75,14,6144,2253,3818,33.22,50,31.2207,3.30957,15.3115,12.5986,21.3252
Mistral,2,13,2/28/2024 16:56,75,14,6144,2253,3818,32.94,50,31.2207,3.31055,15.3105,12.5986,21.3242
Mistral,2,14,2/28/2024 16:56,74,13,6144,2253,3818,35.01,51,31.2207,3.31055,15.3154,12.5938,21.3291
Mistral,2,15,2/28/2024 16:56,100,27,6144,2253,3818,28.62,51,31.2207,3.31934,15.3066,12.5938,21.3203
Mistral,2,16,2/28/2024 16:56,72,13,6144,2253,3818,59.30,52,31.2207,3.30859,15.3174,12.5938,21.3311
Mistral,2,17,2/28/2024 16:56,71,13,6144,2253,3818,62.12,52,31.2207,3.30859,15.3174,12.5938,21.3311
Mistral,2,18,2/28/2024 16:57,72,14,6144,2253,3818,88.50,53,31.2207,3.30859,15.3174,12.5938,21.3311
Mistral,2,19,2/28/2024 16:57,6,4,6144,2253,3818,29.32,52,31.2207,3.31934,15.3066,12.5938,21.3203
Mistral,2,20,2/28/2024 16:57,6,4,6144,2253,3818,29.33,52,31.2207,3.30957,15.3164,12.5938,21.3301
Mistral,2,21,2/28/2024 16:57,6,4,6144,2253,3818,57.81,52,31.2207,3.31055,15.3154,12.5938,21.3291
Mistral,2,22,2/28/2024 16:57,6,4,6144,2253,3818,29.90,52,31.2207,3.3125,15.3135,12.5938,21.3271
Mistral,2,23,2/28/2024 16:57,6,4,6144,2253,3818,29.33,52,31.2207,3.3125,15.3135,12.5938,21.3271
Mistral,2,24,2/28/2024 16:57,6,4,6144,2253,3818,29.32,52,31.2207,3.31445,15.3115,12.5938,21.3262
Mistral,2,25,2/28/2024 16:57,6,4,6144,2253,3818,44.98,52,31.2207,3.31543,15.3105,12.5938,21.3242
Mistral,2,26,2/28/2024 16:57,6,4,6144,2253,3818,32.94,53,31.2207,3.31543,15.3105,12.5938,21.3242
Mistral,2,27,2/28/2024 16:57,6,4,6144,2253,3818,29.48,53,31.2207,3.31641,15.3096,12.5938,21.3232
Mistral,2,28,2/28/2024 16:57,6,4,6144,2253,3818,29.37,53,31.2207,3.2998,15.3262,12.5938,21.3398
Mistral,2,29,2/28/2024 16:57,3,2,6144,2253,3818,29.46,53,31.2207,3.2998,15.3271,12.5938,21.3408
Mistral,2,30,2/28/2024 16:57,0,0,6144,2253,3818,29.48,53,31.2207,3.31348,15.3125,12.5938,21.3262
Mistral,2,31,2/28/2024 16:57,6,4,6144,2253,3818,29.44,53,31.2207,3.32812,15.2988,12.5938,21.3125
Mistral,2,32,2/28/2024 16:57,6,4,6144,2253,3818,29.48,54,31.2207,3.3291,15.2969,12.5938,21.3105
Mistral,2,33,2/28/2024 16:57,6,4,6144,2253,3818,34.60,54,31.2207,3.3291,15.2969,12.5938,21.3105
Mistral,2,34,2/28/2024 16:57,6,4,6144,2253,3818,37.94,54,31.2207,3.3291,15.2979,12.5938,21.3115
Mistral,2,35,2/28/2024 16:57,6,4,6144,2253,3818,29.61,54,31.2207,3.33008,15.2959,12.5938,21.3105
Mistral,2,36,2/28/2024 16:57,6,4,6144,2253,3818,29.46,54,31.2207,3.32227,15.3037,12.5938,21.3174
Mistral,2,37,2/28/2024 16:57,6,4,6144,2253,3818,29.46,55,31.2207,3.31543,15.3105,12.5938,21.3242
Mistral,2,38,2/28/2024 16:57,6,4,6144,2253,3818,49.23,55,31.2207,3.31543,15.3105,12.5938,21.3242
Mistral,2,39,2/28/2024 16:57,6,4,6144,2253,3818,29.74,55,31.2207,3.31641,15.3096,12.5938,21.3232
Mistral,2,40,2/28/2024 16:57,6,4,6144,2253,3818,29.60,55,31.2207,3.31445,15.3115,12.5938,21.3252
Mistral,2,41,2/28/2024 16:57,6,4,6144,2253,3818,29.62,55,31.2207,3.31543,15.3105,12.5938,21.3252
Mistral,2,42,2/28/2024 16:57,6,4,6144,2253,3818,54.19,56,31.2207,3.31445,15.3115,12.5938,21.3252
Mistral,2,43,2/28/2024 16:57,6,4,6144,2253,3818,31.26,56,31.2207,3.31543,15.3105,12.5938,21.3252
Mistral,2,44,2/28/2024 16:57,6,4,6144,2253,3818,29.76,56,31.2207,3.31543,15.3105,12.5938,21.3252
Mistral,2,45,2/28/2024 16:57,6,4,6144,2253,3818,29.61,56,31.2207,3.31543,15.3105,12.5938,21.3252
Mistral,2,46,2/28/2024 16:57,6,4,6144,2253,3818,29.59,56,31.2207,3.31543,15.3105,12.5938,21.3242
Mistral,2,47,2/28/2024 16:57,6,4,6144,2253,3818,31.40,57,31.2207,3.31543,15.3105,12.5938,21.3242
Mistral,2,48,2/28/2024 16:57,6,4,6144,2253,3818,29.76,57,31.2207,3.31445,15.3115,12.5938,21.3252
Mistral,2,49,2/28/2024 16:57,6,4,6144,2253,3818,29.76,57,31.2207,3.3125,15.3135,12.5938,21.3271
Mistral,2,50,2/28/2024 16:57,7,4,6144,2253,3818,24.45,56,31.2207,3.31348,15.3125,12.5938,21.3262
Mistral,2,51,2/28/2024 16:57,7,4,6144,2253,3818,43.74,56,31.2207,3.3125,15.3135,12.5938,21.3271
Mistral,2,52,2/28/2024 16:57,7,4,6144,2253,3818,25.34,56,31.2207,3.32324,15.3027,12.5938,21.3174
Mistral,2,53,2/28/2024 16:57,7,4,6144,2253,3818,24.46,56,31.2207,3.31445,15.3115,12.5938,21.3262
Mistral,2,54,2/28/2024 16:57,7,4,6144,2253,3818,24.45,56,31.2207,3.31445,15.3125,12.5938,21.3262
Mistral,2,55,2/28/2024 16:57,7,4,6144,2253,3818,24.46,57,31.2207,3.31348,15.3125,12.5938,21.3271
Mistral,2,56,2/28/2024 16:57,0,0,6144,2253,3818,24.45,57,31.2207,3.31445,15.3115,12.5938,21.3252
Mistral,2,57,2/28/2024 16:57,0,0,6144,2253,3818,27.17,57,31.2207,3.31445,15.3115,12.5938,21.3262
Mistral,2,58,2/28/2024 16:57,1,1,6144,2253,3818,24.88,57,31.2207,3.31348,15.3115,12.5938,21.3262
Mistral,2,59,2/28/2024 16:57,3,1,6144,2253,3818,24.46,57,31.2207,3.31445,15.3115,12.5938,21.3262
Mistral,2,60,2/28/2024 16:57,7,4,6144,2253,3818,24.44,57,31.2207,3.31445,15.3115,12.5938,21.3252
Mistral,2,61,2/28/2024 16:57,7,4,6144,2253,3818,24.45,57,31.2207,3.31543,15.3105,12.5938,21.3252
Mistral,2,62,2/28/2024 16:57,7,4,6144,2253,3818,24.44,57,31.2207,3.31348,15.3125,12.5938,21.3262
Mistral,2,63,2/28/2024 16:57,7,4,6144,2253,3818,39.74,57,31.2207,3.29883,15.3271,12.5938,21.3408
Mistral,2,64,2/28/2024 16:57,7,4,6144,2253,3818,24.47,57,31.2207,3.30957,15.3164,12.5938,21.3301
Mistral,2,65,2/28/2024 16:57,7,4,6144,2253,3818,24.45,57,31.2207,3.31348,15.3125,12.5938,21.3271
Mistral,2,66,2/28/2024 16:57,7,4,6144,2253,3818,24.45,58,31.2207,3.31348,15.3125,12.5938,21.3262
Mistral,2,67,2/28/2024 16:57,7,4,6144,2253,3818,24.45,58,31.2207,3.31152,15.3145,12.5938,21.3291
Mistral,2,68,2/28/2024 16:57,7,4,6144,2253,3818,32.05,58,31.2207,3.30957,15.3164,12.5938,21.3301
Mistral,2,69,2/28/2024 16:57,7,4,6144,2253,3818,24.74,58,31.2207,3.31055,15.3154,12.5938,21.3291
Mistral,2,70,2/28/2024 16:57,7,4,6144,2253,3818,24.45,58,31.2207,3.30957,15.3164,12.5938,21.3301
Mistral,2,71,2/28/2024 16:57,1,0,6144,4451,1620,26.10,58,31.2207,3.19531,17.5742,10.4512,23.585
Mistral,3,0,2/28/2024 17:00,0,0,6144,6065,6,4.18,46,31.2207,3.03027,21.123,7.06641,27.1318
Mistral,3,1,2/28/2024 17:00,0,0,6144,5989,82,23.87,47,31.2207,3.19629,20.9453,7.07715,26.9541
Mistral,3,2,2/28/2024 17:00,0,0,6144,5273,798,23.87,47,31.2207,3.21094,18.9531,9.05566,24.9629
Mistral,3,3,2/28/2024 17:00,2,3,6144,2435,3636,23.86,47,31.2207,3.28125,17.2881,10.6504,23.3008
Mistral,3,4,2/28/2024 17:00,12,2,6144,4627,1444,24.49,48,31.2207,3.28223,15.3408,12.5977,21.3545
Mistral,3,5,2/28/2024 17:00,0,0,6144,4631,1440,23.80,48,31.2207,3.19922,20.3271,7.69336,26.3369
Mistral,3,6,2/28/2024 17:00,0,0,6144,5273,798,23.86,48,31.2207,3.20215,18.8301,9.18848,24.8398
Mistral,3,7,2/28/2024 17:00,2,3,6144,2435,3636,23.84,48,31.2207,3.26465,17.1729,10.7822,23.1855
Mistral,3,8,2/28/2024 17:00,26,3,6144,2323,3748,41.18,48,31.2207,3.30664,15.3164,12.5977,21.3301
Mistral,3,9,2/28/2024 17:00,77,14,6144,2323,3748,73.49,51,31.2207,3.31543,15.3066,12.5977,21.3213
Mistral,3,10,2/28/2024 17:00,78,14,6144,2323,3748,62.05,52,31.2207,3.31152,15.3096,12.5977,21.3242
Mistral,3,11,2/28/2024 17:00,78,12,6144,2323,3748,64.33,53,31.2207,3.31152,15.3105,12.5977,21.3252
Mistral,3,12,2/28/2024 17:00,74,14,6144,2253,3818,69.33,53,31.2207,3.32227,15.2988,12.5977,21.3135
Mistral,3,13,2/28/2024 17:00,74,13,6144,2253,3818,73.14,54,31.2207,3.33887,15.2832,12.5977,21.2979
Mistral,3,14,2/28/2024 17:00,65,11,6144,2253,3818,77.40,55,31.2207,3.32715,15.2939,12.5986,21.3086
Mistral,3,15,2/28/2024 17:00,100,26,6144,2253,3818,47.60,55,31.2207,3.3252,15.2959,12.5986,21.3115
Mistral,3,16,2/28/2024 17:00,73,14,6144,2253,3818,57.75,55,31.2207,3.32617,15.2959,12.5986,21.3105
Mistral,3,17,2/28/2024 17:00,70,14,6144,2253,3818,64.19,56,31.2207,3.33496,15.2959,12.5889,21.3105
Mistral,3,18,2/28/2024 17:00,63,12,6144,2253,3818,64.21,56,31.2207,3.33496,15.2959,12.5889,21.3115
Mistral,3,19,2/28/2024 17:00,0,0,6144,2253,3818,26.67,55,31.2207,3.33496,15.2959,12.5889,21.3105
Mistral,3,20,2/28/2024 17:00,6,4,6144,2253,3818,26.52,55,31.2207,3.3252,15.3057,12.5889,21.3203
Mistral,3,21,2/28/2024 17:00,6,4,6144,2253,3818,26.52,54,31.2207,3.3252,15.3057,12.5889,21.3213
Mistral,3,22,2/28/2024 17:00,1,0,6144,2253,3818,28.53,54,31.2207,3.3252,15.3057,12.5889,21.3203
Mistral,3,23,2/28/2024 17:00,0,0,6144,2253,3818,24.60,54,31.2207,3.32422,15.3066,12.5889,21.3213
Mistral,3,24,2/28/2024 17:00,0,0,6144,2253,3818,24.32,54,31.2207,3.3252,15.3057,12.5889,21.3203
Mistral,3,25,2/28/2024 17:00,0,0,6144,2253,3818,24.31,55,31.2207,3.32715,15.3037,12.5889,21.3184
Mistral,3,26,2/28/2024 17:00,7,4,6144,2253,3818,24.32,55,31.2207,3.32715,15.3027,12.5889,21.3184
Mistral,3,27,2/28/2024 17:00,7,4,6144,2253,3818,43.12,55,31.2207,3.32812,15.3027,12.5889,21.3174
Mistral,3,28,2/28/2024 17:00,7,4,6144,2253,3818,25.23,55,31.2207,3.32812,15.3027,12.5889,21.3174
Mistral,3,29,2/28/2024 17:00,7,4,6144,2253,3818,24.46,55,31.2207,3.3291,15.3018,12.5889,21.3174
Mistral,3,30,2/28/2024 17:00,7,4,6144,2253,3818,24.32,55,31.2207,3.3291,15.3008,12.5889,21.3164
Mistral,3,31,2/28/2024 17:00,7,4,6144,2253,3818,24.32,55,31.2207,3.33008,15.3008,12.5889,21.3154
Mistral,3,32,2/28/2024 17:00,7,4,6144,2253,3818,24.31,56,31.2207,3.3291,15.3008,12.5889,21.3164
Mistral,3,33,2/28/2024 17:00,7,4,6144,2253,3818,27.01,56,31.2207,3.3252,15.3047,12.5889,21.3203
Mistral,3,34,2/28/2024 17:00,7,4,6144,2253,3818,24.60,56,31.2207,3.32617,15.3047,12.5889,21.3203
Mistral,3,35,2/28/2024 17:00,7,4,6144,2253,3818,24.31,56,31.2207,3.32715,15.3037,12.5889,21.3193
Mistral,3,36,2/28/2024 17:00,7,4,6144,2253,3818,24.32,56,31.2207,3.32715,15.3037,12.5889,21.3184
Mistral,3,37,2/28/2024 17:00,7,4,6144,2253,3818,24.31,56,31.2207,3.32715,15.3027,12.5889,21.3184
Mistral,3,38,2/28/2024 17:00,7,4,6144,2253,3818,32.82,56,31.2207,3.33887,15.292,12.5889,21.3066
Mistral,3,39,2/28/2024 17:00,7,4,6144,2253,3818,24.59,57,31.2207,3.3291,15.3018,12.5889,21.3164
Mistral,3,40,2/28/2024 17:00,7,4,6144,2253,3818,24.45,57,31.2207,3.3291,15.3018,12.5889,21.3164
Mistral,3,41,2/28/2024 17:00,0,0,6144,2253,3818,24.45,57,31.2207,3.31055,15.3193,12.5889,21.335
Mistral,3,42,2/28/2024 17:00,0,0,6144,2253,3818,24.46,57,31.2207,3.30762,15.3232,12.5889,21.3379
Mistral,3,43,2/28/2024 17:00,7,4,6144,2253,3818,24.45,57,31.2207,3.30859,15.3213,12.5889,21.3369
Mistral,3,44,2/28/2024 17:00,7,4,6144,2253,3818,24.45,57,31.2207,3.30859,15.3223,12.5889,21.3369
Mistral,3,45,2/28/2024 17:00,7,4,6144,2253,3818,27.60,57,31.2207,3.30957,15.3213,12.5889,21.3359
Mistral,3,46,2/28/2024 17:00,7,4,6144,2253,3818,24.73,57,31.2207,3.30957,15.3213,12.5889,21.3359
Mistral,3,47,2/28/2024 17:00,7,4,6144,2253,3818,24.45,57,31.2207,3.31836,15.3125,12.5889,21.3271
Mistral,3,48,2/28/2024 17:00,7,4,6144,2253,3818,24.44,57,31.2207,3.30664,15.3242,12.5889,21.3389
Mistral,3,49,2/28/2024 17:00,7,4,6144,2253,3818,24.45,58,31.2207,3.30566,15.3242,12.5889,21.3398
Mistral,3,50,2/28/2024 17:00,7,4,6144,2253,3818,24.45,58,31.2207,3.30664,15.3242,12.5889,21.3389
Mistral,3,51,2/28/2024 17:00,7,4,6144,2253,3818,32.81,58,31.2207,3.30566,15.3242,12.5889,21.3398
Mistral,3,52,2/28/2024 17:00,7,4,6144,2253,3818,24.73,58,31.2207,3.30762,15.3232,12.5889,21.3389
Mistral,3,53,2/28/2024 17:01,7,4,6144,2253,3818,24.45,58,31.2207,3.30762,15.3232,12.5889,21.3389
Mistral,3,54,2/28/2024 17:01,7,4,6144,2253,3818,24.45,58,31.2207,3.30859,15.3223,12.5889,21.3369
Mistral,3,55,2/28/2024 17:01,7,4,6144,2253,3818,24.44,58,31.2207,3.31738,15.3135,12.5889,21.3281
Mistral,3,56,2/28/2024 17:01,7,4,6144,2253,3818,24.45,58,31.2207,3.30762,15.3232,12.5889,21.3389
Mistral,3,57,2/28/2024 17:01,7,4,6144,2253,3818,24.59,58,31.2207,3.30664,15.3242,12.5889,21.3389
Mistral,3,58,2/28/2024 17:01,7,4,6144,2253,3818,29.57,59,31.2207,3.30664,15.3242,12.5889,21.3389
Mistral,3,59,2/28/2024 17:01,7,4,6144,2253,3818,35.47,58,31.2207,3.30762,15.3232,12.5889,21.3379
Mistral,3,60,2/28/2024 17:01,7,4,6144,2253,3818,28.51,59,31.2207,3.30762,15.3232,12.5889,21.3389
Mistral,3,61,2/28/2024 17:01,7,4,6144,2253,3818,24.88,59,31.2207,3.30762,15.3223,12.5889,21.3379
Mistral,3,62,2/28/2024 17:01,7,4,6144,2253,3818,24.58,59,31.2207,3.30664,15.3232,12.5889,21.3389
Mistral,3,63,2/28/2024 17:01,7,4,6144,2253,3818,24.59,59,31.2207,3.30664,15.3242,12.5889,21.3389
Mistral,3,64,2/28/2024 17:01,7,4,6144,2253,3818,24.59,59,31.2207,3.30664,15.3242,12.5889,21.3389
Mistral,3,65,2/28/2024 17:01,7,4,6144,2253,3818,24.58,59,31.2207,3.30762,15.3232,12.5889,21.3379
Mistral,3,66,2/28/2024 17:01,2,1,6144,2253,3818,34.44,59,31.2207,3.30859,15.3223,12.5889,21.3369
Mistral,3,67,2/28/2024 17:01,5,3,6144,2253,3818,32.50,59,31.2207,3.30957,15.3213,12.5889,21.3359
Mistral,3,68,2/28/2024 17:01,4,2,6144,2253,3818,24.91,59,31.2207,3.31055,15.3203,12.5889,21.335
Mistral,3,69,2/28/2024 17:01,7,4,6144,2253,3818,25.18,59,31.2207,3.31934,15.3105,12.5889,21.3262
Mistral,3,70,2/28/2024 17:01,7,4,6144,2253,3818,24.62,59,31.2207,3.31445,15.3154,12.5889,21.3311
Mistral,3,71,2/28/2024 17:01,7,4,6144,2253,3818,24.75,59,31.2207,3.33008,15.3008,12.5889,21.3154
Mistral,3,72,2/28/2024 17:01,0,0,6144,2253,3818,25.02,59,31.2207,3.33398,15.2959,12.5889,21.3115
Mistral,3,73,2/28/2024 17:01,3,1,6144,2253,3818,24.60,59,31.2207,3.33594,15.2949,12.5889,21.3096
Mistral,3,74,2/28/2024 17:01,3,2,6144,2253,3818,24.58,60,31.2207,3.3457,15.2852,12.5889,21.2998
Mistral,3,75,2/28/2024 17:01,7,4,6144,2253,3818,24.60,60,31.2207,3.3291,15.3018,12.5889,21.3164
Mistral,3,76,2/28/2024 17:01,7,4,6144,2253,3818,24.58,60,31.2207,3.3291,15.3008,12.5889,21.3164
Mistral,3,77,2/28/2024 17:01,7,4,6144,2253,3818,30.99,60,31.2207,3.3291,15.3008,12.5889,21.3164
Mistral,3,78,2/28/2024 17:01,7,4,6144,2253,3818,26.56,60,31.2207,3.3291,15.3018,12.5889,21.3164
Mistral,3,79,2/28/2024 17:01,7,4,6144,2253,3818,25.04,60,31.2207,3.32812,15.3027,12.5889,21.3174
Mistral,3,80,2/28/2024 17:01,7,4,6144,2253,3818,24.73,60,31.2207,3.3291,15.3018,12.5889,21.3164
Mistral,3,81,2/28/2024 17:01,7,4,6144,2253,3818,24.59,60,31.2207,3.32812,15.3018,12.5889,21.3174
Mistral,3,82,2/28/2024 17:01,7,4,6144,2253,3818,24.59,60,31.2207,3.3291,15.3018,12.5889,21.3164
Mistral,3,83,2/28/2024 17:01,4,2,6144,2253,3818,24.59,60,31.2207,3.32715,15.3027,12.5889,21.3184
Mistral,3,84,2/28/2024 17:01,7,4,6144,2253,3818,24.58,60,31.2207,3.32715,15.3037,12.5889,21.3184
Mistral,3,85,2/28/2024 17:01,7,4,6144,2253,3818,32.95,60,31.2207,3.32715,15.3037,12.5889,21.3184
Mistral,3,86,2/28/2024 17:01,7,4,6144,2253,3818,32.65,60,31.2207,3.32715,15.3037,12.5889,21.3184
Mistral,3,87,2/28/2024 17:01,7,4,6144,2253,3818,25.34,60,31.2207,3.3291,15.3018,12.5889,21.3164
Mistral,3,88,2/28/2024 17:01,7,4,6144,2253,3818,24.73,61,31.2207,3.3291,15.3018,12.5889,21.3164
Mistral,3,89,2/28/2024 17:01,7,4,6144,2253,3818,24.74,60,31.2207,3.3291,15.3018,12.5889,21.3174
Mistral,3,90,2/28/2024 17:01,8,4,6144,2253,3818,24.73,61,31.2207,3.3291,15.3018,12.5889,21.3164
Mistral,3,91,2/28/2024 17:01,7,4,6144,2253,3818,24.75,61,31.2207,3.33008,15.3008,12.5889,21.3154
Mistral,3,92,2/28/2024 17:01,4,2,6144,2253,3818,24.73,61,31.2207,3.33008,15.3008,12.5889,21.3154
Mistral,3,93,2/28/2024 17:01,7,4,6144,2253,3818,33.98,61,31.2207,3.33105,15.2998,12.5889,21.3145
Mistral,3,94,2/28/2024 17:01,7,4,6144,2253,3818,41.04,61,31.2207,3.33105,15.2988,12.5889,21.3145
Mistral,3,95,2/28/2024 17:01,7,4,6144,2253,3818,29.26,61,31.2207,3.33008,15.3008,12.5889,21.3154
Mistral,3,96,2/28/2024 17:01,7,4,6144,2253,3818,26.23,61,31.2207,3.33008,15.2998,12.5889,21.3154
Mistral,3,97,2/28/2024 17:01,4,2,6144,2253,3818,28.07,61,31.2207,3.3291,15.3008,12.5889,21.3164
Mistral,3,98,2/28/2024 17:01,7,4,6144,2253,3818,33.26,61,31.2207,3.32715,15.3027,12.5889,21.3184
Mistral,3,99,2/28/2024 17:01,7,4,6144,2253,3818,33.95,61,31.2207,3.33301,15.2979,12.5898,21.3125
Mistral,3,100,2/28/2024 17:01,7,4,6144,2253,3818,24.73,61,31.2207,3.3623,15.2676,12.5889,21.2832
Mistral,3,101,2/28/2024 17:01,7,4,6144,2253,3818,24.74,61,31.2207,3.3623,15.2676,12.5889,21.2832
Mistral,3,102,2/28/2024 17:01,0,0,6144,2253,3818,30.69,61,31.2207,3.38672,15.2432,12.5898,21.2588
Mistral,3,103,2/28/2024 17:01,2,1,6144,2253,3818,25.18,61,31.2207,3.3877,15.2422,12.5898,21.2578
Mistral,3,104,2/28/2024 17:01,8,4,6144,2253,3818,24.88,61,31.2207,3.3877,15.2422,12.5898,21.2578
Mistral,3,105,2/28/2024 17:01,8,4,6144,2253,3818,24.74,61,31.2207,3.38867,15.2412,12.5898,21.2568
Mistral,3,106,2/28/2024 17:01,8,4,6144,2253,3818,24.73,61,31.2207,3.38965,15.2402,12.5898,21.2559
Mistral,3,107,2/28/2024 17:01,7,4,6144,2253,3818,24.73,61,31.2207,3.37988,15.25,12.5898,21.2656
Mistral,3,108,2/28/2024 17:01,0,0,6144,2253,3818,24.75,61,31.2207,3.38086,15.249,12.5898,21.2646
Mistral,3,109,2/28/2024 17:01,0,0,6144,2253,3818,24.73,61,31.2207,3.37988,15.25,12.5898,21.2656
Mistral,3,110,2/28/2024 17:02,8,4,6144,2253,3818,24.74,62,31.2207,3.37988,15.25,12.5898,21.2656
Mistral,3,111,2/28/2024 17:02,0,0,6144,4451,1620,27.13,62,31.2207,3.27051,19.0322,8.91699,25.0449
Mistral,4,0,2/28/2024 17:08,0,0,6144,6065,6,29.21,52,31.2207,3.00879,21.1455,7.06543,27.1543
Mistral,4,1,2/28/2024 17:08,0,0,6144,5989,82,28.78,52,31.2207,3.18945,20.9541,7.07715,26.9629
Mistral,4,2,2/28/2024 17:08,0,0,6144,5273,798,28.77,53,31.2207,3.2041,18.9326,9.08203,24.9434
Mistral,4,3,2/28/2024 17:08,2,3,6144,2435,3636,28.78,53,31.2207,3.27148,17.2656,10.6826,23.2783
Mistral,4,4,2/28/2024 17:08,4,1,6144,4627,1444,29.09,53,31.2207,3.28516,15.3418,12.5928,21.3564
Mistral,4,5,2/28/2024 17:08,0,0,6144,4631,1440,28.77,53,31.2207,3.21582,20.373,7.63086,26.3828
Mistral,4,6,2/28/2024 17:08,0,0,6144,5273,798,28.74,53,31.2207,3.2168,18.7812,9.22168,24.792
Mistral,4,7,2/28/2024 17:08,2,3,6144,2435,3636,28.92,53,31.2207,3.29297,17.1133,10.8135,23.126
Mistral,4,8,2/28/2024 17:08,31,5,6144,2323,3748,51.24,54,31.2207,3.33496,15.292,12.5928,21.3066
Mistral,4,9,2/28/2024 17:08,73,12,6144,2323,3748,40.43,55,31.2207,3.33594,15.291,12.5928,21.3057
Mistral,4,10,2/28/2024 17:08,74,13,6144,2323,3748,53.58,56,31.2207,3.33496,15.292,12.5928,21.3066
Mistral,4,11,2/28/2024 17:08,81,14,6144,2323,3748,72.48,57,31.2207,3.33008,15.2969,12.5928,21.3115
Mistral,4,12,2/28/2024 17:08,67,12,6144,2253,3818,49.26,57,31.2207,3.33008,15.2969,12.5928,21.3115
Mistral,4,13,2/28/2024 17:08,76,14,6144,2253,3818,49.05,57,31.2207,3.33008,15.2969,12.5928,21.3115
Mistral,4,14,2/28/2024 17:08,75,13,6144,2253,3818,41.51,58,31.2207,3.33008,15.2969,12.5928,21.3115
Mistral,4,15,2/28/2024 17:08,100,25,6144,2253,3818,28.19,58,31.2207,3.33203,15.2949,12.5928,21.3096
Mistral,4,16,2/28/2024 17:08,72,14,6144,2253,3818,66.78,59,31.2207,3.33105,15.2959,12.5928,21.3105
Mistral,4,17,2/28/2024 17:08,72,15,6144,2253,3818,75.43,59,31.2207,3.33496,15.2969,12.5879,21.3115
Mistral,4,18,2/28/2024 17:08,61,12,6144,2253,3818,92.62,59,31.2207,3.33594,15.2959,12.5879,21.3105
Mistral,4,19,2/28/2024 17:08,4,2,6144,2253,3818,28.31,59,31.2207,3.33594,15.2959,12.5879,21.3105
Mistral,4,20,2/28/2024 17:08,0,0,6144,2253,3818,28.15,58,31.2207,3.33691,15.2949,12.5879,21.3096
Mistral,4,21,2/28/2024 17:08,0,0,6144,2253,3818,27.99,58,31.2207,3.33203,15.2998,12.5879,21.3145
Mistral,4,22,2/28/2024 17:08,4,2,6144,2253,3818,24.46,58,31.2207,3.33398,15.2979,12.5879,21.3125
Mistral,4,23,2/28/2024 17:08,2,1,6144,2253,3818,27.76,58,31.2207,3.33398,15.2979,12.5879,21.3125
Mistral,4,24,2/28/2024 17:08,7,4,6144,2253,3818,30.44,58,31.2207,3.33496,15.2969,12.5879,21.3115
Mistral,4,25,2/28/2024 17:08,7,4,6144,2253,3818,24.63,58,31.2207,3.33496,15.2959,12.5879,21.3105
Mistral,4,26,2/28/2024 17:08,7,4,6144,2253,3818,24.46,58,31.2207,3.33594,15.2959,12.5879,21.3105
Mistral,4,27,2/28/2024 17:08,7,4,6144,2253,3818,24.45,58,31.2207,3.33789,15.2939,12.5879,21.3086
Mistral,4,28,2/28/2024 17:08,7,4,6144,2253,3818,24.45,58,31.2207,3.33789,15.2939,12.5879,21.3086
Mistral,4,29,2/28/2024 17:08,7,4,6144,2253,3818,42.23,58,31.2207,3.33887,15.293,12.5879,21.3076
Mistral,4,30,2/28/2024 17:08,7,4,6144,2253,3818,27.03,58,31.2207,3.33691,15.2949,12.5879,21.3096
Mistral,4,31,2/28/2024 17:08,7,4,6144,2253,3818,24.60,58,31.2207,3.33594,15.2959,12.5879,21.3105
Mistral,4,32,2/28/2024 17:08,7,4,6144,2253,3818,24.46,58,31.2207,3.33789,15.2939,12.5879,21.3086
Mistral,4,33,2/28/2024 17:08,7,4,6144,2253,3818,24.45,58,31.2207,3.33789,15.2939,12.5879,21.3086
Mistral,4,34,2/28/2024 17:08,7,4,6144,2253,3818,24.45,58,31.2207,3.33887,15.293,12.5879,21.3076
Mistral,4,35,2/28/2024 17:08,7,3,6144,2253,3818,31.03,58,31.2207,3.33984,15.292,12.5879,21.3066
Mistral,4,36,2/28/2024 17:08,0,0,6144,2253,3818,32.09,59,31.2207,3.32422,15.3076,12.5879,21.3223
Mistral,4,37,2/28/2024 17:08,7,4,6144,2253,3818,27.91,59,31.2207,3.3252,15.3057,12.5879,21.3213
Mistral,4,38,2/28/2024 17:08,7,4,6144,2253,3818,28.95,59,31.2207,3.32324,15.3086,12.5879,21.3232
Mistral,4,39,2/28/2024 17:09,7,4,6144,2253,3818,36.76,59,31.2207,3.32422,15.3076,12.5879,21.3223
Mistral,4,40,2/28/2024 17:09,7,4,6144,2253,3818,26.72,59,31.2207,3.32227,15.3096,12.5879,21.3242
Mistral,4,41,2/28/2024 17:09,0,0,6144,2253,3818,26.88,59,31.2207,3.31934,15.3125,12.5879,21.3271
Mistral,4,42,2/28/2024 17:09,0,0,6144,2253,3818,24.75,59,31.2207,3.32031,15.3115,12.5879,21.3262
Mistral,4,43,2/28/2024 17:09,0,0,6144,2253,3818,24.60,59,31.2207,3.32031,15.3105,12.5879,21.3252
Mistral,4,44,2/28/2024 17:09,0,0,6144,2253,3818,24.60,59,31.2207,3.31934,15.3125,12.5879,21.3271
Mistral,4,45,2/28/2024 17:09,7,4,6144,2253,3818,24.61,59,31.2207,3.31934,15.3125,12.5879,21.3271
Mistral,4,46,2/28/2024 17:09,7,4,6144,2253,3818,24.59,59,31.2207,3.31934,15.3125,12.5879,21.3271
Mistral,4,47,2/28/2024 17:09,7,4,6144,2253,3818,36.64,59,31.2207,3.32031,15.3115,12.5879,21.3262
Mistral,4,48,2/28/2024 17:09,7,4,6144,2253,3818,25.05,59,31.2207,3.32031,15.3115,12.5879,21.3262
Mistral,4,49,2/28/2024 17:09,7,4,6144,2253,3818,24.60,60,31.2207,3.32031,15.3115,12.5879,21.3262
Mistral,4,50,2/28/2024 17:09,7,4,6144,2253,3818,24.59,60,31.2207,3.32031,15.3115,12.5879,21.3262
Mistral,4,51,2/28/2024 17:09,7,4,6144,2253,3818,24.60,60,31.2207,3.32129,15.3105,12.5879,21.3252
Mistral,4,52,2/28/2024 17:09,7,4,6144,2253,3818,39.41,60,31.2207,3.32129,15.3105,12.5879,21.3252
Mistral,4,53,2/28/2024 17:09,7,4,6144,2253,3818,25.20,60,31.2207,3.32129,15.3105,12.5879,21.3252
Mistral,4,54,2/28/2024 17:09,7,4,6144,2253,3818,24.60,60,31.2207,3.32129,15.3096,12.5879,21.3242
Mistral,4,55,2/28/2024 17:09,7,4,6144,2253,3818,24.61,60,31.2207,3.32324,15.3086,12.5879,21.3232
Mistral,4,56,2/28/2024 17:09,4,2,6144,2253,3818,24.59,60,31.2207,3.32422,15.3076,12.5879,21.3223
Mistral,4,57,2/28/2024 17:09,0,0,6144,2253,3818,24.60,60,31.2207,3.32227,15.3086,12.5879,21.3232
Mistral,4,58,2/28/2024 17:09,7,4,6144,2253,3818,24.59,60,31.2207,3.32324,15.3086,12.5879,21.3232
Mistral,4,59,2/28/2024 17:09,7,4,6144,2253,3818,31.75,60,31.2207,3.32031,15.3105,12.5879,21.3252
Mistral,4,60,2/28/2024 17:09,7,4,6144,2253,3818,24.90,60,31.2207,3.32129,15.3096,12.5879,21.3242
Mistral,4,61,2/28/2024 17:09,7,4,6144,2253,3818,24.59,60,31.2207,3.32129,15.3105,12.5879,21.3252
Mistral,4,62,2/28/2024 17:09,7,4,6144,2253,3818,24.59,60,31.2207,3.32129,15.3105,12.5879,21.3252
Mistral,4,63,2/28/2024 17:09,7,4,6144,2253,3818,24.61,60,31.2207,3.33105,15.3008,12.5879,21.3154
Mistral,4,64,2/28/2024 17:09,7,4,6144,2253,3818,42.40,60,31.2207,3.32031,15.3115,12.5879,21.3262
Mistral,4,65,2/28/2024 17:09,7,4,6144,2253,3818,42.25,60,31.2207,3.32812,15.3037,12.5879,21.3184
Mistral,4,66,2/28/2024 17:09,7,4,6144,2253,3818,24.60,61,31.2207,3.34668,15.2852,12.5879,21.2998
Mistral,4,67,2/28/2024 17:09,7,4,6144,2253,3818,24.74,61,31.2207,3.34668,15.2852,12.5879,21.2998
Mistral,4,68,2/28/2024 17:09,7,4,6144,2253,3818,24.73,61,31.2207,3.34668,15.2842,12.5879,21.2998
Mistral,4,69,2/28/2024 17:09,7,4,6144,2253,3818,42.36,61,31.2207,3.34277,15.2891,12.5879,21.3037
Mistral,4,70,2/28/2024 17:09,7,4,6144,2253,3818,28.21,61,31.2207,3.34277,15.2881,12.5879,21.3027
Mistral,4,71,2/28/2024 17:09,7,4,6144,2253,3818,25.34,61,31.2207,3.34277,15.2881,12.5879,21.3037
Mistral,4,72,2/28/2024 17:09,1,0,6144,2253,3818,24.75,61,31.2207,3.34277,15.2881,12.5879,21.3037
Mistral,4,73,2/28/2024 17:09,0,0,6144,2253,3818,24.75,61,31.2207,3.34375,15.2871,12.5879,21.3027
Mistral,4,74,2/28/2024 17:09,0,0,6144,2253,3818,24.74,61,31.2207,3.34473,15.2861,12.5879,21.3018
Mistral,4,75,2/28/2024 17:09,7,4,6144,2253,3818,24.74,61,31.2207,3.34473,15.2871,12.5879,21.3018
Mistral,4,76,2/28/2024 17:09,7,4,6144,2253,3818,24.75,61,31.2207,3.34277,15.2891,12.5879,21.3037
Mistral,4,77,2/28/2024 17:09,7,4,6144,2253,3818,31.46,61,31.2207,3.34082,15.291,12.5879,21.3057
Mistral,4,78,2/28/2024 17:09,7,4,6144,2253,3818,25.19,61,31.2207,3.3418,15.29,12.5879,21.3047
Mistral,4,79,2/28/2024 17:09,7,4,6144,2253,3818,24.76,61,31.2207,3.3418,15.2891,12.5879,21.3037
Mistral,4,80,2/28/2024 17:09,7,4,6144,2253,3818,24.75,61,31.2207,3.34375,15.2881,12.5879,21.3027
Mistral,4,81,2/28/2024 17:09,7,4,6144,2253,3818,24.74,61,31.2207,3.34375,15.2881,12.5879,21.3027
Mistral,4,82,2/28/2024 17:09,7,4,6144,2253,3818,24.74,61,31.2207,3.34277,15.2881,12.5879,21.3037
Mistral,4,83,2/28/2024 17:09,0,0,6144,2253,3818,24.75,62,31.2207,3.34277,15.2881,12.5879,21.3037
Mistral,4,84,2/28/2024 17:09,7,4,6144,2253,3818,34.38,62,31.2207,3.34375,15.2871,12.5879,21.3018
Mistral,4,85,2/28/2024 17:09,7,4,6144,2253,3818,26.87,62,31.2207,3.34277,15.2891,12.5879,21.3037
Mistral,4,86,2/28/2024 17:09,0,0,6144,2253,3818,24.76,62,31.2207,3.34277,15.2881,12.5889,21.3037
Mistral,4,87,2/28/2024 17:09,0,0,6144,2253,3818,24.76,62,31.2207,3.34375,15.2881,12.5889,21.3027
Mistral,4,88,2/28/2024 17:09,7,4,6144,2253,3818,24.74,62,31.2207,3.34375,15.2871,12.5889,21.3027
Mistral,4,89,2/28/2024 17:09,7,4,6144,2253,3818,24.74,62,31.2207,3.34375,15.2881,12.5889,21.3027
Mistral,4,90,2/28/2024 17:09,7,4,6144,2253,3818,24.75,62,31.2207,3.34277,15.2881,12.5889,21.3037
Mistral,4,91,2/28/2024 17:09,7,4,6144,2253,3818,37.67,62,31.2207,3.34277,15.2891,12.5889,21.3037
Mistral,4,92,2/28/2024 17:09,7,4,6144,2253,3818,25.50,62,31.2207,3.35352,15.2773,12.5889,21.292
Mistral,4,93,2/28/2024 17:09,7,4,6144,2253,3818,24.89,62,31.2207,3.34375,15.2881,12.5879,21.3027
Mistral,4,94,2/28/2024 17:09,5,2,6144,2253,3818,24.89,62,31.2207,3.34375,15.2881,12.5879,21.3037
Mistral,4,95,2/28/2024 17:09,0,0,6144,2253,3818,24.75,62,31.2207,3.34473,15.2871,12.5879,21.3018
Mistral,4,96,2/28/2024 17:09,7,4,6144,2253,3818,24.74,62,31.2207,3.3457,15.2861,12.5879,21.3008
Mistral,4,97,2/28/2024 17:10,7,4,6144,2253,3818,24.89,62,31.2207,3.34668,15.2852,12.5879,21.2998
Mistral,4,98,2/28/2024 17:10,7,4,6144,2253,3818,24.89,62,31.2207,3.34668,15.2842,12.5879,21.2998
Mistral,4,99,2/28/2024 17:10,7,4,6144,2253,3818,24.74,62,31.2207,3.34473,15.2861,12.5879,21.3018
Mistral,4,100,2/28/2024 17:10,7,4,6144,2253,3818,39.72,62,31.2207,3.34277,15.2881,12.5879,21.3037
Mistral,4,101,2/28/2024 17:10,0,0,6144,2253,3818,29.25,62,31.2207,3.34375,15.2881,12.5879,21.3037
Mistral,4,102,2/28/2024 17:10,7,4,6144,2253,3818,34.99,62,31.2207,3.34375,15.2871,12.5879,21.3027
Mistral,4,103,2/28/2024 17:10,8,4,6144,2253,3818,40.00,63,31.2207,3.34473,15.2871,12.5879,21.3018
Mistral,4,104,2/28/2024 17:10,8,4,6144,2253,3818,24.90,63,31.2207,3.34473,15.2871,12.5879,21.3018
Mistral,4,105,2/28/2024 17:10,7,3,6144,2253,3818,24.89,63,31.2207,3.34473,15.2871,12.5879,21.3027
Mistral,4,106,2/28/2024 17:10,8,4,6144,2253,3818,24.89,63,31.2207,3.34375,15.2881,12.5879,21.3027
Mistral,4,107,2/28/2024 17:10,8,4,6144,2253,3818,24.86,63,31.2207,3.36328,15.2686,12.5879,21.2842
Mistral,4,108,2/28/2024 17:10,8,4,6144,2253,3818,35.26,63,31.2207,3.35352,15.2773,12.5879,21.293
Mistral,4,109,2/28/2024 17:10,8,4,6144,2253,3818,34.84,63,31.2207,3.33496,15.2959,12.5879,21.3115
Mistral,4,110,2/28/2024 17:10,5,2,6144,2253,3818,25.93,63,31.2207,3.33594,15.2949,12.5879,21.3105
Mistral,4,111,2/28/2024 17:10,0,0,6144,2253,3818,25.04,63,31.2207,3.33887,15.293,12.5879,21.3076
Mistral,4,112,2/28/2024 17:10,6,3,6144,2253,3818,25.03,63,31.2207,3.34766,15.2832,12.5889,21.2998
Mistral,4,113,2/28/2024 17:10,8,4,6144,2253,3818,24.89,63,31.2207,3.3418,15.2891,12.5889,21.3057
Mistral,4,114,2/28/2024 17:10,8,4,6144,2253,3818,24.89,63,31.2207,3.34277,15.2891,12.5889,21.3047
Mistral,4,115,2/28/2024 17:10,8,4,6144,2253,3818,24.88,63,31.2207,3.34277,15.2891,12.5889,21.3047
Mistral,4,116,2/28/2024 17:10,8,4,6144,2253,3818,24.88,63,31.2207,3.35156,15.2793,12.5889,21.2949
Mistral,4,117,2/28/2024 17:10,8,4,6144,2253,3818,24.90,63,31.2207,3.33594,15.2949,12.5889,21.3105
Mistral,4,118,2/28/2024 17:10,1,0,6144,2253,3818,24.88,63,31.2207,3.33496,15.2959,12.5889,21.3115
Mistral,4,119,2/28/2024 17:10,8,4,6144,2253,3818,42.50,63,31.2207,3.33594,15.2949,12.5889,21.3105
Mistral,4,120,2/28/2024 17:10,8,4,6144,2253,3818,32.65,63,31.2207,3.33594,15.2949,12.5889,21.3105
Mistral,4,121,2/28/2024 17:10,8,4,6144,2253,3818,25.62,63,31.2207,3.33594,15.2949,12.5889,21.3105
Mistral,4,122,2/28/2024 17:10,0,0,6144,4451,1620,24.91,63,31.2207,3.22949,18.3877,9.60254,24.4004
Mistral,5,0,2/28/2024 17:12,0,0,6144,6065,6,25.50,62,31.2207,3.0498,21.1104,7.05957,27.1211
Mistral,5,1,2/28/2024 17:12,0,0,6144,5989,82,25.06,62,31.2207,3.23438,20.9102,7.0752,26.9209
Mistral,5,2,2/28/2024 17:12,0,0,6144,5273,798,25.06,62,31.2207,3.25098,18.8984,9.07031,24.9102
Mistral,5,3,2/28/2024 17:12,1,0,6144,2435,3636,25.05,62,31.2207,3.30469,17.2441,10.6709,23.2578
Mistral,5,4,2/28/2024 17:12,0,0,6144,4627,1444,25.68,62,31.2207,3.31348,15.3154,12.5908,21.332
Mistral,5,5,2/28/2024 17:12,0,0,6144,4631,1440,27.44,62,31.2207,3.23926,20.3086,7.67188,26.3203
Mistral,5,6,2/28/2024 17:12,0,0,6144,5273,798,27.44,62,31.2207,3.24805,18.75,9.22168,24.7627
Mistral,5,7,2/28/2024 17:12,2,3,6144,2435,3636,27.44,62,31.2207,3.30859,17.0889,10.8223,23.1025
Mistral,5,8,2/28/2024 17:12,8,1,6144,2323,3748,40.45,62,31.2207,3.34082,15.2881,12.5898,21.3047
Mistral,5,9,2/28/2024 17:12,78,13,6144,2323,3748,37.46,64,31.2207,3.3418,15.2881,12.5908,21.3037
Mistral,5,10,2/28/2024 17:12,79,14,6144,2323,3748,67.87,65,31.2207,3.3418,15.2871,12.5908,21.3027
Mistral,5,11,2/28/2024 17:12,95,22,6144,2323,3748,73.48,65,31.2207,3.34277,15.2871,12.5908,21.3027
Mistral,5,12,2/28/2024 17:12,74,13,6144,2253,3818,38.68,65,31.2207,3.3418,15.2871,12.5908,21.3027
Mistral,5,13,2/28/2024 17:13,67,12,6144,2253,3818,38.98,66,31.2207,3.3252,15.3047,12.5908,21.3203
Mistral,5,14,2/28/2024 17:13,74,13,6144,2253,3818,50.20,66,31.2207,3.31934,15.3096,12.5908,21.3252
Mistral,5,15,2/28/2024 17:13,96,22,6144,2253,3818,46.06,67,31.2207,3.32031,15.3086,12.5908,21.3242
Mistral,5,16,2/28/2024 17:13,61,11,6144,2253,3818,77.83,66,31.2207,3.3291,15.2998,12.5908,21.3154
Mistral,5,17,2/28/2024 17:13,71,14,6144,2253,3818,54.54,67,31.2207,3.3291,15.2998,12.5908,21.3154
Mistral,5,18,2/28/2024 17:13,61,11,6144,2253,3818,37.19,67,31.2207,3.33105,15.2979,12.5908,21.3135
Mistral,5,19,2/28/2024 17:13,71,19,6144,2253,3818,32.73,67,31.2207,3.32031,15.3086,12.5908,21.3242
Mistral,5,20,2/28/2024 17:13,6,4,6144,2253,3818,30.79,66,31.2207,3.32227,15.3066,12.5908,21.3223
Mistral,5,21,2/28/2024 17:13,6,4,6144,2253,3818,30.34,66,31.2207,3.32422,15.3047,12.5908,21.3213
Mistral,5,22,2/28/2024 17:13,6,4,6144,2253,3818,30.36,66,31.2207,3.3252,15.3037,12.5908,21.3203
Mistral,5,23,2/28/2024 17:13,6,4,6144,2253,3818,36.63,66,31.2207,3.32422,15.3047,12.5908,21.3213
Mistral,5,24,2/28/2024 17:13,6,4,6144,2253,3818,31.24,66,31.2207,3.32617,15.3027,12.5908,21.3193
Mistral,5,25,2/28/2024 17:13,6,4,6144,2253,3818,30.36,66,31.2207,3.32715,15.3018,12.5908,21.3184
Mistral,5,26,2/28/2024 17:13,6,4,6144,2253,3818,30.33,66,31.2207,3.33887,15.29,12.5908,21.3066
Mistral,5,27,2/28/2024 17:13,6,4,6144,2253,3818,52.46,66,31.2207,3.3291,15.2998,12.5908,21.3164
Mistral,5,28,2/28/2024 17:13,6,4,6144,2253,3818,40.98,66,31.2207,3.3291,15.3008,12.5908,21.3164
Mistral,5,29,2/28/2024 17:13,6,4,6144,2253,3818,30.47,66,31.2207,3.32812,15.3008,12.5908,21.3174
Mistral,5,30,2/28/2024 17:13,6,4,6144,2253,3818,30.36,66,31.2207,3.3291,15.2998,12.5908,21.3154
Mistral,5,31,2/28/2024 17:13,6,4,6144,2253,3818,30.34,66,31.2207,3.3291,15.2998,12.5908,21.3154
Mistral,5,32,2/28/2024 17:13,7,4,6144,2253,3818,30.50,66,31.2207,3.33008,15.2988,12.5908,21.3145
Mistral,5,33,2/28/2024 17:13,7,4,6144,2253,3818,27.15,66,31.2207,3.33105,15.2979,12.5908,21.3135
Mistral,5,34,2/28/2024 17:13,0,0,6144,2253,3818,26.26,66,31.2207,3.33398,15.2949,12.5908,21.3115
Mistral,5,35,2/28/2024 17:13,0,0,6144,2253,3818,25.34,66,31.2207,3.33398,15.2949,12.5908,21.3115
Mistral,5,36,2/28/2024 17:13,0,0,6144,2253,3818,25.20,66,31.2207,3.33398,15.2949,12.5908,21.3105
Mistral,5,37,2/28/2024 17:13,7,4,6144,2253,3818,25.03,66,31.2207,3.33398,15.2949,12.5908,21.3105
Mistral,5,38,2/28/2024 17:13,7,4,6144,2253,3818,25.03,66,31.2207,3.33496,15.2949,12.5908,21.3105
Mistral,5,39,2/28/2024 17:13,7,4,6144,2253,3818,25.05,66,31.2207,3.33496,15.2939,12.5908,21.3105
Mistral,5,40,2/28/2024 17:13,7,4,6144,2253,3818,37.65,66,31.2207,3.33496,15.2949,12.5908,21.3105
Mistral,5,41,2/28/2024 17:13,7,4,6144,2253,3818,25.49,66,31.2207,3.33496,15.2949,12.5908,21.3105
Mistral,5,42,2/28/2024 17:13,7,4,6144,2253,3818,25.03,66,31.2207,3.33496,15.2939,12.5908,21.3096
Mistral,5,43,2/28/2024 17:13,7,4,6144,2253,3818,25.06,66,31.2207,3.3418,15.2881,12.5908,21.3037
Mistral,5,44,2/28/2024 17:13,7,4,6144,2253,3818,25.78,66,31.2207,3.36133,15.2676,12.5908,21.2842
Mistral,5,45,2/28/2024 17:13,7,4,6144,2253,3818,25.20,66,31.2207,3.3623,15.2676,12.5908,21.2832
Mistral,5,46,2/28/2024 17:13,7,4,6144,2253,3818,25.04,66,31.2207,3.36133,15.2676,12.5908,21.2832
Mistral,5,47,2/28/2024 17:13,7,4,6144,2253,3818,25.03,66,31.2207,3.36035,15.2686,12.5908,21.2852
Mistral,5,48,2/28/2024 17:13,7,4,6144,2253,3818,25.04,66,31.2207,3.36035,15.2686,12.5908,21.2852
Mistral,5,49,2/28/2024 17:13,7,4,6144,2253,3818,27.91,66,31.2207,3.35547,15.2734,12.5908,21.29
Mistral,5,50,2/28/2024 17:13,7,4,6144,2253,3818,25.49,66,31.2207,3.35449,15.2744,12.5908,21.291
Mistral,5,51,2/28/2024 17:13,7,4,6144,2253,3818,25.21,66,31.2207,3.35449,15.2744,12.5908,21.29
Mistral,5,52,2/28/2024 17:13,7,4,6144,2253,3818,25.04,66,31.2207,3.35547,15.2734,12.5908,21.29
Mistral,5,53,2/28/2024 17:13,7,4,6144,2253,3818,25.19,66,31.2207,3.36426,15.2646,12.5908,21.2803
Mistral,5,54,2/28/2024 17:13,5,3,6144,2253,3818,25.04,66,31.2207,3.35449,15.2744,12.5908,21.291
Mistral,5,55,2/28/2024 17:13,7,3,6144,2253,3818,25.05,66,31.2207,3.35547,15.2734,12.5908,21.29
Mistral,5,56,2/28/2024 17:13,0,0,6144,2253,3818,42.46,66,31.2207,3.35449,15.2744,12.5908,21.291
Mistral,5,57,2/28/2024 17:13,7,4,6144,2253,3818,29.73,66,31.2207,3.35449,15.2744,12.5908,21.29
Mistral,5,58,2/28/2024 17:13,7,4,6144,2253,3818,28.65,66,31.2207,3.35547,15.2734,12.5908,21.29
Mistral,5,59,2/28/2024 17:13,7,4,6144,2253,3818,25.80,66,31.2207,3.35547,15.2734,12.5908,21.29
Mistral,5,60,2/28/2024 17:13,7,4,6144,2253,3818,25.18,66,31.2207,3.35449,15.2744,12.5908,21.291
Mistral,5,61,2/28/2024 17:13,7,4,6144,2253,3818,25.04,66,31.2207,3.36328,15.2656,12.5908,21.2822
Mistral,5,62,2/28/2024 17:13,7,4,6144,2253,3818,25.19,66,31.2207,3.35352,15.2754,12.5908,21.291
Mistral,5,63,2/28/2024 17:13,7,4,6144,2253,3818,28.16,66,31.2207,3.35352,15.2744,12.5908,21.291
Mistral,5,64,2/28/2024 17:13,0,0,6144,2253,3818,40.47,66,31.2207,3.35547,15.2734,12.5908,21.29
Mistral,5,65,2/28/2024 17:13,0,0,6144,2253,3818,26.23,66,31.2207,3.35645,15.2725,12.5908,21.2891
Mistral,5,66,2/28/2024 17:13,0,0,6144,2253,3818,25.35,66,31.2207,3.3584,15.2705,12.5908,21.2871
Mistral,5,67,2/28/2024 17:13,7,4,6144,2253,3818,25.18,66,31.2207,3.35938,15.2705,12.5908,21.2861
Mistral,5,68,2/28/2024 17:13,7,4,6144,2253,3818,35.60,66,31.2207,3.36133,15.2676,12.5908,21.2842
Mistral,5,69,2/28/2024 17:13,7,4,6144,2253,3818,25.19,66,31.2207,3.36133,15.2676,12.5908,21.2842
Mistral,5,70,2/28/2024 17:13,7,4,6144,2253,3818,42.36,66,31.2207,3.3623,15.2666,12.5908,21.2832
Mistral,5,71,2/28/2024 17:14,7,4,6144,2253,3818,29.84,66,31.2207,3.3623,15.2666,12.5908,21.2832
Mistral,5,72,2/28/2024 17:14,7,4,6144,2253,3818,35.78,66,31.2207,3.34375,15.2852,12.5908,21.3018
Mistral,5,73,2/28/2024 17:14,7,4,6144,2253,3818,25.48,66,31.2207,3.33984,15.2891,12.5908,21.3047
Mistral,5,74,2/28/2024 17:14,0,0,6144,2253,3818,26.71,66,31.2207,3.33984,15.2891,12.5908,21.3057
Mistral,5,75,2/28/2024 17:14,7,4,6144,2253,3818,25.78,66,31.2207,3.33789,15.291,12.5908,21.3076
Mistral,5,76,2/28/2024 17:14,7,4,6144,2253,3818,25.19,66,31.2207,3.33691,15.292,12.5908,21.3086
Mistral,5,77,2/28/2024 17:14,7,4,6144,2253,3818,25.18,66,31.2207,3.33789,15.291,12.5908,21.3076
Mistral,5,78,2/28/2024 17:14,7,4,6144,2253,3818,25.20,66,31.2207,3.34766,15.2812,12.5908,21.2969
Mistral,5,79,2/28/2024 17:14,7,4,6144,2253,3818,25.21,66,31.2207,3.33789,15.291,12.5908,21.3066
Mistral,5,80,2/28/2024 17:14,7,4,6144,2253,3818,25.19,66,31.2207,3.33789,15.291,12.5908,21.3066
Mistral,5,81,2/28/2024 17:14,5,3,6144,2253,3818,25.18,66,31.2207,3.33789,15.291,12.5908,21.3066
Mistral,5,82,2/28/2024 17:14,7,4,6144,2253,3818,38.70,66,31.2207,3.33789,15.291,12.5908,21.3066
Mistral,5,83,2/28/2024 17:14,7,4,6144,2253,3818,40.33,66,31.2207,3.33887,15.29,12.5908,21.3066
Mistral,5,84,2/28/2024 17:14,7,4,6144,2253,3818,27.33,66,31.2207,3.33887,15.29,12.5908,21.3066
Mistral,5,85,2/28/2024 17:14,7,4,6144,2253,3818,26.08,66,31.2207,3.34082,15.2881,12.5908,21.3037
Mistral,5,86,2/28/2024 17:14,7,4,6144,2253,3818,25.48,66,31.2207,3.34082,15.2881,12.5908,21.3047
Mistral,5,87,2/28/2024 17:14,2,1,6144,2253,3818,25.20,66,31.2207,3.33984,15.2891,12.5908,21.3057
Mistral,5,88,2/28/2024 17:14,0,0,6144,2253,3818,25.18,66,31.2207,3.33887,15.29,12.5908,21.3066
Mistral,5,89,2/28/2024 17:14,7,4,6144,2253,3818,25.20,66,31.2207,3.33984,15.2891,12.5908,21.3057
Mistral,5,90,2/28/2024 17:14,7,4,6144,2253,3818,25.19,66,31.2207,3.34863,15.2803,12.5908,21.2959
Mistral,5,91,2/28/2024 17:14,7,4,6144,2253,3818,25.20,66,31.2207,3.33984,15.2891,12.5908,21.3057
Mistral,5,92,2/28/2024 17:14,7,4,6144,2253,3818,25.19,66,31.2207,3.33887,15.29,12.5908,21.3057
Mistral,5,93,2/28/2024 17:14,7,4,6144,2253,3818,30.09,66,31.2207,3.33887,15.29,12.5908,21.3066
Mistral,5,94,2/28/2024 17:14,7,4,6144,2253,3818,25.63,67,31.2207,3.33887,15.29,12.5908,21.3066
Mistral,5,95,2/28/2024 17:14,3,1,6144,2253,3818,25.18,66,31.2207,3.33984,15.2891,12.5908,21.3057
Mistral,5,96,2/28/2024 17:14,0,0,6144,2253,3818,25.18,66,31.2207,3.33984,15.2891,12.5908,21.3057
Mistral,5,97,2/28/2024 17:14,7,4,6144,2253,3818,25.20,67,31.2207,3.33984,15.2891,12.5908,21.3057
Mistral,5,98,2/28/2024 17:14,7,4,6144,2253,3818,25.18,66,31.2207,3.33984,15.2891,12.5908,21.3057
Mistral,5,99,2/28/2024 17:14,7,4,6144,2253,3818,25.18,66,31.2207,3.33887,15.29,12.5908,21.3066
Mistral,5,100,2/28/2024 17:14,7,4,6144,2253,3818,25.20,67,31.2207,3.33887,15.29,12.5908,21.3066
Mistral,5,101,2/28/2024 17:14,7,4,6144,2253,3818,25.18,67,31.2207,3.3418,15.2871,12.5908,21.3037
Mistral,5,102,2/28/2024 17:14,7,4,6144,2253,3818,25.18,67,31.2207,3.36133,15.2676,12.5908,21.2842
Mistral,5,103,2/28/2024 17:14,8,4,6144,2253,3818,25.19,67,31.2207,3.36133,15.2676,12.5908,21.2842
Mistral,5,104,2/28/2024 17:14,8,4,6144,2253,3818,25.19,67,31.2207,3.35449,15.2734,12.5908,21.29
Mistral,5,105,2/28/2024 17:14,6,3,6144,2253,3818,25.19,66,31.2207,3.35547,15.2734,12.5908,21.29
Mistral,5,106,2/28/2024 17:14,7,4,6144,2253,3818,25.18,67,31.2207,3.36328,15.2646,12.5908,21.2812
Mistral,5,107,2/28/2024 17:14,8,4,6144,2253,3818,25.20,67,31.2207,3.35449,15.2744,12.5908,21.29
Mistral,5,108,2/28/2024 17:14,8,4,6144,2253,3818,25.18,67,31.2207,3.35449,15.2744,12.5908,21.29
Mistral,5,109,2/28/2024 17:14,0,0,6144,2253,3818,25.18,66,31.2207,3.35547,15.2734,12.5908,21.2891
Mistral,5,110,2/28/2024 17:14,8,4,6144,2253,3818,25.20,67,31.2207,3.35742,15.2715,12.5908,21.2881
Mistral,5,111,2/28/2024 17:14,8,4,6144,2253,3818,25.20,67,31.2207,3.35547,15.2734,12.5908,21.2891
Mistral,5,112,2/28/2024 17:14,1,0,6144,4451,1620,27.00,67,31.2207,3.25684,17.5146,10.4482,23.5283
Mixtral-MOE-8-7B,1,0,2/28/2024 18:28,0,0,6144,6065,6,4.63,61,31.2207,3.10645,6.55566,21.5576,27.0557
Mixtral-MOE-8-7B,1,1,2/28/2024 18:28,0,0,6144,5989,82,24.74,62,31.2207,3.30469,6.34473,21.5693,26.8496
Mixtral-MOE-8-7B,1,2,2/28/2024 18:28,0,0,6144,5989,82,24.89,62,31.2207,3.30273,6.35156,21.5654,26.8564
Mixtral-MOE-8-7B,1,3,2/28/2024 18:28,0,0,6144,3679,2392,24.81,62,31.2207,3.3252,6.3291,21.5654,26.834
Mixtral-MOE-8-7B,1,4,2/28/2024 18:28,0,0,6144,3679,2392,28.89,63,31.2207,3.34473,4.65137,23.2236,25.1572
Mixtral-MOE-8-7B,1,5,2/28/2024 18:28,0,0,6144,3673,2398,28.86,63,31.2207,3.39648,2.87695,24.9463,23.3848
Mixtral-MOE-8-7B,1,6,2/28/2024 18:28,0,0,6144,385,5686,28.89,63,31.2207,3.4043,0.745117,27.0703,21.2549
Mixtral-MOE-8-7B,1,7,2/28/2024 18:28,1,0,6144,3037,3034,28.92,63,31.2207,3.3291,2.94336,24.9473,23.4512
Mixtral-MOE-8-7B,1,8,2/28/2024 18:28,0,0,6144,3679,2392,28.90,63,31.2207,3.3291,5.4375,22.4531,25.9424
Mixtral-MOE-8-7B,1,9,2/28/2024 18:28,0,0,6144,3679,2392,28.88,63,31.2207,3.34082,3.11816,24.7607,23.626
Mixtral-MOE-8-7B,1,10,2/28/2024 18:28,0,0,6144,385,5686,28.90,63,31.2207,3.41504,1.50879,26.2959,22.0186
Mixtral-MOE-8-7B,1,11,2/28/2024 18:28,84,7,6144,255,5816,61.43,65,31.2207,3.46094,0.357422,27.4014,20.7422
Mixtral-MOE-8-7B,1,12,2/28/2024 18:28,79,7,6144,255,5816,67.72,66,31.2207,3.47656,0.342773,27.4014,20.7266
Mixtral-MOE-8-7B,1,13,2/28/2024 18:28,87,8,6144,255,5816,74.46,66,31.2207,3.47656,0.342773,27.4014,20.7266
Mixtral-MOE-8-7B,1,14,2/28/2024 18:28,89,8,6144,255,5816,56.67,67,31.2207,3.47754,0.341797,27.4014,20.7256
Mixtral-MOE-8-7B,1,15,2/28/2024 18:28,79,7,6144,255,5816,72.67,68,31.2207,3.44824,0.370117,27.4014,20.7539
Mixtral-MOE-8-7B,1,16,2/28/2024 18:28,77,7,6144,255,5816,72.56,68,31.2207,3.44238,0.375977,27.4014,20.7607
Mixtral-MOE-8-7B,1,17,2/28/2024 18:28,84,8,6144,255,5816,85.15,69,31.2207,3.43164,0.386719,27.4014,20.7715
Mixtral-MOE-8-7B,1,18,2/28/2024 18:28,90,8,6144,255,5816,70.91,69,31.2207,3.45312,0.365234,27.4014,20.75
Mixtral-MOE-8-7B,1,19,2/28/2024 18:28,80,7,6144,255,5816,70.01,69,31.2207,3.44531,0.37793,27.3965,20.7617
Mixtral-MOE-8-7B,1,20,2/28/2024 18:28,71,7,6144,255,5816,75.47,69,31.2207,3.44531,0.37793,27.3965,20.7627
Mixtral-MOE-8-7B,1,21,2/28/2024 18:28,100,13,6144,255,5816,71.45,70,31.2207,3.46484,0.359375,27.3965,20.7432
Mixtral-MOE-8-7B,1,22,2/28/2024 18:28,63,10,6144,187,5884,58.13,70,31.2207,3.44434,0.379883,27.3965,20.7637
Mixtral-MOE-8-7B,1,23,2/28/2024 18:28,87,7,6144,187,5884,34.21,71,31.2207,3.44043,0.383789,27.3965,20.7676
Mixtral-MOE-8-7B,1,24,2/28/2024 18:28,90,7,6144,187,5884,69.04,71,31.2207,3.43945,0.383789,27.3965,20.7686
Mixtral-MOE-8-7B,1,25,2/28/2024 18:28,71,8,6144,187,5884,86.54,71,31.2207,3.43945,0.383789,27.3965,20.7686
Mixtral-MOE-8-7B,1,26,2/28/2024 18:28,90,8,6144,187,5884,71.68,71,31.2207,3.43945,0.383789,27.3965,20.7676
Mixtral-MOE-8-7B,1,27,2/28/2024 18:28,74,7,6144,187,5884,63.66,71,31.2207,3.43945,0.383789,27.3965,20.7676
Mixtral-MOE-8-7B,1,28,2/28/2024 18:28,89,8,6144,187,5884,66.98,72,31.2207,3.4502,0.373047,27.3965,20.7578
Mixtral-MOE-8-7B,1,29,2/28/2024 18:28,72,8,6144,187,5884,76.71,72,31.2207,3.44043,0.382812,27.3965,20.7676
Mixtral-MOE-8-7B,1,30,2/28/2024 18:28,90,8,6144,187,5884,39.63,72,31.2207,3.44141,0.381836,27.3965,20.7656
Mixtral-MOE-8-7B,1,31,2/28/2024 18:28,74,7,6144,187,5884,68.69,72,31.2207,3.43945,0.383789,27.3965,20.7676
Mixtral-MOE-8-7B,1,32,2/28/2024 18:28,90,7,6144,187,5884,78.13,73,31.2207,3.42773,0.395508,27.3965,20.7803
Mixtral-MOE-8-7B,1,33,2/28/2024 18:28,100,13,6144,187,5884,71.92,73,31.2207,3.4375,0.386719,27.3965,20.7705
Mixtral-MOE-8-7B,1,34,2/28/2024 18:28,87,7,6144,187,5884,69.22,73,31.2207,3.43164,0.391602,27.3965,20.7764
Mixtral-MOE-8-7B,1,35,2/28/2024 18:28,84,7,6144,187,5884,44.63,74,31.2207,3.43066,0.393555,27.3965,20.7773
Mixtral-MOE-8-7B,1,36,2/28/2024 18:28,78,7,6144,187,5884,65.16,74,31.2207,3.43164,0.391602,27.3965,20.7754
Mixtral-MOE-8-7B,1,37,2/28/2024 18:29,88,7,6144,187,5884,74.20,74,31.2207,3.43164,0.391602,27.3965,20.7764
Mixtral-MOE-8-7B,1,38,2/28/2024 18:29,83,7,6144,187,5884,65.21,74,31.2207,3.44824,0.375,27.3965,20.7598
Mixtral-MOE-8-7B,1,39,2/28/2024 18:29,76,7,6144,187,5884,72.20,75,31.2207,3.45508,0.368164,27.3965,20.7529
Mixtral-MOE-8-7B,1,40,2/28/2024 18:29,77,7,6144,187,5884,67.07,75,31.2207,3.4541,0.370117,27.3965,20.7539
Mixtral-MOE-8-7B,1,41,2/28/2024 18:29,100,11,6144,187,5884,69.92,75,31.2207,3.45703,0.366211,27.3965,20.75
Mixtral-MOE-8-7B,1,42,2/28/2024 18:29,8,3,6144,187,5884,28.24,73,31.2207,3.45605,0.367188,27.3965,20.751
Mixtral-MOE-8-7B,1,43,2/28/2024 18:29,0,0,6144,187,5884,29.00,72,31.2207,3.45215,0.37207,27.3965,20.7559
Mixtral-MOE-8-7B,1,44,2/28/2024 18:29,9,3,6144,187,5884,25.74,72,31.2207,3.46777,0.355469,27.3965,20.7402
Mixtral-MOE-8-7B,1,45,2/28/2024 18:29,0,0,6144,187,5884,25.64,72,31.2207,3.45898,0.364258,27.3965,20.749
Mixtral-MOE-8-7B,1,46,2/28/2024 18:29,9,3,6144,187,5884,26.17,71,31.2207,3.47656,0.34668,27.3965,20.7314
Mixtral-MOE-8-7B,1,47,2/28/2024 18:29,4,1,6144,187,5884,33.80,71,31.2207,3.46777,0.355469,27.3965,20.7402
Mixtral-MOE-8-7B,1,48,2/28/2024 18:29,9,3,6144,187,5884,25.59,71,31.2207,3.46777,0.355469,27.3965,20.7402
Mixtral-MOE-8-7B,1,49,2/28/2024 18:29,4,1,6144,187,5884,25.59,71,31.2207,3.47852,0.344727,27.3965,20.7295
Mixtral-MOE-8-7B,1,50,2/28/2024 18:29,9,3,6144,187,5884,25.61,71,31.2207,3.47754,0.345703,27.3965,20.7305
Mixtral-MOE-8-7B,1,51,2/28/2024 18:29,9,3,6144,187,5884,25.60,71,31.2207,3.45996,0.362305,27.3965,20.7471
Mixtral-MOE-8-7B,1,52,2/28/2024 18:29,9,3,6144,187,5884,25.59,71,31.2207,3.48047,0.342773,27.3965,20.7266
Mixtral-MOE-8-7B,1,53,2/28/2024 18:29,9,3,6144,187,5884,25.75,71,31.2207,3.47266,0.350586,27.3965,20.7354
Mixtral-MOE-8-7B,1,54,2/28/2024 18:29,9,3,6144,187,5884,26.63,71,31.2207,3.47559,0.347656,27.3965,20.7324
Mixtral-MOE-8-7B,1,55,2/28/2024 18:29,0,0,6144,187,5884,25.60,71,31.2207,3.46484,0.358398,27.3965,20.7432
Mixtral-MOE-8-7B,1,56,2/28/2024 18:29,9,3,6144,187,5884,25.61,71,31.2207,3.47363,0.349609,27.3965,20.7344
Mixtral-MOE-8-7B,1,57,2/28/2024 18:29,9,3,6144,187,5884,25.59,71,31.2207,3.47559,0.347656,27.3965,20.7324
Mixtral-MOE-8-7B,1,58,2/28/2024 18:29,9,3,6144,187,5884,31.15,71,31.2207,3.46094,0.362305,27.3965,20.7471
Mixtral-MOE-8-7B,1,59,2/28/2024 18:29,2,1,6144,187,5884,25.49,71,31.2207,3.47168,0.351562,27.3965,20.7363
Mixtral-MOE-8-7B,1,60,2/28/2024 18:29,0,0,6144,187,5884,28.75,71,31.2207,3.46582,0.357422,27.3965,20.7422
Mixtral-MOE-8-7B,1,61,2/28/2024 18:29,9,3,6144,187,5884,25.63,71,31.2207,3.46875,0.354492,27.3965,20.7383
Mixtral-MOE-8-7B,1,62,2/28/2024 18:29,9,3,6144,187,5884,25.60,70,31.2207,3.47559,0.347656,27.3965,20.7324
Mixtral-MOE-8-7B,1,63,2/28/2024 18:29,9,3,6144,187,5884,25.59,70,31.2207,3.46973,0.353516,27.3965,20.7373
Mixtral-MOE-8-7B,1,64,2/28/2024 18:29,9,3,6144,187,5884,25.50,70,31.2207,3.48242,0.34082,27.3965,20.7256
Mixtral-MOE-8-7B,1,65,2/28/2024 18:29,0,0,6144,187,5884,45.67,70,31.2207,3.47949,0.34375,27.3965,20.7285
Mixtral-MOE-8-7B,1,66,2/28/2024 18:29,3,1,6144,187,5884,25.60,70,31.2207,3.49316,0.330078,27.3965,20.7148
Mixtral-MOE-8-7B,1,67,2/28/2024 18:29,9,3,6144,187,5884,44.08,70,31.2207,3.46582,0.357422,27.3965,20.7422
Mixtral-MOE-8-7B,1,68,2/28/2024 18:29,0,0,6144,187,5884,25.60,70,31.2207,3.4834,0.339844,27.3965,20.7246
Mixtral-MOE-8-7B,1,69,2/28/2024 18:29,0,0,6144,187,5884,29.88,70,31.2207,3.47266,0.349609,27.3965,20.7344
Mixtral-MOE-8-7B,1,70,2/28/2024 18:29,9,3,6144,187,5884,25.59,70,31.2207,3.47363,0.348633,27.3965,20.7334
Mixtral-MOE-8-7B,1,71,2/28/2024 18:29,0,0,6144,187,5884,25.62,70,31.2207,3.47168,0.350586,27.3965,20.7354
Mixtral-MOE-8-7B,1,72,2/28/2024 18:29,9,3,6144,187,5884,25.62,70,31.2207,3.43555,0.386719,27.3965,20.7715
Mixtral-MOE-8-7B,1,73,2/28/2024 18:29,9,3,6144,187,5884,25.60,70,31.2207,3.43359,0.389648,27.3965,20.7734
Mixtral-MOE-8-7B,1,74,2/28/2024 18:29,0,0,6144,187,5884,27.86,70,31.2207,3.44238,0.380859,27.3965,20.7656
Mixtral-MOE-8-7B,1,75,2/28/2024 18:29,9,3,6144,187,5884,25.61,70,31.2207,3.44336,0.379883,27.3965,20.7646
Mixtral-MOE-8-7B,1,76,2/28/2024 18:29,9,3,6144,187,5884,25.88,70,31.2207,3.45801,0.365234,27.3965,20.75
Mixtral-MOE-8-7B,1,77,2/28/2024 18:29,3,1,6144,187,5884,46.54,70,31.2207,3.4668,0.356445,27.3965,20.7412
Mixtral-MOE-8-7B,1,78,2/28/2024 18:29,9,3,6144,187,5884,25.58,70,31.2207,3.47266,0.349609,27.3965,20.7344
Mixtral-MOE-8-7B,1,79,2/28/2024 18:29,0,0,6144,187,5884,25.60,70,31.2207,3.46191,0.361328,27.3965,20.7461
Mixtral-MOE-8-7B,1,80,2/28/2024 18:29,9,3,6144,187,5884,28.65,70,31.2207,3.4502,0.37207,27.3965,20.7568
Mixtral-MOE-8-7B,1,81,2/28/2024 18:29,9,3,6144,187,5884,25.61,70,31.2207,3.46094,0.362305,27.3965,20.7471
Mixtral-MOE-8-7B,1,82,2/28/2024 18:29,0,0,6144,187,5884,45.41,70,31.2207,3.48047,0.341797,27.3965,20.7266
Mixtral-MOE-8-7B,1,83,2/28/2024 18:29,9,3,6144,187,5884,25.44,70,31.2207,3.46582,0.356445,27.3965,20.7412
Mixtral-MOE-8-7B,1,84,2/28/2024 18:29,9,3,6144,187,5884,25.46,70,31.2207,3.4834,0.337891,27.3984,20.7227
Mixtral-MOE-8-7B,1,85,2/28/2024 18:29,9,3,6144,187,5884,25.64,70,31.2207,3.49805,0.322266,27.3994,20.708
Mixtral-MOE-8-7B,1,86,2/28/2024 18:29,9,3,6144,187,5884,25.47,70,31.2207,3.49023,0.330078,27.3994,20.7168
Mixtral-MOE-8-7B,1,87,2/28/2024 18:29,0,0,6144,187,5884,26.07,70,31.2207,3.47949,0.341797,27.3994,20.7275
Mixtral-MOE-8-7B,1,88,2/28/2024 18:29,9,3,6144,187,5884,25.46,70,31.2207,3.49121,0.329102,27.3994,20.7148
Mixtral-MOE-8-7B,1,89,2/28/2024 18:29,9,3,6144,187,5884,33.53,70,31.2207,3.48438,0.335938,27.3994,20.7217
Mixtral-MOE-8-7B,1,90,2/28/2024 18:29,9,3,6144,187,5884,25.44,70,31.2207,3.49121,0.330078,27.3994,20.7158
Mixtral-MOE-8-7B,1,91,2/28/2024 18:29,0,0,6144,187,5884,30.43,70,31.2207,3.47559,0.344727,27.3994,20.7305
Mixtral-MOE-8-7B,1,92,2/28/2024 18:29,9,3,6144,187,5884,25.61,70,31.2207,3.48438,0.335938,27.3994,20.7217
Mixtral-MOE-8-7B,1,93,2/28/2024 18:29,9,3,6144,187,5884,25.77,70,31.2207,3.48242,0.337891,27.3994,20.7236
Mixtral-MOE-8-7B,1,94,2/28/2024 18:29,9,3,6144,187,5884,25.46,70,31.2207,3.47461,0.345703,27.3994,20.7314
Mixtral-MOE-8-7B,1,95,2/28/2024 18:30,0,0,6144,187,5884,26.48,70,31.2207,3.48828,0.333008,27.3994,20.7188
Mixtral-MOE-8-7B,1,96,2/28/2024 18:30,9,3,6144,187,5884,25.45,70,31.2207,3.47949,0.34082,27.3994,20.7275
Mixtral-MOE-8-7B,1,97,2/28/2024 18:30,9,3,6144,187,5884,26.19,70,31.2207,3.47168,0.348633,27.3994,20.7344
Mixtral-MOE-8-7B,1,98,2/28/2024 18:30,6,2,6144,187,5884,25.46,70,31.2207,3.46973,0.350586,27.3994,20.7373
Mixtral-MOE-8-7B,1,99,2/28/2024 18:30,9,3,6144,187,5884,25.44,70,31.2207,3.49316,0.327148,27.3994,20.7139
Mixtral-MOE-8-7B,1,100,2/28/2024 18:30,9,3,6144,187,5884,38.80,70,31.2207,3.50098,0.318359,27.4004,20.7051
Mixtral-MOE-8-7B,1,101,2/28/2024 18:30,9,3,6144,187,5884,25.90,70,31.2207,3.49121,0.328125,27.4004,20.7148
Mixtral-MOE-8-7B,1,102,2/28/2024 18:30,0,0,6144,187,5884,25.45,70,31.2207,3.47363,0.345703,27.4004,20.7324
Mixtral-MOE-8-7B,1,103,2/28/2024 18:30,9,3,6144,187,5884,25.46,70,31.2207,3.49023,0.329102,27.4004,20.7158
Mixtral-MOE-8-7B,1,104,2/28/2024 18:30,9,3,6144,187,5884,31.72,70,31.2207,3.47363,0.345703,27.4004,20.7324
Mixtral-MOE-8-7B,1,105,2/28/2024 18:30,0,0,6144,187,5884,25.45,70,31.2207,3.49121,0.328125,27.4004,20.7148
Mixtral-MOE-8-7B,1,106,2/28/2024 18:30,9,3,6144,187,5884,33.07,70,31.2207,3.5,0.319336,27.4004,20.7061
Mixtral-MOE-8-7B,1,107,2/28/2024 18:30,9,3,6144,187,5884,25.45,70,31.2207,3.50488,0.31543,27.4004,20.7021
Mixtral-MOE-8-7B,1,108,2/28/2024 18:30,5,2,6144,187,5884,25.59,70,31.2207,3.48145,0.337891,27.4004,20.7246
Mixtral-MOE-8-7B,1,109,2/28/2024 18:30,9,3,6144,187,5884,25.45,70,31.2207,3.49316,0.326172,27.4004,20.7129
Mixtral-MOE-8-7B,1,110,2/28/2024 18:30,9,3,6144,187,5884,33.65,70,31.2207,3.48438,0.335938,27.4004,20.7227
Mixtral-MOE-8-7B,1,111,2/28/2024 18:30,9,3,6144,187,5884,25.44,70,31.2207,3.50684,0.313477,27.4004,20.7002
Mixtral-MOE-8-7B,1,112,2/28/2024 18:30,0,0,6144,187,5884,25.89,70,31.2207,3.48047,0.339844,27.4004,20.7266
Mixtral-MOE-8-7B,1,113,2/28/2024 18:30,9,3,6144,187,5884,25.59,70,31.2207,3.47754,0.342773,27.4004,20.7295
Mixtral-MOE-8-7B,1,114,2/28/2024 18:30,9,3,6144,187,5884,25.76,70,31.2207,3.47656,0.342773,27.4004,20.7295
Mixtral-MOE-8-7B,1,115,2/28/2024 18:30,9,3,6144,187,5884,25.45,70,31.2207,3.49121,0.328125,27.4004,20.7148
Mixtral-MOE-8-7B,1,116,2/28/2024 18:30,7,2,6144,187,5884,25.60,70,31.2207,3.49414,0.325195,27.4004,20.7119
Mixtral-MOE-8-7B,1,117,2/28/2024 18:30,9,3,6144,187,5884,25.43,70,31.2207,3.48242,0.336914,27.4004,20.7236
Mixtral-MOE-8-7B,1,118,2/28/2024 18:30,9,3,6144,187,5884,25.74,70,31.2207,3.48242,0.336914,27.4004,20.7236
Mixtral-MOE-8-7B,1,119,2/28/2024 18:30,9,3,6144,187,5884,25.61,70,31.2207,3.49707,0.322266,27.4004,20.71
Mixtral-MOE-8-7B,1,120,2/28/2024 18:30,9,3,6144,187,5884,25.44,70,31.2207,3.50098,0.319336,27.4004,20.7061
Mixtral-MOE-8-7B,1,121,2/28/2024 18:30,0,0,6144,187,5884,25.60,70,31.2207,3.48828,0.331055,27.4004,20.7188
Mixtral-MOE-8-7B,1,122,2/28/2024 18:30,9,3,6144,187,5884,25.45,70,31.2207,3.50098,0.318359,27.4004,20.7051
Mixtral-MOE-8-7B,1,123,2/28/2024 18:30,9,3,6144,187,5884,25.59,70,31.2207,3.49023,0.328125,27.4004,20.7158
Mixtral-MOE-8-7B,1,124,2/28/2024 18:30,4,1,6144,187,5884,45.82,70,31.2207,3.4873,0.332031,27.4004,20.7188
Mixtral-MOE-8-7B,1,125,2/28/2024 18:30,9,3,6144,187,5884,25.45,70,31.2207,3.49121,0.328125,27.4004,20.7158
Mixtral-MOE-8-7B,1,126,2/28/2024 18:30,9,3,6144,187,5884,26.23,70,31.2207,3.47656,0.341797,27.4004,20.7295
Mixtral-MOE-8-7B,1,127,2/28/2024 18:30,0,0,6144,187,5884,25.60,70,31.2207,3.48535,0.333984,27.4004,20.7217
Mixtral-MOE-8-7B,1,128,2/28/2024 18:30,0,0,6144,187,5884,36.78,70,31.2207,3.49805,0.321289,27.4004,20.709
Mixtral-MOE-8-7B,1,129,2/28/2024 18:30,9,3,6144,187,5884,25.45,70,31.2207,3.49316,0.326172,27.4004,20.7139
Mixtral-MOE-8-7B,1,130,2/28/2024 18:30,9,3,6144,187,5884,33.68,70,31.2207,3.46973,0.349609,27.4004,20.7373
Mixtral-MOE-8-7B,1,131,2/28/2024 18:30,9,3,6144,187,5884,25.44,70,31.2207,3.4707,0.347656,27.4014,20.7363
Mixtral-MOE-8-7B,1,132,2/28/2024 18:30,2,1,6144,187,5884,40.94,70,31.2207,3.46191,0.357422,27.4014,20.7451
Mixtral-MOE-8-7B,1,133,2/28/2024 18:30,9,3,6144,187,5884,25.45,70,31.2207,3.4834,0.335938,27.4014,20.7236
Mixtral-MOE-8-7B,1,134,2/28/2024 18:30,9,3,6144,187,5884,25.45,70,31.2207,3.48926,0.329102,27.4014,20.7178
Mixtral-MOE-8-7B,1,135,2/28/2024 18:30,0,0,6144,187,5884,25.44,70,31.2207,3.48438,0.334961,27.4014,20.7227
Mixtral-MOE-8-7B,1,136,2/28/2024 18:30,0,0,6144,187,5884,25.45,70,31.2207,3.49121,0.327148,27.4014,20.7148
Mixtral-MOE-8-7B,1,137,2/28/2024 18:30,9,3,6144,187,5884,25.60,70,31.2207,3.48145,0.336914,27.4014,20.7256
Mixtral-MOE-8-7B,1,138,2/28/2024 18:30,9,3,6144,187,5884,25.50,70,31.2207,3.47266,0.34668,27.4014,20.7344
Mixtral-MOE-8-7B,1,139,2/28/2024 18:30,9,3,6144,187,5884,41.42,70,31.2207,3.47266,0.345703,27.4014,20.7344
Mixtral-MOE-8-7B,1,140,2/28/2024 18:30,9,3,6144,187,5884,25.61,70,31.2207,3.4707,0.347656,27.4014,20.7363
Mixtral-MOE-8-7B,1,141,2/28/2024 18:30,2,1,6144,187,5884,25.46,70,31.2207,3.46387,0.354492,27.4014,20.7422
Mixtral-MOE-8-7B,1,142,2/28/2024 18:30,5,2,6144,187,5884,25.60,70,31.2207,3.46777,0.350586,27.4014,20.7383
Mixtral-MOE-8-7B,1,143,2/28/2024 18:30,9,3,6144,187,5884,28.85,70,31.2207,3.47754,0.341797,27.4014,20.7295
Mixtral-MOE-8-7B,1,144,2/28/2024 18:30,9,3,6144,187,5884,25.46,70,31.2207,3.47168,0.34668,27.4014,20.7354
Mixtral-MOE-8-7B,1,145,2/28/2024 18:30,0,0,6144,187,5884,44.37,70,31.2207,3.46777,0.350586,27.4014,20.7383
Mixtral-MOE-8-7B,1,146,2/28/2024 18:30,9,3,6144,187,5884,25.61,70,31.2207,3.46289,0.355469,27.4014,20.7432
Mixtral-MOE-8-7B,1,147,2/28/2024 18:30,9,3,6144,187,5884,27.52,70,31.2207,3.47559,0.34375,27.4014,20.7314
Mixtral-MOE-8-7B,1,148,2/28/2024 18:30,9,3,6144,187,5884,25.61,70,31.2207,3.46289,0.355469,27.4014,20.7441
Mixtral-MOE-8-7B,1,149,2/28/2024 18:30,9,3,6144,187,5884,25.46,70,31.2207,3.46777,0.350586,27.4014,20.7393
Mixtral-MOE-8-7B,1,150,2/28/2024 18:30,0,0,6144,187,5884,25.91,70,31.2207,3.47754,0.341797,27.4014,20.7295
Mixtral-MOE-8-7B,1,151,2/28/2024 18:30,9,3,6144,187,5884,25.44,70,31.2207,3.45703,0.361328,27.4014,20.749
Mixtral-MOE-8-7B,1,152,2/28/2024 18:31,9,3,6144,187,5884,26.65,70,31.2207,3.46777,0.350586,27.4014,20.7383
Mixtral-MOE-8-7B,1,153,2/28/2024 18:31,9,3,6144,187,5884,25.60,70,31.2207,3.45996,0.358398,27.4014,20.7461
Mixtral-MOE-8-7B,1,154,2/28/2024 18:31,2,1,6144,187,5884,37.03,70,31.2207,3.46875,0.349609,27.4014,20.7373
Mixtral-MOE-8-7B,1,155,2/28/2024 18:31,0,0,6144,187,5884,25.60,70,31.2207,3.47266,0.34668,27.4014,20.7344
Mixtral-MOE-8-7B,1,156,2/28/2024 18:31,0,0,6144,187,5884,25.43,70,31.2207,3.47949,0.338867,27.4014,20.7275
Mixtral-MOE-8-7B,1,157,2/28/2024 18:31,0,0,6144,187,5884,41.69,70,31.2207,3.46875,0.350586,27.4014,20.7383
Mixtral-MOE-8-7B,1,158,2/28/2024 18:31,9,3,6144,187,5884,25.46,70,31.2207,3.46973,0.348633,27.4014,20.7363
Mixtral-MOE-8-7B,1,159,2/28/2024 18:31,9,3,6144,187,5884,45.65,70,31.2207,3.4707,0.347656,27.4014,20.7363
Mixtral-MOE-8-7B,1,160,2/28/2024 18:31,9,3,6144,187,5884,25.89,70,31.2207,3.47656,0.341797,27.4014,20.7295
Mixtral-MOE-8-7B,1,161,2/28/2024 18:31,9,3,6144,187,5884,25.48,70,31.2207,3.49902,0.319336,27.4014,20.707
Mixtral-MOE-8-7B,1,162,2/28/2024 18:31,9,3,6144,187,5884,25.44,70,31.2207,3.4834,0.334961,27.4014,20.7227
Mixtral-MOE-8-7B,1,163,2/28/2024 18:31,0,0,6144,187,5884,25.61,70,31.2207,3.49219,0.326172,27.4014,20.7139
Mixtral-MOE-8-7B,1,164,2/28/2024 18:31,9,3,6144,187,5884,25.60,70,31.2207,3.48926,0.336914,27.3936,20.7246
Mixtral-MOE-8-7B,1,165,2/28/2024 18:31,9,3,6144,187,5884,25.61,70,31.2207,3.4873,0.338867,27.3936,20.7275
Mixtral-MOE-8-7B,1,166,2/28/2024 18:31,6,2,6144,187,5884,25.46,70,31.2207,3.48438,0.342773,27.3936,20.7305
Mixtral-MOE-8-7B,1,167,2/28/2024 18:31,0,0,6144,187,5884,25.63,70,31.2207,3.48828,0.338867,27.3936,20.7266
Mixtral-MOE-8-7B,1,168,2/28/2024 18:31,9,3,6144,187,5884,25.45,70,31.2207,3.50977,0.316406,27.3936,20.7051
Mixtral-MOE-8-7B,1,169,2/28/2024 18:31,9,3,6144,187,5884,25.88,70,31.2207,3.5127,0.313477,27.3936,20.7021
Mixtral-MOE-8-7B,1,170,2/28/2024 18:31,9,3,6144,187,5884,25.61,70,31.2207,3.49609,0.330078,27.3936,20.7188
Mixtral-MOE-8-7B,1,171,2/28/2024 18:31,0,0,6144,187,5884,25.74,70,31.2207,3.48828,0.338867,27.3936,20.7266
Mixtral-MOE-8-7B,1,172,2/28/2024 18:31,9,3,6144,187,5884,25.44,70,31.2207,3.49219,0.333984,27.3936,20.7227
Mixtral-MOE-8-7B,1,173,2/28/2024 18:31,0,0,6144,187,5884,33.47,70,31.2207,3.49121,0.334961,27.3936,20.7227
Mixtral-MOE-8-7B,1,174,2/28/2024 18:31,9,3,6144,187,5884,25.60,70,31.2207,3.50684,0.319336,27.3936,20.708
Mixtral-MOE-8-7B,1,175,2/28/2024 18:31,9,3,6144,187,5884,25.60,70,31.2207,3.50195,0.324219,27.3936,20.7119
Mixtral-MOE-8-7B,1,176,2/28/2024 18:31,9,3,6144,187,5884,39.94,70,31.2207,3.50488,0.321289,27.3936,20.71
Mixtral-MOE-8-7B,1,177,2/28/2024 18:31,9,3,6144,187,5884,25.62,70,31.2207,3.49707,0.329102,27.3936,20.7168
Mixtral-MOE-8-7B,1,178,2/28/2024 18:31,9,3,6144,187,5884,25.59,70,31.2207,3.49219,0.334961,27.3936,20.7227
Mixtral-MOE-8-7B,1,179,2/28/2024 18:31,0,0,6144,187,5884,26.17,70,31.2207,3.49414,0.332031,27.3936,20.7197
Mixtral-MOE-8-7B,1,180,2/28/2024 18:31,10,3,6144,187,5884,25.58,70,31.2207,3.51074,0.31543,27.3936,20.7041
Mixtral-MOE-8-7B,1,181,2/28/2024 18:31,10,3,6144,187,5884,29.96,70,31.2207,3.49805,0.328125,27.3936,20.7168
Mixtral-MOE-8-7B,1,182,2/28/2024 18:31,10,3,6144,187,5884,25.60,70,31.2207,3.5,0.326172,27.3936,20.7139
Mixtral-MOE-8-7B,1,183,2/28/2024 18:31,10,3,6144,187,5884,25.60,70,31.2207,3.5127,0.314453,27.3936,20.7021
Mixtral-MOE-8-7B,1,184,2/28/2024 18:31,0,0,6144,187,5884,26.33,70,31.2207,3.50781,0.318359,27.3936,20.7061
Mixtral-MOE-8-7B,1,185,2/28/2024 18:31,10,3,6144,187,5884,25.61,70,31.2207,3.5,0.326172,27.3936,20.7139
Mixtral-MOE-8-7B,1,186,2/28/2024 18:31,10,3,6144,187,5884,25.73,70,31.2207,3.5166,0.30957,27.3936,20.6982
Mixtral-MOE-8-7B,1,187,2/28/2024 18:31,10,3,6144,187,5884,25.45,70,31.2207,3.48242,0.34375,27.3936,20.7324
Mixtral-MOE-8-7B,1,188,2/28/2024 18:31,0,0,6144,187,5884,27.58,70,31.2207,3.48438,0.341797,27.3936,20.7295
Mixtral-MOE-8-7B,1,189,2/28/2024 18:31,10,3,6144,187,5884,25.60,70,31.2207,3.49316,0.333008,27.3936,20.7217
Mixtral-MOE-8-7B,1,190,2/28/2024 18:31,10,3,6144,187,5884,42.28,70,31.2207,3.49023,0.335938,27.3936,20.7236
Mixtral-MOE-8-7B,1,191,2/28/2024 18:31,0,0,6144,187,5884,42.59,70,31.2207,3.46777,0.357422,27.3936,20.7461
Mixtral-MOE-8-7B,1,192,2/28/2024 18:31,9,3,6144,187,5884,25.60,70,31.2207,3.48438,0.34082,27.3936,20.7295
Mixtral-MOE-8-7B,1,193,2/28/2024 18:31,9,3,6144,187,5884,35.84,70,31.2207,3.49121,0.334961,27.3936,20.7236
Mixtral-MOE-8-7B,1,194,2/28/2024 18:31,0,0,6144,187,5884,25.60,70,31.2207,3.51172,0.314453,27.3936,20.7031
Mixtral-MOE-8-7B,1,195,2/28/2024 18:31,10,3,6144,187,5884,25.59,70,31.2207,3.51074,0.31543,27.3936,20.7031
Mixtral-MOE-8-7B,1,196,2/28/2024 18:31,0,0,6144,187,5884,33.30,70,31.2207,3.5,0.326172,27.3936,20.7139
Mixtral-MOE-8-7B,1,197,2/28/2024 18:31,10,3,6144,187,5884,25.60,70,31.2207,3.50586,0.319336,27.3936,20.708
Mixtral-MOE-8-7B,1,198,2/28/2024 18:31,10,3,6144,187,5884,25.60,70,31.2207,3.51074,0.314453,27.3936,20.7031
Mixtral-MOE-8-7B,1,199,2/28/2024 18:31,0,0,6144,187,5884,37.27,70,31.2207,3.49414,0.332031,27.3936,20.7197
Mixtral-MOE-8-7B,1,200,2/28/2024 18:31,10,3,6144,187,5884,25.61,70,31.2207,3.50098,0.325195,27.3936,20.7129
Mixtral-MOE-8-7B,1,201,2/28/2024 18:31,10,3,6144,187,5884,25.44,70,31.2207,3.49902,0.327148,27.3936,20.7148
Mixtral-MOE-8-7B,1,202,2/28/2024 18:31,0,0,6144,187,5884,25.61,70,31.2207,3.5,0.326172,27.3936,20.7148
Mixtral-MOE-8-7B,1,203,2/28/2024 18:31,8,3,6144,187,5884,25.60,70,31.2207,3.49805,0.328125,27.3936,20.7168
Mixtral-MOE-8-7B,1,204,2/28/2024 18:31,0,0,6144,187,5884,33.67,70,31.2207,3.48438,0.341797,27.3936,20.7295
Mixtral-MOE-8-7B,1,205,2/28/2024 18:31,10,3,6144,187,5884,25.44,70,31.2207,3.49121,0.334961,27.3936,20.7236
Mixtral-MOE-8-7B,1,206,2/28/2024 18:31,10,3,6144,187,5884,25.46,70,31.2207,3.49902,0.327148,27.3936,20.7158
Mixtral-MOE-8-7B,1,207,2/28/2024 18:31,10,3,6144,187,5884,26.17,70,31.2207,3.51074,0.31543,27.3936,20.7031
Mixtral-MOE-8-7B,1,208,2/28/2024 18:31,10,3,6144,187,5884,25.60,70,31.2207,3.50586,0.320312,27.3936,20.709
Mixtral-MOE-8-7B,1,209,2/28/2024 18:31,5,2,6144,187,5884,35.62,70,31.2207,3.50781,0.318359,27.3936,20.707
Mixtral-MOE-8-7B,1,210,2/28/2024 18:32,2,1,6144,187,5884,25.60,70,31.2207,3.50586,0.320312,27.3936,20.709
Mixtral-MOE-8-7B,1,211,2/28/2024 18:32,10,3,6144,187,5884,43.76,70,31.2207,3.49512,0.331055,27.3936,20.7197
Mixtral-MOE-8-7B,1,212,2/28/2024 18:32,10,3,6144,187,5884,25.59,70,31.2207,3.4873,0.337891,27.3936,20.7266
Mixtral-MOE-8-7B,1,213,2/28/2024 18:32,10,3,6144,187,5884,25.60,70,31.2207,3.47949,0.34668,27.3936,20.7354
Mixtral-MOE-8-7B,1,214,2/28/2024 18:32,10,3,6144,187,5884,30.56,70,31.2207,3.49609,0.330078,27.3936,20.7178
Mixtral-MOE-8-7B,1,215,2/28/2024 18:32,0,0,6144,187,5884,25.60,70,31.2207,3.49512,0.331055,27.3936,20.7197
Mixtral-MOE-8-7B,1,216,2/28/2024 18:32,0,0,6144,187,5884,25.61,70,31.2207,3.50293,0.323242,27.3936,20.7109
Mixtral-MOE-8-7B,1,217,2/28/2024 18:32,5,2,6144,187,5884,25.61,70,31.2207,3.49609,0.330078,27.3936,20.7178
Mixtral-MOE-8-7B,1,218,2/28/2024 18:32,10,3,6144,187,5884,25.58,70,31.2207,3.50293,0.323242,27.3936,20.7109
Mixtral-MOE-8-7B,1,219,2/28/2024 18:32,10,3,6144,187,5884,31.84,70,31.2207,3.50488,0.321289,27.3936,20.71
Mixtral-MOE-8-7B,1,220,2/28/2024 18:32,10,3,6144,187,5884,25.60,70,31.2207,3.47754,0.347656,27.3936,20.7363
Mixtral-MOE-8-7B,1,221,2/28/2024 18:32,10,3,6144,187,5884,25.60,70,31.2207,3.48047,0.344727,27.3936,20.7334
Mixtral-MOE-8-7B,1,222,2/28/2024 18:32,10,3,6144,187,5884,25.46,70,31.2207,3.49609,0.330078,27.3936,20.7188
Mixtral-MOE-8-7B,1,223,2/28/2024 18:32,7,2,6144,187,5884,25.61,70,31.2207,3.50391,0.321289,27.3936,20.71
Mixtral-MOE-8-7B,1,224,2/28/2024 18:32,10,3,6144,187,5884,25.61,70,31.2207,3.50781,0.318359,27.3936,20.707
Mixtral-MOE-8-7B,1,225,2/28/2024 18:32,0,0,6144,2839,3232,31.29,70,31.2207,3.45996,0.366211,27.3936,20.7549
Mixtral-MOE-8-7B,1,226,2/28/2024 18:32,0,0,6144,2843,3228,27.39,70,31.2207,3.38281,4.80762,23.0303,25.1914
Mixtral-MOE-8-7B,2,0,2/28/2024 18:35,0,0,6144,6065,6,4.32,53,31.2207,3.15332,6.60449,21.4629,27.0098
Mixtral-MOE-8-7B,2,1,2/28/2024 18:35,0,0,6144,5989,82,24.15,54,31.2207,3.33984,6.41895,21.4609,26.8242
Mixtral-MOE-8-7B,2,2,2/28/2024 18:35,0,0,6144,5989,82,24.30,54,31.2207,3.31934,6.45117,21.4492,26.8564
Mixtral-MOE-8-7B,2,3,2/28/2024 18:35,0,0,6144,3679,2392,25.88,54,31.2207,3.34277,6.42773,21.4492,26.833
Mixtral-MOE-8-7B,2,4,2/28/2024 18:35,0,0,6144,3679,2392,25.87,55,31.2207,3.36426,4.5332,23.3223,24.9395
Mixtral-MOE-8-7B,2,5,2/28/2024 18:35,3,0,6144,3033,3038,33.81,55,31.2207,3.42285,2.96484,24.832,23.373
Mixtral-MOE-8-7B,2,6,2/28/2024 18:35,0,0,6144,385,5686,24.26,55,31.2207,3.43457,0.630859,27.1543,21.042
Mixtral-MOE-8-7B,2,7,2/28/2024 18:35,1,0,6144,3037,3034,25.90,55,31.2207,3.35938,3.03027,24.8301,23.4385
Mixtral-MOE-8-7B,2,8,2/28/2024 18:35,0,0,6144,3679,2392,26.02,55,31.2207,3.3457,5.45703,22.417,25.8623
Mixtral-MOE-8-7B,2,9,2/28/2024 18:35,0,0,6144,3679,2392,26.02,56,31.2207,3.37402,3.17188,24.6738,23.5801
Mixtral-MOE-8-7B,2,10,2/28/2024 18:35,0,0,6144,385,5686,26.03,56,31.2207,3.45215,1.54883,26.2188,21.958
Mixtral-MOE-8-7B,2,11,2/28/2024 18:35,89,7,6144,255,5816,59.92,57,31.2207,3.50293,0.304688,27.4111,20.7158
Mixtral-MOE-8-7B,2,12,2/28/2024 18:35,73,7,6144,255,5816,68.84,59,31.2207,3.50977,0.298828,27.4111,20.71
Mixtral-MOE-8-7B,2,13,2/28/2024 18:35,74,7,6144,255,5816,76.62,60,31.2207,3.48633,0.322266,27.4111,20.7334
Mixtral-MOE-8-7B,2,14,2/28/2024 18:35,87,8,6144,255,5816,51.77,61,31.2207,3.48926,0.319336,27.4111,20.7305
Mixtral-MOE-8-7B,2,15,2/28/2024 18:35,85,7,6144,255,5816,80.53,61,31.2207,3.49219,0.316406,27.4111,20.7275
Mixtral-MOE-8-7B,2,16,2/28/2024 18:35,73,7,6144,255,5816,62.48,62,31.2207,3.50098,0.306641,27.4111,20.7178
Mixtral-MOE-8-7B,2,17,2/28/2024 18:35,69,7,6144,255,5816,66.29,62,31.2207,3.49414,0.314453,27.4111,20.7256
Mixtral-MOE-8-7B,2,18,2/28/2024 18:35,89,7,6144,255,5816,72.82,63,31.2207,3.47852,0.329102,27.4111,20.7402
Mixtral-MOE-8-7B,2,19,2/28/2024 18:35,75,7,6144,255,5816,62.41,63,31.2207,3.49512,0.313477,27.4111,20.7246
Mixtral-MOE-8-7B,2,20,2/28/2024 18:35,89,8,6144,255,5816,81.91,64,31.2207,3.4873,0.321289,27.4111,20.7324
Mixtral-MOE-8-7B,2,21,2/28/2024 18:35,98,11,6144,255,5816,71.65,64,31.2207,3.49609,0.3125,27.4111,20.7236
Mixtral-MOE-8-7B,2,22,2/28/2024 18:35,74,8,6144,187,5884,78.04,64,31.2207,3.50391,0.304688,27.4111,20.7158
Mixtral-MOE-8-7B,2,23,2/28/2024 18:35,89,8,6144,187,5884,40.37,65,31.2207,3.5,0.308594,27.4111,20.7197
Mixtral-MOE-8-7B,2,24,2/28/2024 18:35,71,7,6144,187,5884,68.83,65,31.2207,3.49805,0.310547,27.4111,20.7217
Mixtral-MOE-8-7B,2,25,2/28/2024 18:35,89,8,6144,187,5884,56.68,66,31.2207,3.49316,0.31543,27.4111,20.7266
Mixtral-MOE-8-7B,2,26,2/28/2024 18:35,89,7,6144,187,5884,66.82,66,31.2207,3.49414,0.314453,27.4111,20.7266
Mixtral-MOE-8-7B,2,27,2/28/2024 18:35,67,7,6144,187,5884,79.57,66,31.2207,3.50781,0.299805,27.4121,20.7119
Mixtral-MOE-8-7B,2,28,2/28/2024 18:35,88,8,6144,187,5884,71.74,67,31.2207,3.50977,0.298828,27.4121,20.71
Mixtral-MOE-8-7B,2,29,2/28/2024 18:35,86,8,6144,187,5884,77.00,67,31.2207,3.50391,0.304688,27.4121,20.7158
Mixtral-MOE-8-7B,2,30,2/28/2024 18:35,72,7,6144,187,5884,52.65,68,31.2207,3.49902,0.308594,27.4121,20.7207
Mixtral-MOE-8-7B,2,31,2/28/2024 18:35,75,7,6144,187,5884,55.17,68,31.2207,3.50195,0.305664,27.4121,20.7178
Mixtral-MOE-8-7B,2,32,2/28/2024 18:35,87,7,6144,187,5884,44.45,68,31.2207,3.48828,0.319336,27.4121,20.7314
Mixtral-MOE-8-7B,2,33,2/28/2024 18:35,100,14,6144,187,5884,72.41,68,31.2207,3.49219,0.31543,27.4121,20.7275
Mixtral-MOE-8-7B,2,34,2/28/2024 18:35,78,7,6144,187,5884,72.00,69,31.2207,3.49512,0.313477,27.4121,20.7246
Mixtral-MOE-8-7B,2,35,2/28/2024 18:35,79,7,6144,187,5884,78.47,69,31.2207,3.50879,0.299805,27.4121,20.7109
Mixtral-MOE-8-7B,2,36,2/28/2024 18:35,79,7,6144,187,5884,69.86,70,31.2207,3.50684,0.300781,27.4121,20.7129
Mixtral-MOE-8-7B,2,37,2/28/2024 18:35,77,7,6144,187,5884,67.75,70,31.2207,3.50098,0.307617,27.4121,20.7188
Mixtral-MOE-8-7B,2,38,2/28/2024 18:35,89,7,6144,187,5884,69.45,70,31.2207,3.50293,0.304688,27.4121,20.7168
Mixtral-MOE-8-7B,2,39,2/28/2024 18:35,79,7,6144,187,5884,44.15,70,31.2207,3.50293,0.304688,27.4121,20.7168
Mixtral-MOE-8-7B,2,40,2/28/2024 18:35,85,7,6144,187,5884,64.84,71,31.2207,3.49707,0.310547,27.4121,20.7227
Mixtral-MOE-8-7B,2,41,2/28/2024 18:35,100,12,6144,187,5884,70.18,71,31.2207,3.50781,0.300781,27.4121,20.7119
Mixtral-MOE-8-7B,2,42,2/28/2024 18:35,8,3,6144,187,5884,31.16,69,31.2207,3.49023,0.317383,27.4121,20.7295
Mixtral-MOE-8-7B,2,43,2/28/2024 18:35,8,3,6144,187,5884,31.31,69,31.2207,3.50293,0.304688,27.4121,20.7168
Mixtral-MOE-8-7B,2,44,2/28/2024 18:35,1,0,6144,187,5884,60.04,69,31.2207,3.49414,0.313477,27.4121,20.7256
Mixtral-MOE-8-7B,2,45,2/28/2024 18:35,8,3,6144,187,5884,31.03,69,31.2207,3.50488,0.303711,27.4121,20.7148
Mixtral-MOE-8-7B,2,46,2/28/2024 18:35,8,3,6144,187,5884,31.58,69,31.2207,3.49902,0.308594,27.4121,20.7207
Mixtral-MOE-8-7B,2,47,2/28/2024 18:35,8,3,6144,187,5884,60.70,69,31.2207,3.49316,0.314453,27.4121,20.7266
Mixtral-MOE-8-7B,2,48,2/28/2024 18:35,8,3,6144,187,5884,31.03,69,31.2207,3.49219,0.31543,27.4121,20.7275
Mixtral-MOE-8-7B,2,49,2/28/2024 18:35,8,2,6144,187,5884,25.42,69,31.2207,3.4873,0.321289,27.4121,20.7324
Mixtral-MOE-8-7B,2,50,2/28/2024 18:35,7,2,6144,187,5884,25.30,68,31.2207,3.48926,0.318359,27.4121,20.7305
Mixtral-MOE-8-7B,2,51,2/28/2024 18:35,9,3,6144,187,5884,26.02,68,31.2207,3.50586,0.302734,27.4121,20.7139
Mixtral-MOE-8-7B,2,52,2/28/2024 18:35,9,3,6144,187,5884,25.30,68,31.2207,3.4873,0.320312,27.4121,20.7324
Mixtral-MOE-8-7B,2,53,2/28/2024 18:35,0,0,6144,187,5884,45.21,68,31.2207,3.48535,0.322266,27.4121,20.7344
Mixtral-MOE-8-7B,2,54,2/28/2024 18:35,0,0,6144,187,5884,25.27,68,31.2207,3.47266,0.334961,27.4121,20.7471
Mixtral-MOE-8-7B,2,55,2/28/2024 18:35,9,3,6144,187,5884,25.30,68,31.2207,3.48145,0.326172,27.4121,20.7383
Mixtral-MOE-8-7B,2,56,2/28/2024 18:35,9,3,6144,187,5884,25.33,68,31.2207,3.48145,0.327148,27.4121,20.7383
Mixtral-MOE-8-7B,2,57,2/28/2024 18:36,9,3,6144,187,5884,25.29,68,31.2207,3.49512,0.313477,27.4121,20.7246
Mixtral-MOE-8-7B,2,58,2/28/2024 18:36,0,0,6144,187,5884,25.75,68,31.2207,3.47852,0.329102,27.4121,20.7412
Mixtral-MOE-8-7B,2,59,2/28/2024 18:36,0,0,6144,187,5884,25.28,68,31.2207,3.48535,0.322266,27.4121,20.7344
Mixtral-MOE-8-7B,2,60,2/28/2024 18:36,9,3,6144,187,5884,27.22,68,31.2207,3.47168,0.334961,27.4141,20.7461
Mixtral-MOE-8-7B,2,61,2/28/2024 18:36,9,3,6144,187,5884,25.28,68,31.2207,3.48633,0.321289,27.4121,20.7334
Mixtral-MOE-8-7B,2,62,2/28/2024 18:36,9,3,6144,187,5884,25.29,68,31.2207,3.48535,0.322266,27.4121,20.7344
Mixtral-MOE-8-7B,2,63,2/28/2024 18:36,0,0,6144,187,5884,25.29,68,31.2207,3.46875,0.339844,27.4121,20.751
Mixtral-MOE-8-7B,2,64,2/28/2024 18:36,0,0,6144,187,5884,43.60,68,31.2207,3.48535,0.323242,27.4121,20.7344
Mixtral-MOE-8-7B,2,65,2/28/2024 18:36,9,3,6144,187,5884,25.29,68,31.2207,3.47559,0.332031,27.4121,20.7441
Mixtral-MOE-8-7B,2,66,2/28/2024 18:36,9,3,6144,187,5884,42.58,68,31.2207,3.47656,0.331055,27.4121,20.7432
Mixtral-MOE-8-7B,2,67,2/28/2024 18:36,0,0,6144,187,5884,26.18,68,31.2207,3.49219,0.31543,27.4121,20.7275
Mixtral-MOE-8-7B,2,68,2/28/2024 18:36,7,3,6144,187,5884,25.28,68,31.2207,3.48633,0.321289,27.4121,20.7334
Mixtral-MOE-8-7B,2,69,2/28/2024 18:36,0,0,6144,187,5884,35.32,68,31.2207,3.48242,0.325195,27.4121,20.7373
Mixtral-MOE-8-7B,2,70,2/28/2024 18:36,0,0,6144,187,5884,25.44,68,31.2207,3.5,0.308594,27.4121,20.7197
Mixtral-MOE-8-7B,2,71,2/28/2024 18:36,0,0,6144,187,5884,25.43,68,31.2207,3.51465,0.292969,27.4121,20.7051
Mixtral-MOE-8-7B,2,72,2/28/2024 18:36,7,2,6144,187,5884,25.28,67,31.2207,3.50488,0.302734,27.4121,20.7148
Mixtral-MOE-8-7B,2,73,2/28/2024 18:36,9,3,6144,187,5884,25.62,68,31.2207,3.50391,0.303711,27.4121,20.7158
Mixtral-MOE-8-7B,2,74,2/28/2024 18:36,9,3,6144,187,5884,25.30,68,31.2207,3.52051,0.287109,27.4121,20.6992
Mixtral-MOE-8-7B,2,75,2/28/2024 18:36,9,3,6144,187,5884,33.24,67,31.2207,3.52246,0.28418,27.4121,20.6973
Mixtral-MOE-8-7B,2,76,2/28/2024 18:36,0,0,6144,187,5884,25.32,68,31.2207,3.51953,0.288086,27.4121,20.7002
Mixtral-MOE-8-7B,2,77,2/28/2024 18:36,0,0,6144,187,5884,26.78,68,31.2207,3.50488,0.302734,27.4121,20.7148
Mixtral-MOE-8-7B,2,78,2/28/2024 18:36,9,3,6144,187,5884,25.30,68,31.2207,3.50781,0.299805,27.4121,20.7119
Mixtral-MOE-8-7B,2,79,2/28/2024 18:36,9,3,6144,187,5884,25.28,68,31.2207,3.50293,0.304688,27.4121,20.7168
Mixtral-MOE-8-7B,2,80,2/28/2024 18:36,9,3,6144,187,5884,26.01,68,31.2207,3.49023,0.317383,27.4121,20.7295
Mixtral-MOE-8-7B,2,81,2/28/2024 18:36,9,3,6144,187,5884,25.30,68,31.2207,3.50684,0.300781,27.4121,20.7129
Mixtral-MOE-8-7B,2,82,2/28/2024 18:36,0,0,6144,187,5884,25.89,68,31.2207,3.50293,0.304688,27.4121,20.7168
Mixtral-MOE-8-7B,2,83,2/28/2024 18:36,9,3,6144,187,5884,25.28,68,31.2207,3.50391,0.303711,27.4121,20.7158
Mixtral-MOE-8-7B,2,84,2/28/2024 18:36,9,3,6144,187,5884,25.89,68,31.2207,3.50195,0.305664,27.4121,20.7178
Mixtral-MOE-8-7B,2,85,2/28/2024 18:36,9,3,6144,187,5884,25.28,68,31.2207,3.5127,0.294922,27.4121,20.707
Mixtral-MOE-8-7B,2,86,2/28/2024 18:36,7,2,6144,187,5884,28.71,68,31.2207,3.5127,0.294922,27.4121,20.707
Mixtral-MOE-8-7B,2,87,2/28/2024 18:36,5,2,6144,187,5884,29.20,68,31.2207,3.51074,0.296875,27.4121,20.709
Mixtral-MOE-8-7B,2,88,2/28/2024 18:36,0,0,6144,187,5884,25.30,68,31.2207,3.50977,0.297852,27.4121,20.71
Mixtral-MOE-8-7B,2,89,2/28/2024 18:36,1,0,6144,187,5884,25.28,68,31.2207,3.51562,0.291992,27.4121,20.7041
Mixtral-MOE-8-7B,2,90,2/28/2024 18:36,0,0,6144,187,5884,26.18,68,31.2207,3.49512,0.3125,27.4121,20.7246
Mixtral-MOE-8-7B,2,91,2/28/2024 18:36,1,0,6144,187,5884,25.28,68,31.2207,3.50488,0.302734,27.4121,20.7148
Mixtral-MOE-8-7B,2,92,2/28/2024 18:36,9,3,6144,187,5884,25.29,68,31.2207,3.50098,0.305664,27.4121,20.7188
Mixtral-MOE-8-7B,2,93,2/28/2024 18:36,9,3,6144,187,5884,28.47,68,31.2207,3.49707,0.310547,27.4121,20.7227
Mixtral-MOE-8-7B,2,94,2/28/2024 18:36,5,2,6144,187,5884,25.59,68,31.2207,3.51074,0.295898,27.4121,20.709
Mixtral-MOE-8-7B,2,95,2/28/2024 18:36,0,0,6144,187,5884,25.40,68,31.2207,3.52051,0.287109,27.4121,20.6992
Mixtral-MOE-8-7B,2,96,2/28/2024 18:36,0,0,6144,187,5884,25.28,68,31.2207,3.52051,0.287109,27.4121,20.6992
Mixtral-MOE-8-7B,2,97,2/28/2024 18:36,9,3,6144,187,5884,25.29,68,31.2207,3.52734,0.280273,27.4121,20.6924
Mixtral-MOE-8-7B,2,98,2/28/2024 18:36,0,0,6144,187,5884,25.28,68,31.2207,3.53223,0.274414,27.4121,20.6875
Mixtral-MOE-8-7B,2,99,2/28/2024 18:36,7,2,6144,187,5884,25.32,68,31.2207,3.50195,0.305664,27.4121,20.7178
Mixtral-MOE-8-7B,2,100,2/28/2024 18:36,9,3,6144,187,5884,25.29,68,31.2207,3.49414,0.313477,27.4121,20.7256
Mixtral-MOE-8-7B,2,101,2/28/2024 18:36,0,0,6144,187,5884,39.20,68,31.2207,3.50098,0.306641,27.4121,20.7188
Mixtral-MOE-8-7B,2,102,2/28/2024 18:36,9,3,6144,187,5884,25.45,68,31.2207,3.51855,0.289062,27.4121,20.7012
Mixtral-MOE-8-7B,2,103,2/28/2024 18:36,7,2,6144,187,5884,25.29,68,31.2207,3.5127,0.293945,27.4121,20.7061
Mixtral-MOE-8-7B,2,104,2/28/2024 18:36,9,3,6144,187,5884,25.28,68,31.2207,3.51074,0.296875,27.4121,20.709
Mixtral-MOE-8-7B,2,105,2/28/2024 18:36,7,2,6144,187,5884,38.62,68,31.2207,3.50195,0.305664,27.4121,20.7178
Mixtral-MOE-8-7B,2,106,2/28/2024 18:36,9,3,6144,187,5884,25.73,68,31.2207,3.51758,0.290039,27.4121,20.7021
Mixtral-MOE-8-7B,2,107,2/28/2024 18:36,9,3,6144,187,5884,25.32,68,31.2207,3.50684,0.300781,27.4121,20.7129
Mixtral-MOE-8-7B,2,108,2/28/2024 18:36,9,3,6144,187,5884,25.31,68,31.2207,3.50391,0.302734,27.4121,20.7158
Mixtral-MOE-8-7B,2,109,2/28/2024 18:36,9,3,6144,187,5884,25.29,68,31.2207,3.50391,0.302734,27.4121,20.7158
Mixtral-MOE-8-7B,2,110,2/28/2024 18:36,0,0,6144,187,5884,47.52,68,31.2207,3.50586,0.301758,27.4121,20.7139
Mixtral-MOE-8-7B,2,111,2/28/2024 18:36,0,0,6144,187,5884,25.73,68,31.2207,3.51465,0.291992,27.4121,20.7041
Mixtral-MOE-8-7B,2,112,2/28/2024 18:36,9,3,6144,187,5884,25.29,68,31.2207,3.50098,0.306641,27.4121,20.7188
Mixtral-MOE-8-7B,2,113,2/28/2024 18:36,9,3,6144,187,5884,26.45,68,31.2207,3.50879,0.298828,27.4121,20.7109
Mixtral-MOE-8-7B,2,114,2/28/2024 18:37,9,3,6144,187,5884,25.44,68,31.2207,3.51172,0.294922,27.4121,20.707
Mixtral-MOE-8-7B,2,115,2/28/2024 18:37,9,3,6144,187,5884,25.29,68,31.2207,3.52148,0.286133,27.4121,20.6982
Mixtral-MOE-8-7B,2,116,2/28/2024 18:37,5,2,6144,187,5884,28.75,68,31.2207,3.5166,0.291016,27.4121,20.7031
Mixtral-MOE-8-7B,2,117,2/28/2024 18:37,0,0,6144,187,5884,25.30,68,31.2207,3.50684,0.300781,27.4121,20.7129
Mixtral-MOE-8-7B,2,118,2/28/2024 18:37,9,3,6144,187,5884,25.30,68,31.2207,3.50488,0.302734,27.4121,20.7148
Mixtral-MOE-8-7B,2,119,2/28/2024 18:37,9,3,6144,187,5884,25.28,68,31.2207,3.51758,0.290039,27.4121,20.7021
Mixtral-MOE-8-7B,2,120,2/28/2024 18:37,9,3,6144,187,5884,26.61,68,31.2207,3.50977,0.297852,27.4121,20.71
Mixtral-MOE-8-7B,2,121,2/28/2024 18:37,9,3,6144,187,5884,25.88,68,31.2207,3.51074,0.296875,27.4121,20.709
Mixtral-MOE-8-7B,2,122,2/28/2024 18:37,9,3,6144,187,5884,25.28,68,31.2207,3.5166,0.290039,27.4121,20.7021
Mixtral-MOE-8-7B,2,123,2/28/2024 18:37,0,0,6144,187,5884,25.31,68,31.2207,3.53125,0.276367,27.4121,20.6885
Mixtral-MOE-8-7B,2,124,2/28/2024 18:37,1,0,6144,187,5884,30.53,68,31.2207,3.51465,0.291992,27.4121,20.7051
Mixtral-MOE-8-7B,2,125,2/28/2024 18:37,0,0,6144,187,5884,25.29,68,31.2207,3.50879,0.298828,27.4121,20.7109
Mixtral-MOE-8-7B,2,126,2/28/2024 18:37,9,3,6144,187,5884,25.29,68,31.2207,3.51562,0.291992,27.4121,20.7041
Mixtral-MOE-8-7B,2,127,2/28/2024 18:37,0,0,6144,187,5884,32.51,68,31.2207,3.49902,0.307617,27.4121,20.7197
Mixtral-MOE-8-7B,2,128,2/28/2024 18:37,0,0,6144,187,5884,25.62,68,31.2207,3.50684,0.299805,27.4121,20.7129
Mixtral-MOE-8-7B,2,129,2/28/2024 18:37,0,0,6144,187,5884,25.88,68,31.2207,3.49414,0.313477,27.4121,20.7256
Mixtral-MOE-8-7B,2,130,2/28/2024 18:37,0,0,6144,187,5884,25.28,68,31.2207,3.50684,0.300781,27.4121,20.7129
Mixtral-MOE-8-7B,2,131,2/28/2024 18:37,9,3,6144,187,5884,25.28,68,31.2207,3.51465,0.292969,27.4121,20.7051
Mixtral-MOE-8-7B,2,132,2/28/2024 18:37,0,0,6144,187,5884,28.28,68,31.2207,3.48926,0.318359,27.4131,20.7305
Mixtral-MOE-8-7B,2,133,2/28/2024 18:37,0,0,6144,187,5884,25.45,68,31.2207,3.49609,0.310547,27.4131,20.7236
Mixtral-MOE-8-7B,2,134,2/28/2024 18:37,1,0,6144,187,5884,28.60,68,31.2207,3.51074,0.296875,27.4131,20.709
Mixtral-MOE-8-7B,2,135,2/28/2024 18:37,0,0,6144,187,5884,33.95,68,31.2207,3.51953,0.288086,27.4131,20.7002
Mixtral-MOE-8-7B,2,136,2/28/2024 18:37,8,3,6144,187,5884,25.46,68,31.2207,3.51758,0.289062,27.4131,20.7021
Mixtral-MOE-8-7B,2,137,2/28/2024 18:37,0,0,6144,187,5884,25.91,68,31.2207,3.53027,0.277344,27.4131,20.6895
Mixtral-MOE-8-7B,2,138,2/28/2024 18:37,0,0,6144,187,5884,25.88,68,31.2207,3.5,0.307617,27.4131,20.7197
Mixtral-MOE-8-7B,2,139,2/28/2024 18:37,9,3,6144,187,5884,25.27,68,31.2207,3.50977,0.296875,27.4131,20.71
Mixtral-MOE-8-7B,2,140,2/28/2024 18:37,9,3,6144,187,5884,25.27,68,31.2207,3.5166,0.291016,27.4131,20.7031
Mixtral-MOE-8-7B,2,141,2/28/2024 18:37,9,3,6144,187,5884,37.21,68,31.2207,3.50684,0.299805,27.4131,20.7119
Mixtral-MOE-8-7B,2,142,2/28/2024 18:37,9,3,6144,187,5884,25.73,68,31.2207,3.51758,0.289062,27.4131,20.7012
Mixtral-MOE-8-7B,2,143,2/28/2024 18:37,9,3,6144,187,5884,25.29,68,31.2207,3.51562,0.291992,27.4131,20.7041
Mixtral-MOE-8-7B,2,144,2/28/2024 18:37,9,3,6144,187,5884,41.31,68,31.2207,3.51758,0.289062,27.4131,20.7012
Mixtral-MOE-8-7B,2,145,2/28/2024 18:37,4,2,6144,187,5884,25.72,68,31.2207,3.5127,0.294922,27.4131,20.707
Mixtral-MOE-8-7B,2,146,2/28/2024 18:37,2,1,6144,187,5884,25.30,68,31.2207,3.50098,0.305664,27.4131,20.7188
Mixtral-MOE-8-7B,2,147,2/28/2024 18:37,9,3,6144,187,5884,25.29,68,31.2207,3.50781,0.298828,27.4131,20.7119
Mixtral-MOE-8-7B,2,148,2/28/2024 18:37,9,3,6144,187,5884,25.29,68,31.2207,3.50586,0.300781,27.4131,20.7139
Mixtral-MOE-8-7B,2,149,2/28/2024 18:37,9,3,6144,187,5884,25.29,68,31.2207,3.52539,0.28125,27.4131,20.6934
Mixtral-MOE-8-7B,2,150,2/28/2024 18:37,9,3,6144,187,5884,27.25,68,31.2207,3.50781,0.298828,27.4131,20.7109
Mixtral-MOE-8-7B,2,151,2/28/2024 18:37,9,3,6144,187,5884,25.47,68,31.2207,3.51172,0.294922,27.4131,20.708
Mixtral-MOE-8-7B,2,152,2/28/2024 18:37,9,3,6144,187,5884,25.31,68,31.2207,3.50977,0.297852,27.4131,20.71
Mixtral-MOE-8-7B,2,153,2/28/2024 18:37,0,0,6144,187,5884,25.45,68,31.2207,3.51465,0.292969,27.4131,20.7051
Mixtral-MOE-8-7B,2,154,2/28/2024 18:37,9,3,6144,187,5884,25.28,68,31.2207,3.51758,0.289062,27.4131,20.7012
Mixtral-MOE-8-7B,2,155,2/28/2024 18:37,0,0,6144,187,5884,38.90,68,31.2207,3.51562,0.291016,27.4131,20.7041
Mixtral-MOE-8-7B,2,156,2/28/2024 18:37,0,0,6144,187,5884,25.91,68,31.2207,3.52148,0.285156,27.4131,20.6973
Mixtral-MOE-8-7B,2,157,2/28/2024 18:37,0,0,6144,187,5884,38.63,68,31.2207,3.50391,0.302734,27.4131,20.7148
Mixtral-MOE-8-7B,2,158,2/28/2024 18:37,0,0,6144,187,5884,25.45,68,31.2207,3.5166,0.290039,27.4131,20.7021
Mixtral-MOE-8-7B,2,159,2/28/2024 18:37,9,3,6144,187,5884,25.44,68,31.2207,3.50195,0.304688,27.4131,20.7178
Mixtral-MOE-8-7B,2,160,2/28/2024 18:37,9,3,6144,187,5884,25.43,68,31.2207,3.50684,0.299805,27.4131,20.7129
Mixtral-MOE-8-7B,2,161,2/28/2024 18:37,0,0,6144,187,5884,25.60,69,31.2207,3.50488,0.302734,27.4131,20.7148
Mixtral-MOE-8-7B,2,162,2/28/2024 18:37,5,2,6144,187,5884,25.43,68,31.2207,3.49023,0.317383,27.4131,20.7295
Mixtral-MOE-8-7B,2,163,2/28/2024 18:37,0,0,6144,187,5884,35.44,68,31.2207,3.47266,0.333984,27.4131,20.7471
Mixtral-MOE-8-7B,2,164,2/28/2024 18:37,9,3,6144,187,5884,25.44,68,31.2207,3.48926,0.318359,27.4131,20.7305
Mixtral-MOE-8-7B,2,165,2/28/2024 18:37,8,3,6144,187,5884,25.45,68,31.2207,3.48535,0.321289,27.4131,20.7334
Mixtral-MOE-8-7B,2,166,2/28/2024 18:37,9,3,6144,187,5884,25.43,68,31.2207,3.4873,0.319336,27.4131,20.7314
Mixtral-MOE-8-7B,2,167,2/28/2024 18:37,9,3,6144,187,5884,25.41,69,31.2207,3.50098,0.306641,27.4131,20.7188
Mixtral-MOE-8-7B,2,168,2/28/2024 18:37,9,3,6144,187,5884,25.44,69,31.2207,3.50391,0.302734,27.4131,20.7158
Mixtral-MOE-8-7B,2,169,2/28/2024 18:37,9,3,6144,187,5884,39.78,68,31.2207,3.50684,0.300781,27.4131,20.7129
Mixtral-MOE-8-7B,2,170,2/28/2024 18:37,9,3,6144,187,5884,25.44,68,31.2207,3.49512,0.311523,27.4131,20.7236
Mixtral-MOE-8-7B,2,171,2/28/2024 18:37,9,3,6144,187,5884,25.44,69,31.2207,3.49512,0.3125,27.4131,20.7246
Mixtral-MOE-8-7B,2,172,2/28/2024 18:38,9,3,6144,187,5884,25.43,68,31.2207,3.50293,0.303711,27.4131,20.7158
Mixtral-MOE-8-7B,2,173,2/28/2024 18:38,9,3,6144,187,5884,25.43,68,31.2207,3.49902,0.308594,27.4131,20.7207
Mixtral-MOE-8-7B,2,174,2/28/2024 18:38,9,3,6144,187,5884,32.13,69,31.2207,3.5,0.307617,27.4131,20.7197
Mixtral-MOE-8-7B,2,175,2/28/2024 18:38,9,3,6144,187,5884,25.43,69,31.2207,3.49805,0.308594,27.4131,20.7207
Mixtral-MOE-8-7B,2,176,2/28/2024 18:38,9,3,6144,187,5884,25.30,69,31.2207,3.49707,0.30957,27.4131,20.7217
Mixtral-MOE-8-7B,2,177,2/28/2024 18:38,9,3,6144,187,5884,25.43,69,31.2207,3.50391,0.302734,27.4131,20.7148
Mixtral-MOE-8-7B,2,178,2/28/2024 18:38,9,3,6144,187,5884,37.33,69,31.2207,3.50391,0.302734,27.4131,20.7148
Mixtral-MOE-8-7B,2,179,2/28/2024 18:38,0,0,6144,187,5884,25.42,69,31.2207,3.50195,0.304688,27.4131,20.7178
Mixtral-MOE-8-7B,2,180,2/28/2024 18:38,9,3,6144,187,5884,25.45,68,31.2207,3.49902,0.307617,27.4131,20.7197
Mixtral-MOE-8-7B,2,181,2/28/2024 18:38,9,3,6144,187,5884,25.43,68,31.2207,3.49902,0.307617,27.4131,20.7207
Mixtral-MOE-8-7B,2,182,2/28/2024 18:38,9,3,6144,187,5884,25.43,69,31.2207,3.5,0.306641,27.4131,20.7197
Mixtral-MOE-8-7B,2,183,2/28/2024 18:38,7,2,6144,187,5884,36.75,68,31.2207,3.50781,0.298828,27.4131,20.7119
Mixtral-MOE-8-7B,2,184,2/28/2024 18:38,9,3,6144,187,5884,25.76,69,31.2207,3.50977,0.296875,27.4131,20.709
Mixtral-MOE-8-7B,2,185,2/28/2024 18:38,0,0,6144,187,5884,25.43,69,31.2207,3.5,0.306641,27.4131,20.7188
Mixtral-MOE-8-7B,2,186,2/28/2024 18:38,0,0,6144,187,5884,25.44,69,31.2207,3.49707,0.310547,27.4131,20.7227
Mixtral-MOE-8-7B,2,187,2/28/2024 18:38,5,2,6144,187,5884,25.44,68,31.2207,3.49707,0.30957,27.4131,20.7227
Mixtral-MOE-8-7B,2,188,2/28/2024 18:38,9,3,6144,187,5884,25.32,68,31.2207,3.51172,0.294922,27.4131,20.708
Mixtral-MOE-8-7B,2,189,2/28/2024 18:38,10,3,6144,187,5884,25.31,69,31.2207,3.52148,0.285156,27.4131,20.6982
Mixtral-MOE-8-7B,2,190,2/28/2024 18:38,10,3,6144,187,5884,25.43,69,31.2207,3.50098,0.305664,27.4131,20.7188
Mixtral-MOE-8-7B,2,191,2/28/2024 18:38,10,3,6144,187,5884,25.42,69,31.2207,3.51465,0.291992,27.4131,20.7051
Mixtral-MOE-8-7B,2,192,2/28/2024 18:38,10,3,6144,187,5884,25.88,69,31.2207,3.52246,0.28418,27.4131,20.6973
Mixtral-MOE-8-7B,2,193,2/28/2024 18:38,10,3,6144,187,5884,25.42,69,31.2207,3.53809,0.268555,27.4131,20.6816
Mixtral-MOE-8-7B,2,194,2/28/2024 18:38,10,3,6144,187,5884,25.44,69,31.2207,3.53125,0.275391,27.4131,20.6885
Mixtral-MOE-8-7B,2,195,2/28/2024 18:38,10,3,6144,187,5884,25.44,69,31.2207,3.51562,0.291016,27.4131,20.7041
Mixtral-MOE-8-7B,2,196,2/28/2024 18:38,0,0,6144,187,5884,25.43,69,31.2207,3.53125,0.275391,27.4131,20.6885
Mixtral-MOE-8-7B,2,197,2/28/2024 18:38,0,0,6144,187,5884,26.17,69,31.2207,3.5293,0.27832,27.4131,20.6904
Mixtral-MOE-8-7B,2,198,2/28/2024 18:38,10,3,6144,187,5884,25.33,69,31.2207,3.51758,0.290039,27.4131,20.7021
Mixtral-MOE-8-7B,2,199,2/28/2024 18:38,0,0,6144,187,5884,25.43,69,31.2207,3.5166,0.290039,27.4131,20.7031
Mixtral-MOE-8-7B,2,200,2/28/2024 18:38,10,3,6144,187,5884,25.44,69,31.2207,3.52441,0.283203,27.4131,20.6953
Mixtral-MOE-8-7B,2,201,2/28/2024 18:38,0,0,6144,187,5884,44.89,69,31.2207,3.51562,0.291016,27.4131,20.7031
Mixtral-MOE-8-7B,2,202,2/28/2024 18:38,0,0,6144,187,5884,25.60,69,31.2207,3.51562,0.291016,27.4131,20.7031
Mixtral-MOE-8-7B,2,203,2/28/2024 18:38,0,0,6144,187,5884,25.42,69,31.2207,3.49023,0.316406,27.4131,20.7295
Mixtral-MOE-8-7B,2,204,2/28/2024 18:38,10,3,6144,187,5884,25.43,69,31.2207,3.50098,0.305664,27.4131,20.7188
Mixtral-MOE-8-7B,2,205,2/28/2024 18:38,10,3,6144,187,5884,25.44,69,31.2207,3.50781,0.299805,27.4131,20.7119
Mixtral-MOE-8-7B,2,206,2/28/2024 18:38,10,3,6144,187,5884,25.43,69,31.2207,3.50488,0.300781,27.4131,20.7139
Mixtral-MOE-8-7B,2,207,2/28/2024 18:38,10,3,6144,187,5884,41.69,69,31.2207,3.50781,0.298828,27.4131,20.7119
Mixtral-MOE-8-7B,2,208,2/28/2024 18:38,10,3,6144,187,5884,25.46,69,31.2207,3.50391,0.302734,27.4131,20.7158
Mixtral-MOE-8-7B,2,209,2/28/2024 18:38,10,3,6144,187,5884,25.43,69,31.2207,3.50879,0.296875,27.4131,20.71
Mixtral-MOE-8-7B,2,210,2/28/2024 18:38,0,0,6144,187,5884,25.45,69,31.2207,3.52051,0.286133,27.4131,20.6992
Mixtral-MOE-8-7B,2,211,2/28/2024 18:38,0,0,6144,187,5884,25.42,69,31.2207,3.52246,0.283203,27.4131,20.6963
Mixtral-MOE-8-7B,2,212,2/28/2024 18:38,10,3,6144,187,5884,25.42,69,31.2207,3.52246,0.28418,27.4131,20.6973
Mixtral-MOE-8-7B,2,213,2/28/2024 18:38,10,3,6144,187,5884,25.45,69,31.2207,3.51172,0.294922,27.4131,20.707
Mixtral-MOE-8-7B,2,214,2/28/2024 18:38,10,3,6144,187,5884,25.44,69,31.2207,3.51172,0.293945,27.4131,20.707
Mixtral-MOE-8-7B,2,215,2/28/2024 18:38,10,3,6144,187,5884,25.43,69,31.2207,3.50586,0.300781,27.4131,20.7139
Mixtral-MOE-8-7B,2,216,2/28/2024 18:38,0,0,6144,187,5884,25.47,69,31.2207,3.49512,0.311523,27.4131,20.7246
Mixtral-MOE-8-7B,2,217,2/28/2024 18:38,10,3,6144,187,5884,25.43,69,31.2207,3.48828,0.318359,27.4131,20.7314
Mixtral-MOE-8-7B,2,218,2/28/2024 18:38,10,3,6144,187,5884,28.11,69,31.2207,3.48145,0.325195,27.4131,20.7383
Mixtral-MOE-8-7B,2,219,2/28/2024 18:38,10,3,6144,187,5884,25.41,69,31.2207,3.49219,0.313477,27.4131,20.7266
Mixtral-MOE-8-7B,2,220,2/28/2024 18:38,10,3,6144,187,5884,25.43,69,31.2207,3.4834,0.323242,27.4131,20.7363
Mixtral-MOE-8-7B,2,221,2/28/2024 18:38,10,3,6144,187,5884,25.43,69,31.2207,3.46875,0.337891,27.4131,20.751
Mixtral-MOE-8-7B,2,222,2/28/2024 18:38,10,3,6144,187,5884,25.43,69,31.2207,3.48633,0.320312,27.4131,20.7334
Mixtral-MOE-8-7B,2,223,2/28/2024 18:38,0,0,6144,187,5884,41.97,69,31.2207,3.4873,0.319336,27.4131,20.7324
Mixtral-MOE-8-7B,2,224,2/28/2024 18:38,10,3,6144,187,5884,25.75,69,31.2207,3.49609,0.30957,27.4131,20.7227
Mixtral-MOE-8-7B,2,225,2/28/2024 18:38,10,3,6144,187,5884,25.45,69,31.2207,3.49707,0.30957,27.4131,20.7227
Mixtral-MOE-8-7B,2,226,2/28/2024 18:38,0,0,6144,187,5884,47.26,69,31.2207,3.48828,0.317383,27.4131,20.7305
Mixtral-MOE-8-7B,2,227,2/28/2024 18:38,10,3,6144,187,5884,25.44,69,31.2207,3.49805,0.308594,27.4131,20.7217
Mixtral-MOE-8-7B,2,228,2/28/2024 18:38,0,0,6144,187,5884,25.42,69,31.2207,3.50391,0.302734,27.4131,20.7158
Mixtral-MOE-8-7B,2,229,2/28/2024 18:39,10,3,6144,187,5884,25.44,69,31.2207,3.47852,0.328125,27.4131,20.7412
Mixtral-MOE-8-7B,2,230,2/28/2024 18:39,10,3,6144,187,5884,25.45,69,31.2207,3.48828,0.317383,27.4131,20.7305
Mixtral-MOE-8-7B,2,231,2/28/2024 18:39,10,3,6144,187,5884,44.74,69,31.2207,3.49805,0.308594,27.4131,20.7217
Mixtral-MOE-8-7B,2,232,2/28/2024 18:39,0,0,6144,187,5884,42.46,69,31.2207,3.49512,0.310547,27.4131,20.7236
Mixtral-MOE-8-7B,2,233,2/28/2024 18:39,0,0,6144,187,5884,27.26,69,31.2207,3.4873,0.319336,27.4131,20.7324
Mixtral-MOE-8-7B,2,234,2/28/2024 18:39,0,0,6144,187,5884,25.43,69,31.2207,3.50195,0.304688,27.4131,20.7178
Mixtral-MOE-8-7B,2,235,2/28/2024 18:39,0,0,6144,187,5884,25.47,69,31.2207,3.49512,0.311523,27.4131,20.7246
Mixtral-MOE-8-7B,2,236,2/28/2024 18:39,10,3,6144,187,5884,25.43,69,31.2207,3.49023,0.316406,27.4131,20.7295
Mixtral-MOE-8-7B,2,237,2/28/2024 18:39,10,3,6144,187,5884,25.44,69,31.2207,3.49023,0.316406,27.4131,20.7295
Mixtral-MOE-8-7B,2,238,2/28/2024 18:39,0,0,6144,187,5884,27.11,69,31.2207,3.49023,0.31543,27.4131,20.7285
Mixtral-MOE-8-7B,2,239,2/28/2024 18:39,10,3,6144,187,5884,26.32,69,31.2207,3.49902,0.307617,27.4131,20.7207
Mixtral-MOE-8-7B,2,240,2/28/2024 18:39,10,3,6144,187,5884,25.44,69,31.2207,3.50781,0.297852,27.4131,20.7109
Mixtral-MOE-8-7B,2,241,2/28/2024 18:39,10,3,6144,187,5884,25.44,69,31.2207,3.48828,0.317383,27.4131,20.7305
Mixtral-MOE-8-7B,2,242,2/28/2024 18:39,10,3,6144,187,5884,25.44,69,31.2207,3.47852,0.328125,27.4131,20.7412
Mixtral-MOE-8-7B,2,243,2/28/2024 18:39,10,3,6144,187,5884,25.47,69,31.2207,3.48535,0.321289,27.4131,20.7344
Mixtral-MOE-8-7B,2,244,2/28/2024 18:39,10,3,6144,187,5884,25.44,69,31.2207,3.49023,0.31543,27.4131,20.7285
Mixtral-MOE-8-7B,2,245,2/28/2024 18:39,0,0,6144,187,5884,25.42,69,31.2207,3.49609,0.310547,27.4131,20.7236
Mixtral-MOE-8-7B,2,246,2/28/2024 18:39,10,3,6144,187,5884,25.44,69,31.2207,3.50879,0.297852,27.4131,20.7109
Mixtral-MOE-8-7B,2,247,2/28/2024 18:39,10,3,6144,187,5884,25.46,69,31.2207,3.52539,0.28125,27.4131,20.6943
Mixtral-MOE-8-7B,2,248,2/28/2024 18:39,10,3,6144,187,5884,25.44,69,31.2207,3.50098,0.305664,27.4131,20.7188
Mixtral-MOE-8-7B,2,249,2/28/2024 18:39,3,1,6144,187,5884,25.43,69,31.2207,3.49316,0.313477,27.4131,20.7266
Mixtral-MOE-8-7B,2,250,2/28/2024 18:39,0,0,6144,187,5884,26.51,69,31.2207,3.5,0.306641,27.4131,20.7197
Mixtral-MOE-8-7B,2,251,2/28/2024 18:39,0,0,6144,187,5884,25.57,69,31.2207,3.50977,0.295898,27.4131,20.709
Mixtral-MOE-8-7B,2,252,2/28/2024 18:39,10,3,6144,187,5884,25.43,69,31.2207,3.50293,0.303711,27.4131,20.7158
Mixtral-MOE-8-7B,2,253,2/28/2024 18:39,10,3,6144,187,5884,25.43,69,31.2207,3.5127,0.293945,27.4131,20.707
Mixtral-MOE-8-7B,2,254,2/28/2024 18:39,10,3,6144,187,5884,25.44,69,31.2207,3.51172,0.294922,27.4131,20.708
Mixtral-MOE-8-7B,2,255,2/28/2024 18:39,10,3,6144,187,5884,25.43,69,31.2207,3.51855,0.288086,27.4131,20.7012
Mixtral-MOE-8-7B,2,256,2/28/2024 18:39,10,3,6144,187,5884,29.91,69,31.2207,3.50977,0.295898,27.4131,20.709
Mixtral-MOE-8-7B,2,257,2/28/2024 18:39,0,0,6144,187,5884,26.98,69,31.2207,3.50977,0.296875,27.4131,20.71
Mixtral-MOE-8-7B,2,258,2/28/2024 18:39,0,0,6144,187,5884,25.44,69,31.2207,3.51562,0.291016,27.4131,20.7041
Mixtral-MOE-8-7B,2,259,2/28/2024 18:39,10,3,6144,187,5884,29.49,69,31.2207,3.51367,0.292969,27.4131,20.7061
Mixtral-MOE-8-7B,2,260,2/28/2024 18:39,10,3,6144,187,5884,25.75,69,31.2207,3.50391,0.301758,27.4131,20.7148
Mixtral-MOE-8-7B,2,261,2/28/2024 18:39,10,3,6144,187,5884,25.44,69,31.2207,3.50586,0.300781,27.4131,20.7139
Mixtral-MOE-8-7B,2,262,2/28/2024 18:39,10,3,6144,187,5884,25.43,69,31.2207,3.51855,0.288086,27.4131,20.7012
Mixtral-MOE-8-7B,2,263,2/28/2024 18:39,10,3,6144,187,5884,25.44,69,31.2207,3.51953,0.287109,27.4131,20.7002
Mixtral-MOE-8-7B,2,264,2/28/2024 18:39,0,0,6144,187,5884,25.42,69,31.2207,3.52051,0.285156,27.4131,20.6982
Mixtral-MOE-8-7B,2,265,2/28/2024 18:39,0,0,6144,187,5884,40.20,69,31.2207,3.52051,0.286133,27.4131,20.6992
Mixtral-MOE-8-7B,2,266,2/28/2024 18:39,3,1,6144,187,5884,25.44,69,31.2207,3.51855,0.287109,27.4131,20.7002
Mixtral-MOE-8-7B,2,267,2/28/2024 18:39,10,3,6144,187,5884,41.52,69,31.2207,3.51074,0.295898,27.4131,20.709
Mixtral-MOE-8-7B,2,268,2/28/2024 18:39,0,0,6144,187,5884,25.44,69,31.2207,3.5293,0.276367,27.4131,20.6895
Mixtral-MOE-8-7B,2,269,2/28/2024 18:39,0,0,6144,187,5884,30.99,69,31.2207,3.51855,0.288086,27.4131,20.7012
Mixtral-MOE-8-7B,2,270,2/28/2024 18:39,0,0,6144,187,5884,30.69,69,31.2207,3.53223,0.274414,27.4131,20.6875
Mixtral-MOE-8-7B,2,271,2/28/2024 18:39,0,0,6144,187,5884,28.90,69,31.2207,3.52832,0.277344,27.4141,20.6904
Mixtral-MOE-8-7B,2,272,2/28/2024 18:39,10,3,6144,187,5884,25.74,69,31.2207,3.50781,0.297852,27.4141,20.7109
Mixtral-MOE-8-7B,2,273,2/28/2024 18:39,10,3,6144,187,5884,25.57,69,31.2207,3.5166,0.290039,27.4131,20.7031
Mixtral-MOE-8-7B,2,274,2/28/2024 18:39,10,3,6144,187,5884,25.62,69,31.2207,3.51465,0.291992,27.4131,20.7051
Mixtral-MOE-8-7B,2,275,2/28/2024 18:39,10,3,6144,187,5884,25.45,69,31.2207,3.50586,0.300781,27.4131,20.7139
Mixtral-MOE-8-7B,2,276,2/28/2024 18:39,9,3,6144,187,5884,25.43,69,31.2207,3.5166,0.289062,27.4131,20.7021
Mixtral-MOE-8-7B,2,277,2/28/2024 18:39,10,3,6144,187,5884,25.44,69,31.2207,3.52637,0.280273,27.4141,20.6934
Mixtral-MOE-8-7B,2,278,2/28/2024 18:39,10,3,6144,187,5884,25.45,69,31.2207,3.51074,0.294922,27.4141,20.708
Mixtral-MOE-8-7B,2,279,2/28/2024 18:39,10,3,6144,187,5884,25.45,69,31.2207,3.51172,0.293945,27.4141,20.707
Mixtral-MOE-8-7B,2,280,2/28/2024 18:39,10,3,6144,187,5884,25.42,69,31.2207,3.51758,0.289062,27.4141,20.7021
Mixtral-MOE-8-7B,2,281,2/28/2024 18:39,10,3,6144,187,5884,25.88,69,31.2207,3.5332,0.273438,27.4141,20.6865
Mixtral-MOE-8-7B,2,282,2/28/2024 18:39,10,3,6144,187,5884,25.43,69,31.2207,3.52051,0.285156,27.4141,20.6992
Mixtral-MOE-8-7B,2,283,2/28/2024 18:39,8,3,6144,187,5884,25.44,69,31.2207,3.51172,0.294922,27.4141,20.708
Mixtral-MOE-8-7B,2,284,2/28/2024 18:39,5,1,6144,187,5884,25.45,69,31.2207,3.51758,0.288086,27.4141,20.7012
Mixtral-MOE-8-7B,2,285,2/28/2024 18:39,10,3,6144,187,5884,25.43,69,31.2207,3.52051,0.285156,27.4141,20.6982
Mixtral-MOE-8-7B,2,286,2/28/2024 18:39,5,2,6144,187,5884,25.43,69,31.2207,3.52246,0.283203,27.4141,20.6963
Mixtral-MOE-8-7B,2,287,2/28/2024 18:40,10,3,6144,187,5884,28.56,69,31.2207,3.51758,0.288086,27.4141,20.7021
Mixtral-MOE-8-7B,2,288,2/28/2024 18:40,10,3,6144,187,5884,25.88,69,31.2207,3.5127,0.292969,27.4141,20.7061
Mixtral-MOE-8-7B,2,289,2/28/2024 18:40,10,3,6144,187,5884,25.45,69,31.2207,3.51562,0.291016,27.4141,20.7041
Mixtral-MOE-8-7B,2,290,2/28/2024 18:40,0,0,6144,187,5884,27.91,69,31.2207,3.50977,0.296875,27.4141,20.71
Mixtral-MOE-8-7B,2,291,2/28/2024 18:40,10,3,6144,187,5884,44.19,69,31.2207,3.51562,0.291016,27.4141,20.7041
Mixtral-MOE-8-7B,2,292,2/28/2024 18:40,10,3,6144,187,5884,25.43,69,31.2207,3.51953,0.286133,27.4141,20.6992
Mixtral-MOE-8-7B,2,293,2/28/2024 18:40,0,0,6144,187,5884,44.65,69,31.2207,3.50391,0.301758,27.4141,20.7148
Mixtral-MOE-8-7B,2,294,2/28/2024 18:40,0,0,6144,187,5884,28.00,69,31.2207,3.49512,0.310547,27.4141,20.7236
Mixtral-MOE-8-7B,2,295,2/28/2024 18:40,7,2,6144,187,5884,31.69,69,31.2207,3.5,0.305664,27.4141,20.7188
Mixtral-MOE-8-7B,2,296,2/28/2024 18:40,62,16,6144,2839,3232,26.64,69,31.2207,3.48047,0.325195,27.4141,20.7393
Mixtral-MOE-8-7B,2,297,2/28/2024 18:40,0,0,6144,2843,3228,27.24,69,31.2207,3.38867,4.60645,23.2236,25.0166
Mixtral-MOE-8-7B,3,0,2/28/2024 18:43,0,0,6144,6065,6,4.17,50,31.2207,3.19043,6.57324,21.457,26.9814
Mixtral-MOE-8-7B,3,1,2/28/2024 18:43,0,0,6144,5989,82,23.99,51,31.2207,3.39355,6.35938,21.4668,26.7686
Mixtral-MOE-8-7B,3,2,2/28/2024 18:43,0,0,6144,5989,82,24.15,51,31.2207,3.36621,6.38672,21.4668,26.7949
Mixtral-MOE-8-7B,3,3,2/28/2024 18:43,53,5,6144,3679,2392,26.75,52,31.2207,3.39551,6.35742,21.4668,26.7656
Mixtral-MOE-8-7B,3,4,2/28/2024 18:43,0,0,6144,3679,2392,27.55,52,31.2207,3.39648,4.30273,23.5205,24.7129
Mixtral-MOE-8-7B,3,5,2/28/2024 18:43,0,0,6144,385,5686,27.68,53,31.2207,3.47852,2.72559,25.0156,23.1377
Mixtral-MOE-8-7B,3,6,2/28/2024 18:43,0,0,6144,385,5686,24.06,52,31.2207,3.48438,0.402344,27.333,20.8174
Mixtral-MOE-8-7B,3,7,2/28/2024 18:43,1,0,6144,3037,3034,25.19,53,31.2207,3.41406,2.95703,24.8486,23.3691
Mixtral-MOE-8-7B,3,8,2/28/2024 18:43,0,0,6144,3679,2392,25.18,53,31.2207,3.40723,5.20898,22.6035,25.6182
Mixtral-MOE-8-7B,3,9,2/28/2024 18:43,0,0,6144,3673,2398,25.20,53,31.2207,3.4668,2.90527,24.8477,23.3164
Mixtral-MOE-8-7B,3,10,2/28/2024 18:43,0,0,6144,385,5686,25.28,53,31.2207,3.47168,0.972656,26.7754,21.3857
Mixtral-MOE-8-7B,3,11,2/28/2024 18:43,74,7,6144,255,5816,75.00,55,31.2207,3.52539,0.265625,27.4297,20.6797
Mixtral-MOE-8-7B,3,12,2/28/2024 18:43,89,8,6144,255,5816,76.17,57,31.2207,3.52637,0.264648,27.4297,20.6787
Mixtral-MOE-8-7B,3,13,2/28/2024 18:43,89,8,6144,255,5816,53.07,58,31.2207,3.52148,0.269531,27.4297,20.6836
Mixtral-MOE-8-7B,3,14,2/28/2024 18:43,87,7,6144,255,5816,77.57,58,31.2207,3.51465,0.275391,27.4297,20.6904
Mixtral-MOE-8-7B,3,15,2/28/2024 18:43,74,7,6144,255,5816,73.13,59,31.2207,3.52148,0.268555,27.4297,20.6826
Mixtral-MOE-8-7B,3,16,2/28/2024 18:43,88,8,6144,255,5816,82.60,59,31.2207,3.51465,0.275391,27.4297,20.6904
Mixtral-MOE-8-7B,3,17,2/28/2024 18:43,89,7,6144,255,5816,62.53,60,31.2207,3.51855,0.271484,27.4297,20.6855
Mixtral-MOE-8-7B,3,18,2/28/2024 18:43,88,7,6144,255,5816,74.51,60,31.2207,3.50781,0.282227,27.4297,20.6973
Mixtral-MOE-8-7B,3,19,2/28/2024 18:43,77,7,6144,255,5816,61.95,61,31.2207,3.50879,0.286133,27.4248,20.7012
Mixtral-MOE-8-7B,3,20,2/28/2024 18:43,83,7,6144,255,5816,71.18,61,31.2207,3.51465,0.280273,27.4248,20.6953
Mixtral-MOE-8-7B,3,21,2/28/2024 18:43,100,11,6144,255,5816,73.54,62,31.2207,3.50879,0.286133,27.4248,20.7012
Mixtral-MOE-8-7B,3,22,2/28/2024 18:43,87,7,6144,187,5884,70.50,62,31.2207,3.51367,0.28125,27.4248,20.6963
Mixtral-MOE-8-7B,3,23,2/28/2024 18:43,89,8,6144,187,5884,73.93,63,31.2207,3.51758,0.27832,27.4248,20.6934
Mixtral-MOE-8-7B,3,24,2/28/2024 18:44,75,8,6144,187,5884,68.83,63,31.2207,3.52832,0.266602,27.4248,20.6816
Mixtral-MOE-8-7B,3,25,2/28/2024 18:44,90,8,6144,187,5884,79.34,63,31.2207,3.50293,0.291992,27.4248,20.707
Mixtral-MOE-8-7B,3,26,2/28/2024 18:44,72,7,6144,187,5884,62.56,64,31.2207,3.50098,0.293945,27.4248,20.709
Mixtral-MOE-8-7B,3,27,2/28/2024 18:44,73,8,6144,187,5884,53.43,64,31.2207,3.50195,0.292969,27.4248,20.708
Mixtral-MOE-8-7B,3,28,2/28/2024 18:44,88,7,6144,187,5884,57.83,64,31.2207,3.50488,0.291016,27.4248,20.7051
Mixtral-MOE-8-7B,3,29,2/28/2024 18:44,71,8,6144,187,5884,70.62,65,31.2207,3.50098,0.293945,27.4248,20.709
Mixtral-MOE-8-7B,3,30,2/28/2024 18:44,89,8,6144,187,5884,37.27,65,31.2207,3.51855,0.276367,27.4248,20.6914
Mixtral-MOE-8-7B,3,31,2/28/2024 18:44,72,7,6144,187,5884,65.14,65,31.2207,3.50391,0.291016,27.4248,20.7061
Mixtral-MOE-8-7B,3,32,2/28/2024 18:44,99,13,6144,187,5884,74.18,66,31.2207,3.51855,0.277344,27.4248,20.6924
Mixtral-MOE-8-7B,3,33,2/28/2024 18:44,98,11,6144,187,5884,55.32,66,31.2207,3.51367,0.28125,27.4248,20.6963
Mixtral-MOE-8-7B,3,34,2/28/2024 18:44,78,7,6144,187,5884,81.01,66,31.2207,3.51465,0.280273,27.4248,20.6953
Mixtral-MOE-8-7B,3,35,2/28/2024 18:44,78,7,6144,187,5884,70.68,67,31.2207,3.50879,0.286133,27.4248,20.7012
Mixtral-MOE-8-7B,3,36,2/28/2024 18:44,85,7,6144,187,5884,76.02,67,31.2207,3.50195,0.293945,27.4248,20.709
Mixtral-MOE-8-7B,3,37,2/28/2024 18:44,72,7,6144,187,5884,68.98,67,31.2207,3.50684,0.288086,27.4248,20.7031
Mixtral-MOE-8-7B,3,38,2/28/2024 18:44,79,7,6144,187,5884,68.86,68,31.2207,3.50977,0.286133,27.4248,20.7002
Mixtral-MOE-8-7B,3,39,2/28/2024 18:44,80,7,6144,187,5884,80.75,68,31.2207,3.5166,0.27832,27.4248,20.6934
Mixtral-MOE-8-7B,3,40,2/28/2024 18:44,88,6,6144,187,5884,65.41,69,31.2207,3.51074,0.285156,27.4248,20.6992
Mixtral-MOE-8-7B,3,41,2/28/2024 18:44,8,3,6144,187,5884,27.51,67,31.2207,3.49805,0.296875,27.4248,20.7119
Mixtral-MOE-8-7B,3,42,2/28/2024 18:44,4,2,6144,187,5884,27.36,66,31.2207,3.49805,0.296875,27.4248,20.7119
Mixtral-MOE-8-7B,3,43,2/28/2024 18:44,8,3,6144,187,5884,27.22,66,31.2207,3.50781,0.288086,27.4248,20.7021
Mixtral-MOE-8-7B,3,44,2/28/2024 18:44,8,3,6144,187,5884,27.35,66,31.2207,3.50781,0.287109,27.4248,20.7021
Mixtral-MOE-8-7B,3,45,2/28/2024 18:44,0,0,6144,187,5884,27.34,66,31.2207,3.51074,0.28418,27.4248,20.6992
Mixtral-MOE-8-7B,3,46,2/28/2024 18:44,8,3,6144,187,5884,27.94,66,31.2207,3.5127,0.283203,27.4248,20.6973
Mixtral-MOE-8-7B,3,47,2/28/2024 18:44,8,3,6144,187,5884,27.20,66,31.2207,3.53027,0.264648,27.4248,20.6797
Mixtral-MOE-8-7B,3,48,2/28/2024 18:44,8,3,6144,187,5884,27.36,66,31.2207,3.51465,0.28125,27.4248,20.6963
Mixtral-MOE-8-7B,3,49,2/28/2024 18:44,5,2,6144,187,5884,27.35,66,31.2207,3.50293,0.389648,27.3271,20.707
Mixtral-MOE-8-7B,3,50,2/28/2024 18:44,8,3,6144,187,5884,27.37,66,31.2207,3.50781,0.384766,27.3271,20.7021
Mixtral-MOE-8-7B,3,51,2/28/2024 18:44,8,3,6144,187,5884,25.15,66,31.2207,3.51367,0.379883,27.3271,20.6963
Mixtral-MOE-8-7B,3,52,2/28/2024 18:44,9,3,6144,187,5884,25.17,65,31.2207,3.49609,0.396484,27.3271,20.7139
Mixtral-MOE-8-7B,3,53,2/28/2024 18:44,9,3,6144,187,5884,26.99,65,31.2207,3.5,0.392578,27.3271,20.71
Mixtral-MOE-8-7B,3,54,2/28/2024 18:44,0,0,6144,187,5884,25.01,65,31.2207,3.50293,0.389648,27.3271,20.707
Mixtral-MOE-8-7B,3,55,2/28/2024 18:44,9,3,6144,187,5884,24.99,65,31.2207,3.50195,0.390625,27.3271,20.708
Mixtral-MOE-8-7B,3,56,2/28/2024 18:44,9,3,6144,187,5884,25.01,65,31.2207,3.51855,0.375,27.3271,20.6914
Mixtral-MOE-8-7B,3,57,2/28/2024 18:44,9,3,6144,187,5884,25.01,65,31.2207,3.50293,0.390625,27.3271,20.707
Mixtral-MOE-8-7B,3,58,2/28/2024 18:44,9,3,6144,187,5884,25.15,65,31.2207,3.50391,0.388672,27.3271,20.7061
Mixtral-MOE-8-7B,3,59,2/28/2024 18:44,9,3,6144,187,5884,25.17,65,31.2207,3.51074,0.381836,27.3271,20.6992
Mixtral-MOE-8-7B,3,60,2/28/2024 18:44,0,0,6144,187,5884,25.49,65,31.2207,3.52734,0.365234,27.3271,20.6826
Mixtral-MOE-8-7B,3,61,2/28/2024 18:44,9,3,6144,187,5884,25.01,65,31.2207,3.50879,0.383789,27.3271,20.7012
Mixtral-MOE-8-7B,3,62,2/28/2024 18:44,0,0,6144,187,5884,25.04,65,31.2207,3.51465,0.37793,27.3271,20.6953
Mixtral-MOE-8-7B,3,63,2/28/2024 18:44,0,0,6144,187,5884,25.00,65,31.2207,3.52539,0.367188,27.3271,20.6846
Mixtral-MOE-8-7B,3,64,2/28/2024 18:44,9,3,6144,187,5884,25.01,65,31.2207,3.52148,0.371094,27.3271,20.6885
Mixtral-MOE-8-7B,3,65,2/28/2024 18:44,0,0,6144,187,5884,38.55,65,31.2207,3.51074,0.382812,27.3271,20.6992
Mixtral-MOE-8-7B,3,66,2/28/2024 18:44,9,3,6144,187,5884,25.02,65,31.2207,3.52539,0.367188,27.3271,20.6846
Mixtral-MOE-8-7B,3,67,2/28/2024 18:44,9,3,6144,187,5884,25.15,65,31.2207,3.52539,0.367188,27.3271,20.6846
Mixtral-MOE-8-7B,3,68,2/28/2024 18:44,9,3,6144,187,5884,25.15,65,31.2207,3.51465,0.37793,27.3271,20.6953
Mixtral-MOE-8-7B,3,69,2/28/2024 18:44,5,2,6144,187,5884,25.75,65,31.2207,3.50684,0.385742,27.3271,20.7031
Mixtral-MOE-8-7B,3,70,2/28/2024 18:44,9,3,6144,187,5884,46.71,65,31.2207,3.50684,0.385742,27.3271,20.7031
Mixtral-MOE-8-7B,3,71,2/28/2024 18:44,9,3,6144,187,5884,25.14,65,31.2207,3.51855,0.374023,27.3271,20.6914
Mixtral-MOE-8-7B,3,72,2/28/2024 18:44,9,3,6144,187,5884,25.15,65,31.2207,3.51172,0.380859,27.3271,20.6982
Mixtral-MOE-8-7B,3,73,2/28/2024 18:44,9,3,6144,187,5884,25.00,65,31.2207,3.52051,0.37207,27.3271,20.6895
Mixtral-MOE-8-7B,3,74,2/28/2024 18:44,1,1,6144,187,5884,25.90,65,31.2207,3.51172,0.379883,27.3281,20.6982
Mixtral-MOE-8-7B,3,75,2/28/2024 18:44,9,3,6144,187,5884,25.01,65,31.2207,3.52344,0.369141,27.3281,20.6865
Mixtral-MOE-8-7B,3,76,2/28/2024 18:44,9,3,6144,187,5884,25.15,65,31.2207,3.50781,0.383789,27.3281,20.7012
Mixtral-MOE-8-7B,3,77,2/28/2024 18:44,6,2,6144,187,5884,30.27,66,31.2207,3.49316,0.398438,27.3281,20.7158
Mixtral-MOE-8-7B,3,78,2/28/2024 18:44,9,3,6144,187,5884,25.16,66,31.2207,3.51172,0.379883,27.3281,20.6982
Mixtral-MOE-8-7B,3,79,2/28/2024 18:44,2,1,6144,187,5884,25.14,65,31.2207,3.5,0.392578,27.3281,20.71
Mixtral-MOE-8-7B,3,80,2/28/2024 18:44,9,3,6144,187,5884,25.31,66,31.2207,3.50684,0.384766,27.3281,20.7021
Mixtral-MOE-8-7B,3,81,2/28/2024 18:44,9,3,6144,187,5884,33.15,66,31.2207,3.50781,0.383789,27.3281,20.7021
Mixtral-MOE-8-7B,3,82,2/28/2024 18:45,9,3,6144,187,5884,25.15,66,31.2207,3.50195,0.389648,27.3281,20.708
Mixtral-MOE-8-7B,3,83,2/28/2024 18:45,8,3,6144,187,5884,25.15,66,31.2207,3.5127,0.378906,27.3281,20.6973
Mixtral-MOE-8-7B,3,84,2/28/2024 18:45,0,0,6144,187,5884,47.76,65,31.2207,3.50977,0.381836,27.3281,20.7002
Mixtral-MOE-8-7B,3,85,2/28/2024 18:45,9,3,6144,187,5884,25.15,66,31.2207,3.52148,0.371094,27.3281,20.6885
Mixtral-MOE-8-7B,3,86,2/28/2024 18:45,3,1,6144,187,5884,25.15,66,31.2207,3.5127,0.378906,27.3281,20.6973
Mixtral-MOE-8-7B,3,87,2/28/2024 18:45,9,3,6144,187,5884,25.65,66,31.2207,3.51465,0.376953,27.3281,20.6953
Mixtral-MOE-8-7B,3,88,2/28/2024 18:45,0,0,6144,187,5884,25.00,66,31.2207,3.49902,0.394531,27.3271,20.7119
Mixtral-MOE-8-7B,3,89,2/28/2024 18:45,9,3,6144,187,5884,25.16,66,31.2207,3.50781,0.384766,27.3271,20.7031
Mixtral-MOE-8-7B,3,90,2/28/2024 18:45,4,1,6144,187,5884,27.26,66,31.2207,3.51758,0.375,27.3271,20.6934
Mixtral-MOE-8-7B,3,91,2/28/2024 18:45,9,3,6144,187,5884,25.14,66,31.2207,3.50781,0.384766,27.3271,20.7031
Mixtral-MOE-8-7B,3,92,2/28/2024 18:45,9,3,6144,187,5884,35.75,66,31.2207,3.50781,0.384766,27.3271,20.7031
Mixtral-MOE-8-7B,3,93,2/28/2024 18:45,9,3,6144,187,5884,25.16,66,31.2207,3.52344,0.369141,27.3271,20.6865
Mixtral-MOE-8-7B,3,94,2/28/2024 18:45,9,3,6144,187,5884,25.14,66,31.2207,3.51074,0.381836,27.3271,20.7002
Mixtral-MOE-8-7B,3,95,2/28/2024 18:45,5,2,6144,187,5884,25.31,66,31.2207,3.52148,0.371094,27.3271,20.6895
Mixtral-MOE-8-7B,3,96,2/28/2024 18:45,9,3,6144,187,5884,28.92,66,31.2207,3.50977,0.382812,27.3271,20.7012
Mixtral-MOE-8-7B,3,97,2/28/2024 18:45,9,3,6144,187,5884,25.17,66,31.2207,3.49219,0.400391,27.3271,20.7188
Mixtral-MOE-8-7B,3,98,2/28/2024 18:45,7,2,6144,187,5884,25.30,66,31.2207,3.49121,0.401367,27.3271,20.7197
Mixtral-MOE-8-7B,3,99,2/28/2024 18:45,9,3,6144,187,5884,37.49,66,31.2207,3.49316,0.400391,27.3271,20.7178
Mixtral-MOE-8-7B,3,100,2/28/2024 18:45,0,0,6144,187,5884,25.16,66,31.2207,3.49512,0.397461,27.3271,20.7158
Mixtral-MOE-8-7B,3,101,2/28/2024 18:45,9,3,6144,187,5884,25.60,66,31.2207,3.49707,0.395508,27.3271,20.7139
Mixtral-MOE-8-7B,3,102,2/28/2024 18:45,9,3,6144,187,5884,25.15,66,31.2207,3.50488,0.387695,27.3271,20.7061
Mixtral-MOE-8-7B,3,103,2/28/2024 18:45,9,3,6144,187,5884,25.16,66,31.2207,3.50488,0.387695,27.3271,20.7061
Mixtral-MOE-8-7B,3,104,2/28/2024 18:45,9,3,6144,187,5884,37.74,66,31.2207,3.49023,0.402344,27.3271,20.7207
Mixtral-MOE-8-7B,3,105,2/28/2024 18:45,9,3,6144,187,5884,25.16,66,31.2207,3.50879,0.383789,27.3271,20.7021
Mixtral-MOE-8-7B,3,106,2/28/2024 18:45,0,0,6144,187,5884,45.52,66,31.2207,3.5,0.392578,27.3271,20.7109
Mixtral-MOE-8-7B,3,107,2/28/2024 18:45,9,3,6144,187,5884,25.16,66,31.2207,3.50977,0.382812,27.3271,20.7002
Mixtral-MOE-8-7B,3,108,2/28/2024 18:45,9,3,6144,187,5884,26.05,66,31.2207,3.50781,0.384766,27.3271,20.7021
Mixtral-MOE-8-7B,3,109,2/28/2024 18:45,0,0,6144,187,5884,28.54,66,31.2207,3.51465,0.37793,27.3271,20.6963
Mixtral-MOE-8-7B,3,110,2/28/2024 18:45,9,3,6144,187,5884,25.15,66,31.2207,3.51562,0.376953,27.3271,20.6953
Mixtral-MOE-8-7B,3,111,2/28/2024 18:45,0,0,6144,187,5884,25.31,66,31.2207,3.51953,0.37207,27.3271,20.6914
Mixtral-MOE-8-7B,3,112,2/28/2024 18:45,9,3,6144,187,5884,25.15,66,31.2207,3.52441,0.368164,27.3271,20.6865
Mixtral-MOE-8-7B,3,113,2/28/2024 18:45,9,3,6144,187,5884,25.14,66,31.2207,3.52051,0.371094,27.3271,20.6904
Mixtral-MOE-8-7B,3,114,2/28/2024 18:45,9,3,6144,187,5884,25.60,66,31.2207,3.53516,0.356445,27.3271,20.6758
Mixtral-MOE-8-7B,3,115,2/28/2024 18:45,9,3,6144,187,5884,25.14,66,31.2207,3.52051,0.371094,27.3271,20.6895
Mixtral-MOE-8-7B,3,116,2/28/2024 18:45,9,3,6144,187,5884,37.79,66,31.2207,3.50684,0.385742,27.3271,20.7041
Mixtral-MOE-8-7B,3,117,2/28/2024 18:45,0,0,6144,187,5884,25.14,66,31.2207,3.50977,0.382812,27.3271,20.7012
Mixtral-MOE-8-7B,3,118,2/28/2024 18:45,9,3,6144,187,5884,25.58,67,31.2207,3.51758,0.374023,27.3271,20.6924
Mixtral-MOE-8-7B,3,119,2/28/2024 18:45,9,3,6144,187,5884,29.60,66,31.2207,3.50781,0.383789,27.3281,20.7031
Mixtral-MOE-8-7B,3,120,2/28/2024 18:45,0,0,6144,187,5884,25.31,67,31.2207,3.53223,0.359375,27.3271,20.6787
Mixtral-MOE-8-7B,3,121,2/28/2024 18:45,9,3,6144,187,5884,43.65,66,31.2207,3.52441,0.368164,27.3271,20.6865
Mixtral-MOE-8-7B,3,122,2/28/2024 18:45,9,3,6144,187,5884,25.15,67,31.2207,3.53027,0.361328,27.3271,20.6807
Mixtral-MOE-8-7B,3,123,2/28/2024 18:45,2,1,6144,187,5884,32.17,67,31.2207,3.53809,0.354492,27.3271,20.6729
Mixtral-MOE-8-7B,3,124,2/28/2024 18:45,9,3,6144,187,5884,25.15,67,31.2207,3.52051,0.37207,27.3281,20.6904
Mixtral-MOE-8-7B,3,125,2/28/2024 18:45,0,0,6144,187,5884,25.15,67,31.2207,3.50879,0.383789,27.3281,20.7021
Mixtral-MOE-8-7B,3,126,2/28/2024 18:45,9,3,6144,187,5884,29.22,67,31.2207,3.50977,0.381836,27.3281,20.7002
Mixtral-MOE-8-7B,3,127,2/28/2024 18:45,9,3,6144,187,5884,25.16,67,31.2207,3.51562,0.376953,27.3281,20.6953
Mixtral-MOE-8-7B,3,128,2/28/2024 18:45,0,0,6144,187,5884,25.75,67,31.2207,3.49902,0.392578,27.3281,20.7119
Mixtral-MOE-8-7B,3,129,2/28/2024 18:45,9,3,6144,187,5884,25.15,67,31.2207,3.51465,0.376953,27.3281,20.6963
Mixtral-MOE-8-7B,3,130,2/28/2024 18:45,9,3,6144,187,5884,25.29,67,31.2207,3.50684,0.385742,27.3281,20.7041
Mixtral-MOE-8-7B,3,131,2/28/2024 18:45,9,3,6144,187,5884,25.15,67,31.2207,3.50781,0.384766,27.3281,20.7031
Mixtral-MOE-8-7B,3,132,2/28/2024 18:45,9,3,6144,187,5884,38.90,67,31.2207,3.50293,0.388672,27.3281,20.707
Mixtral-MOE-8-7B,3,133,2/28/2024 18:45,3,1,6144,187,5884,25.19,67,31.2207,3.50391,0.388672,27.3281,20.707
Mixtral-MOE-8-7B,3,134,2/28/2024 18:45,0,0,6144,187,5884,42.33,67,31.2207,3.5127,0.379883,27.3281,20.6982
Mixtral-MOE-8-7B,3,135,2/28/2024 18:45,9,3,6144,187,5884,25.16,67,31.2207,3.50195,0.390625,27.3281,20.709
Mixtral-MOE-8-7B,3,136,2/28/2024 18:45,9,3,6144,187,5884,36.93,67,31.2207,3.49902,0.393555,27.3281,20.7119
Mixtral-MOE-8-7B,3,137,2/28/2024 18:45,1,0,6144,187,5884,25.30,67,31.2207,3.47656,0.416016,27.3281,20.7344
Mixtral-MOE-8-7B,3,138,2/28/2024 18:45,9,3,6144,187,5884,30.74,67,31.2207,3.47461,0.417969,27.3281,20.7363
Mixtral-MOE-8-7B,3,139,2/28/2024 18:46,9,3,6144,187,5884,25.76,67,31.2207,3.48828,0.40332,27.3281,20.7227
Mixtral-MOE-8-7B,3,140,2/28/2024 18:46,9,3,6144,187,5884,25.30,67,31.2207,3.49512,0.397461,27.3281,20.7158
Mixtral-MOE-8-7B,3,141,2/28/2024 18:46,0,0,6144,187,5884,25.30,67,31.2207,3.49414,0.398438,27.3281,20.7168
Mixtral-MOE-8-7B,3,142,2/28/2024 18:46,0,0,6144,187,5884,25.30,67,31.2207,3.48926,0.402344,27.3281,20.7217
Mixtral-MOE-8-7B,3,143,2/28/2024 18:46,9,3,6144,187,5884,25.29,67,31.2207,3.49609,0.395508,27.3281,20.7139
Mixtral-MOE-8-7B,3,144,2/28/2024 18:46,9,3,6144,187,5884,25.29,67,31.2207,3.49512,0.396484,27.3281,20.7158
Mixtral-MOE-8-7B,3,145,2/28/2024 18:46,9,3,6144,187,5884,25.46,67,31.2207,3.50781,0.384766,27.3281,20.7031
Mixtral-MOE-8-7B,3,146,2/28/2024 18:46,9,3,6144,187,5884,25.15,67,31.2207,3.48926,0.40332,27.3281,20.7217
Mixtral-MOE-8-7B,3,147,2/28/2024 18:46,9,3,6144,187,5884,41.82,67,31.2207,3.49414,0.398438,27.3281,20.7168
Mixtral-MOE-8-7B,3,148,2/28/2024 18:46,9,3,6144,187,5884,25.30,67,31.2207,3.50684,0.384766,27.3281,20.7041
Mixtral-MOE-8-7B,3,149,2/28/2024 18:46,9,3,6144,187,5884,28.62,67,31.2207,3.50977,0.381836,27.3281,20.7002
Mixtral-MOE-8-7B,3,150,2/28/2024 18:46,9,3,6144,187,5884,25.31,67,31.2207,3.49316,0.398438,27.3281,20.7178
Mixtral-MOE-8-7B,3,151,2/28/2024 18:46,0,0,6144,187,5884,28.47,67,31.2207,3.49609,0.396484,27.3281,20.7148
Mixtral-MOE-8-7B,3,152,2/28/2024 18:46,9,3,6144,187,5884,25.30,67,31.2207,3.50098,0.390625,27.3281,20.71
Mixtral-MOE-8-7B,3,153,2/28/2024 18:46,9,3,6144,187,5884,37.21,67,31.2207,3.50586,0.385742,27.3281,20.7051
Mixtral-MOE-8-7B,3,154,2/28/2024 18:46,9,3,6144,187,5884,25.30,67,31.2207,3.49805,0.393555,27.3281,20.7129
Mixtral-MOE-8-7B,3,155,2/28/2024 18:46,9,3,6144,187,5884,34.32,67,31.2207,3.49414,0.397461,27.3281,20.7168
Mixtral-MOE-8-7B,3,156,2/28/2024 18:46,9,3,6144,187,5884,25.29,67,31.2207,3.49219,0.399414,27.3281,20.7178
Mixtral-MOE-8-7B,3,157,2/28/2024 18:46,9,3,6144,187,5884,25.18,67,31.2207,3.49902,0.392578,27.3281,20.7119
Mixtral-MOE-8-7B,3,158,2/28/2024 18:46,9,3,6144,187,5884,31.32,67,31.2207,3.49121,0.400391,27.3281,20.7197
Mixtral-MOE-8-7B,3,159,2/28/2024 18:46,9,3,6144,187,5884,25.31,67,31.2207,3.49414,0.398438,27.3281,20.7168
Mixtral-MOE-8-7B,3,160,2/28/2024 18:46,8,3,6144,187,5884,47.76,67,31.2207,3.48926,0.402344,27.3281,20.7217
Mixtral-MOE-8-7B,3,161,2/28/2024 18:46,0,0,6144,187,5884,25.30,67,31.2207,3.47363,0.417969,27.3281,20.7373
Mixtral-MOE-8-7B,3,162,2/28/2024 18:46,0,0,6144,187,5884,25.30,67,31.2207,3.4873,0.404297,27.3281,20.7236
Mixtral-MOE-8-7B,3,163,2/28/2024 18:46,0,0,6144,187,5884,42.24,67,31.2207,3.5,0.391602,27.3281,20.7109
Mixtral-MOE-8-7B,3,164,2/28/2024 18:46,9,3,6144,187,5884,25.30,67,31.2207,3.50977,0.381836,27.3281,20.7012
Mixtral-MOE-8-7B,3,165,2/28/2024 18:46,9,3,6144,187,5884,25.28,67,31.2207,3.52246,0.369141,27.3281,20.6885
Mixtral-MOE-8-7B,3,166,2/28/2024 18:46,0,0,6144,187,5884,25.31,67,31.2207,3.53711,0.354492,27.3281,20.6729
Mixtral-MOE-8-7B,3,167,2/28/2024 18:46,0,0,6144,187,5884,25.30,67,31.2207,3.51758,0.374023,27.3281,20.6934
Mixtral-MOE-8-7B,3,168,2/28/2024 18:46,0,0,6144,187,5884,36.71,67,31.2207,3.52344,0.369141,27.3281,20.6875
Mixtral-MOE-8-7B,3,169,2/28/2024 18:46,9,3,6144,187,5884,25.32,67,31.2207,3.51465,0.376953,27.3281,20.6963
Mixtral-MOE-8-7B,3,170,2/28/2024 18:46,9,3,6144,187,5884,25.28,67,31.2207,3.50977,0.381836,27.3281,20.7012
Mixtral-MOE-8-7B,3,171,2/28/2024 18:46,9,3,6144,187,5884,25.77,67,31.2207,3.51465,0.376953,27.3281,20.6963
Mixtral-MOE-8-7B,3,172,2/28/2024 18:46,9,3,6144,187,5884,25.29,67,31.2207,3.5127,0.378906,27.3281,20.6982
Mixtral-MOE-8-7B,3,173,2/28/2024 18:46,0,0,6144,187,5884,25.46,67,31.2207,3.52246,0.369141,27.3281,20.6885
Mixtral-MOE-8-7B,3,174,2/28/2024 18:46,9,3,6144,187,5884,25.28,67,31.2207,3.50293,0.388672,27.3281,20.708
Mixtral-MOE-8-7B,3,175,2/28/2024 18:46,9,3,6144,187,5884,25.30,67,31.2207,3.50684,0.384766,27.3281,20.7041
Mixtral-MOE-8-7B,3,176,2/28/2024 18:46,10,3,6144,187,5884,25.30,67,31.2207,3.50098,0.390625,27.3281,20.71
Mixtral-MOE-8-7B,3,177,2/28/2024 18:46,0,0,6144,187,5884,25.48,67,31.2207,3.52246,0.369141,27.3281,20.6885
Mixtral-MOE-8-7B,3,178,2/28/2024 18:46,10,3,6144,187,5884,25.48,67,31.2207,3.53418,0.357422,27.3281,20.6768
Mixtral-MOE-8-7B,3,179,2/28/2024 18:46,10,3,6144,187,5884,25.30,67,31.2207,3.53711,0.355469,27.3281,20.6738
Mixtral-MOE-8-7B,3,180,2/28/2024 18:46,0,0,6144,187,5884,28.02,67,31.2207,3.53809,0.353516,27.3281,20.6729
Mixtral-MOE-8-7B,3,181,2/28/2024 18:46,10,3,6144,187,5884,25.31,67,31.2207,3.53711,0.354492,27.3281,20.6738
Mixtral-MOE-8-7B,3,182,2/28/2024 18:46,10,3,6144,187,5884,32.00,67,31.2207,3.51855,0.373047,27.3281,20.6914
Mixtral-MOE-8-7B,3,183,2/28/2024 18:46,10,3,6144,187,5884,25.31,68,31.2207,3.52051,0.371094,27.3281,20.6895
Mixtral-MOE-8-7B,3,184,2/28/2024 18:46,10,3,6144,187,5884,25.30,67,31.2207,3.53125,0.360352,27.3281,20.6797
Mixtral-MOE-8-7B,3,185,2/28/2024 18:46,10,3,6144,187,5884,25.31,67,31.2207,3.53516,0.356445,27.3281,20.6758
Mixtral-MOE-8-7B,3,186,2/28/2024 18:46,0,0,6144,187,5884,25.30,67,31.2207,3.5127,0.378906,27.3281,20.6982
Mixtral-MOE-8-7B,3,187,2/28/2024 18:46,0,0,6144,187,5884,25.31,67,31.2207,3.50879,0.382812,27.3281,20.7021
Mixtral-MOE-8-7B,3,188,2/28/2024 18:46,9,3,6144,187,5884,25.59,68,31.2207,3.50488,0.386719,27.3281,20.7061
Mixtral-MOE-8-7B,3,189,2/28/2024 18:46,10,3,6144,187,5884,25.30,68,31.2207,3.50293,0.388672,27.3281,20.708
Mixtral-MOE-8-7B,3,190,2/28/2024 18:46,10,3,6144,187,5884,29.51,67,31.2207,3.51465,0.376953,27.3281,20.6953
Mixtral-MOE-8-7B,3,191,2/28/2024 18:46,10,3,6144,187,5884,25.30,68,31.2207,3.52734,0.364258,27.3281,20.6836
Mixtral-MOE-8-7B,3,192,2/28/2024 18:46,0,0,6144,187,5884,41.24,68,31.2207,3.52539,0.366211,27.3281,20.6855
Mixtral-MOE-8-7B,3,193,2/28/2024 18:46,0,0,6144,187,5884,26.48,68,31.2207,3.52441,0.367188,27.3281,20.6865
Mixtral-MOE-8-7B,3,194,2/28/2024 18:46,10,3,6144,187,5884,25.29,67,31.2207,3.52441,0.367188,27.3281,20.6865
Mixtral-MOE-8-7B,3,195,2/28/2024 18:46,10,3,6144,187,5884,32.75,68,31.2207,3.51172,0.379883,27.3281,20.6992
Mixtral-MOE-8-7B,3,196,2/28/2024 18:46,10,3,6144,187,5884,26.81,68,31.2207,3.52051,0.371094,27.3281,20.6904
Mixtral-MOE-8-7B,3,197,2/28/2024 18:47,10,3,6144,187,5884,25.29,68,31.2207,3.52344,0.368164,27.3281,20.6875
Mixtral-MOE-8-7B,3,198,2/28/2024 18:47,9,3,6144,187,5884,36.15,67,31.2207,3.50781,0.383789,27.3281,20.7031
Mixtral-MOE-8-7B,3,199,2/28/2024 18:47,9,3,6144,187,5884,25.45,68,31.2207,3.50488,0.386719,27.3281,20.7051
Mixtral-MOE-8-7B,3,200,2/28/2024 18:47,10,3,6144,187,5884,25.28,68,31.2207,3.51465,0.376953,27.3281,20.6953
Mixtral-MOE-8-7B,3,201,2/28/2024 18:47,4,1,6144,187,5884,43.95,67,31.2207,3.52734,0.364258,27.3281,20.6826
Mixtral-MOE-8-7B,3,202,2/28/2024 18:47,3,1,6144,187,5884,25.30,68,31.2207,3.51465,0.376953,27.3281,20.6963
Mixtral-MOE-8-7B,3,203,2/28/2024 18:47,10,3,6144,187,5884,25.30,67,31.2207,3.5166,0.375,27.3281,20.6943
Mixtral-MOE-8-7B,3,204,2/28/2024 18:47,0,0,6144,187,5884,42.46,67,31.2207,3.52051,0.371094,27.3281,20.6904
Mixtral-MOE-8-7B,3,205,2/28/2024 18:47,10,3,6144,187,5884,25.30,67,31.2207,3.52051,0.371094,27.3281,20.6904
Mixtral-MOE-8-7B,3,206,2/28/2024 18:47,10,3,6144,187,5884,38.74,68,31.2207,3.51074,0.380859,27.3281,20.7002
Mixtral-MOE-8-7B,3,207,2/28/2024 18:47,0,0,6144,187,5884,25.60,68,31.2207,3.51953,0.37207,27.3281,20.6914
Mixtral-MOE-8-7B,3,208,2/28/2024 18:47,10,3,6144,187,5884,25.31,68,31.2207,3.52441,0.367188,27.3281,20.6855
Mixtral-MOE-8-7B,3,209,2/28/2024 18:47,8,3,6144,187,5884,25.29,67,31.2207,3.51758,0.374023,27.3281,20.6934
Mixtral-MOE-8-7B,3,210,2/28/2024 18:47,0,0,6144,187,5884,25.75,68,31.2207,3.53125,0.360352,27.3281,20.6797
Mixtral-MOE-8-7B,3,211,2/28/2024 18:47,6,2,6144,187,5884,25.29,68,31.2207,3.52344,0.368164,27.3281,20.6875
Mixtral-MOE-8-7B,3,212,2/28/2024 18:47,7,2,6144,187,5884,45.54,68,31.2207,3.50488,0.386719,27.3281,20.7061
Mixtral-MOE-8-7B,3,213,2/28/2024 18:47,10,3,6144,187,5884,25.44,68,31.2207,3.48633,0.405273,27.3281,20.7246
Mixtral-MOE-8-7B,3,214,2/28/2024 18:47,10,3,6144,187,5884,25.30,68,31.2207,3.49219,0.399414,27.3281,20.7178
Mixtral-MOE-8-7B,3,215,2/28/2024 18:47,10,3,6144,187,5884,25.28,68,31.2207,3.5,0.391602,27.3281,20.7109
Mixtral-MOE-8-7B,3,216,2/28/2024 18:47,10,3,6144,187,5884,28.48,68,31.2207,3.51172,0.378906,27.3281,20.6982
Mixtral-MOE-8-7B,3,217,2/28/2024 18:47,10,3,6144,187,5884,25.36,68,31.2207,3.50781,0.383789,27.3281,20.7021
Mixtral-MOE-8-7B,3,218,2/28/2024 18:47,10,3,6144,187,5884,26.56,68,31.2207,3.51562,0.375977,27.3281,20.6943
Mixtral-MOE-8-7B,3,219,2/28/2024 18:47,0,0,6144,187,5884,25.37,68,31.2207,3.53223,0.359375,27.3281,20.6787
Mixtral-MOE-8-7B,3,220,2/28/2024 18:47,10,3,6144,187,5884,25.20,68,31.2207,3.5166,0.374023,27.3281,20.6934
Mixtral-MOE-8-7B,3,221,2/28/2024 18:47,10,3,6144,187,5884,25.35,68,31.2207,3.50586,0.385742,27.3281,20.7041
Mixtral-MOE-8-7B,3,222,2/28/2024 18:47,0,0,6144,187,5884,25.51,68,31.2207,3.52246,0.368164,27.3281,20.6875
Mixtral-MOE-8-7B,3,223,2/28/2024 18:47,10,3,6144,187,5884,25.35,68,31.2207,3.51367,0.37793,27.3281,20.6963
Mixtral-MOE-8-7B,3,224,2/28/2024 18:47,10,3,6144,187,5884,25.36,68,31.2207,3.52051,0.371094,27.3281,20.6904
Mixtral-MOE-8-7B,3,225,2/28/2024 18:47,10,3,6144,187,5884,25.70,68,31.2207,3.51074,0.380859,27.3281,20.6992
Mixtral-MOE-8-7B,3,226,2/28/2024 18:47,10,3,6144,187,5884,25.21,68,31.2207,3.50781,0.382812,27.3281,20.7021
Mixtral-MOE-8-7B,3,227,2/28/2024 18:47,10,3,6144,187,5884,25.22,68,31.2207,3.51465,0.376953,27.3281,20.6963
Mixtral-MOE-8-7B,3,228,2/28/2024 18:47,10,3,6144,187,5884,25.95,68,31.2207,3.52148,0.370117,27.3281,20.6895
Mixtral-MOE-8-7B,3,229,2/28/2024 18:47,10,3,6144,187,5884,25.37,68,31.2207,3.50977,0.380859,27.3281,20.7002
Mixtral-MOE-8-7B,3,230,2/28/2024 18:47,3,1,6144,187,5884,27.34,68,31.2207,3.5166,0.375,27.3281,20.6943
Mixtral-MOE-8-7B,3,231,2/28/2024 18:47,10,3,6144,187,5884,25.38,68,31.2207,3.51855,0.373047,27.3281,20.6924
Mixtral-MOE-8-7B,3,232,2/28/2024 18:47,10,3,6144,187,5884,25.37,68,31.2207,3.51562,0.375977,27.3281,20.6953
Mixtral-MOE-8-7B,3,233,2/28/2024 18:47,4,1,6144,187,5884,25.37,68,31.2207,3.5127,0.378906,27.3281,20.6982
Mixtral-MOE-8-7B,3,234,2/28/2024 18:47,0,0,6144,187,5884,45.50,68,31.2207,3.51465,0.376953,27.3281,20.6963
Mixtral-MOE-8-7B,3,235,2/28/2024 18:47,0,0,6144,187,5884,25.52,68,31.2207,3.53613,0.355469,27.3281,20.6748
Mixtral-MOE-8-7B,3,236,2/28/2024 18:47,10,3,6144,187,5884,25.37,68,31.2207,3.54199,0.349609,27.3281,20.6689
Mixtral-MOE-8-7B,3,237,2/28/2024 18:47,10,3,6144,187,5884,28.24,68,31.2207,3.52832,0.363281,27.3281,20.6826
Mixtral-MOE-8-7B,3,238,2/28/2024 18:47,10,3,6144,187,5884,25.38,68,31.2207,3.53516,0.356445,27.3281,20.6748
Mixtral-MOE-8-7B,3,239,2/28/2024 18:47,10,3,6144,187,5884,25.21,68,31.2207,3.52246,0.368164,27.3281,20.6875
Mixtral-MOE-8-7B,3,240,2/28/2024 18:47,10,3,6144,187,5884,31.17,68,31.2207,3.52539,0.366211,27.3281,20.6846
Mixtral-MOE-8-7B,3,241,2/28/2024 18:47,0,0,6144,187,5884,25.38,68,31.2207,3.50781,0.383789,27.3281,20.7021
Mixtral-MOE-8-7B,3,242,2/28/2024 18:47,0,0,6144,187,5884,25.37,68,31.2207,3.52148,0.370117,27.3281,20.6885
Mixtral-MOE-8-7B,3,243,2/28/2024 18:47,9,3,6144,187,5884,25.37,68,31.2207,3.52148,0.369141,27.3281,20.6885
Mixtral-MOE-8-7B,3,244,2/28/2024 18:47,10,3,6144,187,5884,25.37,68,31.2207,3.5127,0.378906,27.3281,20.6982
Mixtral-MOE-8-7B,3,245,2/28/2024 18:47,10,3,6144,187,5884,29.90,68,31.2207,3.51758,0.373047,27.3281,20.6924
Mixtral-MOE-8-7B,3,246,2/28/2024 18:47,10,3,6144,187,5884,25.39,68,31.2207,3.51562,0.375977,27.3281,20.6953
Mixtral-MOE-8-7B,3,247,2/28/2024 18:47,10,3,6144,187,5884,25.36,68,31.2207,3.54395,0.347656,27.3281,20.667
Mixtral-MOE-8-7B,3,248,2/28/2024 18:47,10,3,6144,187,5884,25.23,68,31.2207,3.52246,0.368164,27.3281,20.6875
Mixtral-MOE-8-7B,3,249,2/28/2024 18:47,9,3,6144,187,5884,25.38,68,31.2207,3.52637,0.365234,27.3281,20.6836
Mixtral-MOE-8-7B,3,250,2/28/2024 18:47,10,3,6144,187,5884,25.38,68,31.2207,3.51465,0.376953,27.3281,20.6963
Mixtral-MOE-8-7B,3,251,2/28/2024 18:47,4,1,6144,187,5884,46.87,68,31.2207,3.50488,0.385742,27.3281,20.7051
Mixtral-MOE-8-7B,3,252,2/28/2024 18:47,3,1,6144,187,5884,25.41,68,31.2207,3.49805,0.392578,27.3281,20.7119
Mixtral-MOE-8-7B,3,253,2/28/2024 18:47,0,0,6144,187,5884,25.38,68,31.2207,3.49707,0.393555,27.3281,20.7129
Mixtral-MOE-8-7B,3,254,2/28/2024 18:48,0,0,6144,187,5884,25.23,68,31.2207,3.50879,0.382812,27.3281,20.7021
Mixtral-MOE-8-7B,3,255,2/28/2024 18:48,5,2,6144,187,5884,25.53,68,31.2207,3.50781,0.383789,27.3281,20.7021
Mixtral-MOE-8-7B,3,256,2/28/2024 18:48,10,3,6144,187,5884,25.38,68,31.2207,3.52344,0.367188,27.3281,20.6865
Mixtral-MOE-8-7B,3,257,2/28/2024 18:48,10,3,6144,187,5884,25.37,68,31.2207,3.51465,0.376953,27.3281,20.6963
Mixtral-MOE-8-7B,3,258,2/28/2024 18:48,10,3,6144,187,5884,25.66,68,31.2207,3.51367,0.37793,27.3281,20.6973
Mixtral-MOE-8-7B,3,259,2/28/2024 18:48,10,3,6144,187,5884,25.23,68,31.2207,3.49512,0.396484,27.3281,20.7158
Mixtral-MOE-8-7B,3,260,2/28/2024 18:48,10,3,6144,187,5884,36.00,68,31.2207,3.49121,0.399414,27.3281,20.7188
Mixtral-MOE-8-7B,3,261,2/28/2024 18:48,0,0,6144,187,5884,25.36,68,31.2207,3.49023,0.401367,27.3281,20.7207
Mixtral-MOE-8-7B,3,262,2/28/2024 18:48,0,0,6144,187,5884,25.23,68,31.2207,3.50195,0.389648,27.3281,20.709
Mixtral-MOE-8-7B,3,263,2/28/2024 18:48,0,0,6144,187,5884,37.43,68,31.2207,3.49414,0.397461,27.3281,20.7168
Mixtral-MOE-8-7B,3,264,2/28/2024 18:48,1,0,6144,187,5884,25.41,68,31.2207,3.50098,0.389648,27.3281,20.709
Mixtral-MOE-8-7B,3,265,2/28/2024 18:48,0,0,6144,187,5884,25.39,68,31.2207,3.50781,0.383789,27.3281,20.7031
Mixtral-MOE-8-7B,3,266,2/28/2024 18:48,9,3,6144,187,5884,25.37,68,31.2207,3.50977,0.381836,27.3281,20.7012
Mixtral-MOE-8-7B,3,267,2/28/2024 18:48,0,0,6144,187,5884,46.28,68,31.2207,3.50781,0.383789,27.3281,20.7031
Mixtral-MOE-8-7B,3,268,2/28/2024 18:48,10,3,6144,187,5884,25.39,68,31.2207,3.49414,0.397461,27.3281,20.7168
Mixtral-MOE-8-7B,3,269,2/28/2024 18:48,10,3,6144,187,5884,25.38,68,31.2207,3.48438,0.407227,27.3281,20.7256
Mixtral-MOE-8-7B,3,270,2/28/2024 18:48,10,3,6144,187,5884,25.52,68,31.2207,3.50781,0.383789,27.3281,20.7031
Mixtral-MOE-8-7B,3,271,2/28/2024 18:48,10,3,6144,187,5884,25.45,68,31.2207,3.49316,0.398438,27.3281,20.7178
Mixtral-MOE-8-7B,3,272,2/28/2024 18:48,10,3,6144,187,5884,25.38,68,31.2207,3.50879,0.382812,27.3281,20.7021
Mixtral-MOE-8-7B,3,273,2/28/2024 18:48,10,3,6144,187,5884,25.38,68,31.2207,3.50293,0.388672,27.3281,20.707
Mixtral-MOE-8-7B,3,274,2/28/2024 18:48,10,3,6144,187,5884,26.42,68,31.2207,3.52441,0.367188,27.3281,20.6865
Mixtral-MOE-8-7B,3,275,2/28/2024 18:48,10,3,6144,187,5884,25.38,68,31.2207,3.49902,0.392578,27.3281,20.7119
Mixtral-MOE-8-7B,3,276,2/28/2024 18:48,10,3,6144,187,5884,25.39,68,31.2207,3.49219,0.399414,27.3281,20.7188
Mixtral-MOE-8-7B,3,277,2/28/2024 18:48,0,0,6144,187,5884,25.56,68,31.2207,3.5,0.391602,27.3281,20.7109
Mixtral-MOE-8-7B,3,278,2/28/2024 18:48,0,0,6144,187,5884,25.37,68,31.2207,3.51562,0.375977,27.3281,20.6953
Mixtral-MOE-8-7B,3,279,2/28/2024 18:48,10,3,6144,187,5884,25.38,68,31.2207,3.5166,0.374023,27.3281,20.6934
Mixtral-MOE-8-7B,3,280,2/28/2024 18:48,10,3,6144,187,5884,25.37,68,31.2207,3.53027,0.360352,27.3281,20.6797
Mixtral-MOE-8-7B,3,281,2/28/2024 18:48,10,3,6144,187,5884,25.39,68,31.2207,3.52637,0.365234,27.3281,20.6846
Mixtral-MOE-8-7B,3,282,2/28/2024 18:48,10,3,6144,187,5884,25.38,68,31.2207,3.53516,0.355469,27.3281,20.6748
Mixtral-MOE-8-7B,3,283,2/28/2024 18:48,0,0,6144,187,5884,45.50,68,31.2207,3.52734,0.364258,27.3281,20.6836
Mixtral-MOE-8-7B,3,284,2/28/2024 18:48,3,1,6144,187,5884,25.82,68,31.2207,3.51465,0.375977,27.3281,20.6953
Mixtral-MOE-8-7B,3,285,2/28/2024 18:48,10,3,6144,187,5884,25.39,68,31.2207,3.51367,0.376953,27.3281,20.6963
Mixtral-MOE-8-7B,3,286,2/28/2024 18:48,10,3,6144,187,5884,25.40,68,31.2207,3.52148,0.370117,27.3281,20.6895
Mixtral-MOE-8-7B,3,287,2/28/2024 18:48,0,0,6144,187,5884,25.38,68,31.2207,3.5293,0.361328,27.3281,20.6807
Mixtral-MOE-8-7B,3,288,2/28/2024 18:48,0,0,6144,187,5884,30.02,68,31.2207,3.52148,0.370117,27.3281,20.6895
Mixtral-MOE-8-7B,3,289,2/28/2024 18:48,1,0,6144,187,5884,25.37,68,31.2207,3.51367,0.37793,27.3281,20.6973
Mixtral-MOE-8-7B,3,290,2/28/2024 18:48,10,3,6144,187,5884,25.38,68,31.2207,3.50684,0.383789,27.3281,20.7031
Mixtral-MOE-8-7B,3,291,2/28/2024 18:48,10,3,6144,187,5884,30.93,68,31.2207,3.52246,0.369141,27.3281,20.6885
Mixtral-MOE-8-7B,3,292,2/28/2024 18:48,10,3,6144,187,5884,25.37,68,31.2207,3.51953,0.371094,27.3281,20.6904
Mixtral-MOE-8-7B,3,293,2/28/2024 18:48,10,3,6144,187,5884,25.38,68,31.2207,3.52246,0.368164,27.3281,20.6875
Mixtral-MOE-8-7B,3,294,2/28/2024 18:48,10,3,6144,187,5884,25.29,68,31.2207,3.52637,0.365234,27.3281,20.6846
Mixtral-MOE-8-7B,3,295,2/28/2024 18:48,10,3,6144,187,5884,25.38,68,31.2207,3.51855,0.373047,27.3291,20.6924
Mixtral-MOE-8-7B,3,296,2/28/2024 18:48,10,3,6144,187,5884,25.98,68,31.2207,3.51367,0.376953,27.3291,20.6963
Mixtral-MOE-8-7B,3,297,2/28/2024 18:48,10,3,6144,187,5884,25.38,68,31.2207,3.51367,0.376953,27.3291,20.6963
Mixtral-MOE-8-7B,3,298,2/28/2024 18:48,10,3,6144,187,5884,25.38,68,31.2207,3.50879,0.381836,27.3291,20.7012
Mixtral-MOE-8-7B,3,299,2/28/2024 18:48,10,3,6144,187,5884,26.11,68,31.2207,3.52051,0.370117,27.3291,20.6895
Mixtral-MOE-8-7B,3,300,2/28/2024 18:48,10,3,6144,187,5884,25.38,68,31.2207,3.50293,0.387695,27.3291,20.707
Mixtral-MOE-8-7B,3,301,2/28/2024 18:48,10,3,6144,187,5884,25.38,68,31.2207,3.50586,0.384766,27.3291,20.7041
Mixtral-MOE-8-7B,3,302,2/28/2024 18:48,10,3,6144,187,5884,39.24,68,31.2207,3.51074,0.380859,27.3291,20.7002
Mixtral-MOE-8-7B,3,303,2/28/2024 18:48,10,3,6144,187,5884,25.37,68,31.2207,3.5127,0.37793,27.3291,20.6982
Mixtral-MOE-8-7B,3,304,2/28/2024 18:48,10,3,6144,187,5884,25.39,68,31.2207,3.52246,0.369141,27.3291,20.6885
Mixtral-MOE-8-7B,3,305,2/28/2024 18:48,4,1,6144,187,5884,46.89,68,31.2207,3.52637,0.364258,27.3291,20.6836
Mixtral-MOE-8-7B,3,306,2/28/2024 18:48,3,1,6144,187,5884,25.39,68,31.2207,3.5166,0.374023,27.3291,20.6934
Mixtral-MOE-8-7B,3,307,2/28/2024 18:48,0,0,6144,187,5884,25.38,68,31.2207,3.49512,0.396484,27.3291,20.7158
Mixtral-MOE-8-7B,3,308,2/28/2024 18:48,1,0,6144,187,5884,25.39,68,31.2207,3.51074,0.379883,27.3291,20.6992
Mixtral-MOE-8-7B,3,309,2/28/2024 18:48,1,0,6144,187,5884,25.72,68,31.2207,3.48828,0.402344,27.3291,20.7227
Mixtral-MOE-8-7B,3,310,2/28/2024 18:48,0,0,6144,187,5884,25.37,68,31.2207,3.49512,0.395508,27.3291,20.7158
Mixtral-MOE-8-7B,3,311,2/28/2024 18:48,10,3,6144,187,5884,25.39,69,31.2207,3.4873,0.40332,27.3291,20.7227
Mixtral-MOE-8-7B,3,312,2/28/2024 18:49,0,0,6144,187,5884,25.39,68,31.2207,3.49707,0.394531,27.3291,20.7139
Mixtral-MOE-8-7B,3,313,2/28/2024 18:49,0,0,6144,187,5884,26.13,69,31.2207,3.48828,0.402344,27.3291,20.7217
Mixtral-MOE-8-7B,3,314,2/28/2024 18:49,0,0,6144,187,5884,25.39,68,31.2207,3.4873,0.404297,27.3291,20.7236
Mixtral-MOE-8-7B,3,315,2/28/2024 18:49,10,3,6144,187,5884,25.38,68,31.2207,3.49316,0.397461,27.3291,20.7168
Mixtral-MOE-8-7B,3,316,2/28/2024 18:49,10,3,6144,187,5884,25.85,68,31.2207,3.50195,0.388672,27.3291,20.708
Mixtral-MOE-8-7B,3,317,2/28/2024 18:49,10,3,6144,187,5884,25.41,69,31.2207,3.50098,0.390625,27.3291,20.71
Mixtral-MOE-8-7B,3,318,2/28/2024 18:49,10,3,6144,187,5884,25.40,68,31.2207,3.51562,0.375977,27.3291,20.6953
Mixtral-MOE-8-7B,3,319,2/28/2024 18:49,10,3,6144,187,5884,25.38,68,31.2207,3.49121,0.400391,27.3291,20.7197
Mixtral-MOE-8-7B,3,320,2/28/2024 18:49,0,0,6144,187,5884,34.92,68,31.2207,3.49902,0.391602,27.3291,20.7109
Mixtral-MOE-8-7B,3,321,2/28/2024 18:49,10,3,6144,187,5884,25.37,68,31.2207,3.49219,0.399414,27.3291,20.7188
Mixtral-MOE-8-7B,3,322,2/28/2024 18:49,0,0,6144,2843,3228,27.22,68,31.2207,3.36035,3.1123,24.748,23.4287
Mixtral-MOE-8-7B,3,323,2/28/2024 18:49,0,0,6144,3485,2586,27.05,68,31.2207,3.34473,6.50781,21.3672,26.8223
Mixtral-MOE-8-7B,4,0,2/28/2024 18:52,0,0,6144,6065,6,4.17,49,31.2207,3.14551,6.69824,21.376,27.0156
Mixtral-MOE-8-7B,4,1,2/28/2024 18:52,0,0,6144,5989,82,23.92,50,31.2207,3.33691,6.49805,21.3848,26.8164
Mixtral-MOE-8-7B,4,2,2/28/2024 18:52,0,0,6144,5989,82,24.07,50,31.2207,3.33496,6.50391,21.3809,26.8223
Mixtral-MOE-8-7B,4,3,2/28/2024 18:52,0,0,6144,3679,2392,25.63,51,31.2207,3.36328,6.47656,21.3799,26.7949
Mixtral-MOE-8-7B,4,4,2/28/2024 18:52,0,0,6144,3679,2392,26.97,51,31.2207,3.36133,4.48828,23.3701,24.8076
Mixtral-MOE-8-7B,4,5,2/28/2024 18:52,2,3,6144,385,5686,27.02,51,31.2207,3.44043,2.86621,24.9131,23.1875
Mixtral-MOE-8-7B,4,6,2/28/2024 18:52,0,0,6144,385,5686,24.08,51,31.2207,3.45215,0.516602,27.251,20.8408
Mixtral-MOE-8-7B,4,7,2/28/2024 18:52,0,0,6144,3037,3034,25.41,51,31.2207,3.36816,3.08984,24.7617,23.4111
Mixtral-MOE-8-7B,4,8,2/28/2024 18:52,0,0,6144,3679,2392,25.42,52,31.2207,3.37402,5.37012,22.4756,25.6895
Mixtral-MOE-8-7B,4,9,2/28/2024 18:52,0,0,6144,3679,2392,25.41,52,31.2207,3.43555,3.02441,24.7607,23.3447
Mixtral-MOE-8-7B,4,10,2/28/2024 18:52,0,0,6144,385,5686,25.43,52,31.2207,3.43555,1.13281,26.6514,21.4561
Mixtral-MOE-8-7B,4,11,2/28/2024 18:52,78,7,6144,255,5816,68.72,54,31.2207,3.49023,0.386719,27.3428,20.7109
Mixtral-MOE-8-7B,4,12,2/28/2024 18:52,78,8,6144,255,5816,79.98,56,31.2207,3.49219,0.384766,27.3428,20.709
Mixtral-MOE-8-7B,4,13,2/28/2024 18:52,90,8,6144,255,5816,73.86,56,31.2207,3.49121,0.385742,27.3428,20.71
Mixtral-MOE-8-7B,4,14,2/28/2024 18:53,71,7,6144,255,5816,76.84,57,31.2207,3.46973,0.407227,27.3428,20.7314
Mixtral-MOE-8-7B,4,15,2/28/2024 18:53,83,8,6144,255,5816,65.11,58,31.2207,3.47461,0.402344,27.3428,20.7266
Mixtral-MOE-8-7B,4,16,2/28/2024 18:53,73,7,6144,255,5816,84.97,58,31.2207,3.48047,0.397461,27.3428,20.7207
Mixtral-MOE-8-7B,4,17,2/28/2024 18:53,89,8,6144,255,5816,61.70,59,31.2207,3.47656,0.400391,27.3428,20.7246
Mixtral-MOE-8-7B,4,18,2/28/2024 18:53,77,7,6144,255,5816,69.45,59,31.2207,3.45996,0.416992,27.3428,20.7412
Mixtral-MOE-8-7B,4,19,2/28/2024 18:53,83,8,6144,255,5816,51.09,60,31.2207,3.4707,0.40625,27.3428,20.7305
Mixtral-MOE-8-7B,4,20,2/28/2024 18:53,75,7,6144,255,5816,79.27,60,31.2207,3.4668,0.415039,27.3379,20.7393
Mixtral-MOE-8-7B,4,21,2/28/2024 18:53,100,12,6144,255,5816,75.66,61,31.2207,3.48145,0.401367,27.3379,20.7246
Mixtral-MOE-8-7B,4,22,2/28/2024 18:53,68,8,6144,187,5884,56.71,61,31.2207,3.46875,0.414062,27.3379,20.7383
Mixtral-MOE-8-7B,4,23,2/28/2024 18:53,88,7,6144,187,5884,42.54,62,31.2207,3.48047,0.401367,27.3379,20.7256
Mixtral-MOE-8-7B,4,24,2/28/2024 18:53,71,8,6144,187,5884,67.76,62,31.2207,3.49023,0.391602,27.3379,20.7158
Mixtral-MOE-8-7B,4,25,2/28/2024 18:53,66,8,6144,187,5884,86.94,62,31.2207,3.48047,0.401367,27.3379,20.7256
Mixtral-MOE-8-7B,4,26,2/28/2024 18:53,88,8,6144,187,5884,65.46,63,31.2207,3.48047,0.401367,27.3379,20.7256
Mixtral-MOE-8-7B,4,27,2/28/2024 18:53,65,7,6144,187,5884,65.41,63,31.2207,3.48047,0.401367,27.3379,20.7256
Mixtral-MOE-8-7B,4,28,2/28/2024 18:53,89,8,6144,187,5884,56.63,63,31.2207,3.47559,0.40625,27.3379,20.7305
Mixtral-MOE-8-7B,4,29,2/28/2024 18:53,67,7,6144,187,5884,68.63,64,31.2207,3.48633,0.395508,27.3379,20.7197
Mixtral-MOE-8-7B,4,30,2/28/2024 18:53,77,8,6144,187,5884,61.21,64,31.2207,3.4873,0.394531,27.3379,20.7188
Mixtral-MOE-8-7B,4,31,2/28/2024 18:53,89,8,6144,187,5884,74.71,64,31.2207,3.49414,0.387695,27.3379,20.7119
Mixtral-MOE-8-7B,4,32,2/28/2024 18:53,93,11,6144,187,5884,68.71,65,31.2207,3.48438,0.397461,27.3379,20.7217
Mixtral-MOE-8-7B,4,33,2/28/2024 18:53,100,13,6144,187,5884,32.26,65,31.2207,3.48438,0.397461,27.3379,20.7217
Mixtral-MOE-8-7B,4,34,2/28/2024 18:53,88,7,6144,187,5884,61.62,66,31.2207,3.48438,0.397461,27.3379,20.7217
Mixtral-MOE-8-7B,4,35,2/28/2024 18:53,82,7,6144,187,5884,66.58,66,31.2207,3.48438,0.397461,27.3379,20.7217
Mixtral-MOE-8-7B,4,36,2/28/2024 18:53,78,7,6144,187,5884,64.64,66,31.2207,3.4834,0.399414,27.3379,20.7236
Mixtral-MOE-8-7B,4,37,2/28/2024 18:53,80,8,6144,187,5884,73.28,67,31.2207,3.48828,0.393555,27.3379,20.7178
Mixtral-MOE-8-7B,4,38,2/28/2024 18:53,81,7,6144,187,5884,74.38,67,31.2207,3.46973,0.412109,27.3379,20.7363
Mixtral-MOE-8-7B,4,39,2/28/2024 18:53,78,8,6144,187,5884,73.20,67,31.2207,3.46484,0.416992,27.3379,20.7412
Mixtral-MOE-8-7B,4,40,2/28/2024 18:53,95,10,6144,187,5884,77.45,67,31.2207,3.46875,0.413086,27.3379,20.7373
Mixtral-MOE-8-7B,4,41,2/28/2024 18:53,0,0,6144,187,5884,31.17,66,31.2207,3.47461,0.407227,27.3379,20.7314
Mixtral-MOE-8-7B,4,42,2/28/2024 18:53,7,3,6144,187,5884,31.15,66,31.2207,3.46484,0.416992,27.3379,20.7412
Mixtral-MOE-8-7B,4,43,2/28/2024 18:53,7,3,6144,187,5884,31.16,66,31.2207,3.47559,0.40625,27.3379,20.7305
Mixtral-MOE-8-7B,4,44,2/28/2024 18:53,6,2,6144,187,5884,31.43,66,31.2207,3.49414,0.387695,27.3379,20.7119
Mixtral-MOE-8-7B,4,45,2/28/2024 18:53,7,3,6144,187,5884,31.01,65,31.2207,3.49805,0.383789,27.3379,20.708
Mixtral-MOE-8-7B,4,46,2/28/2024 18:53,7,3,6144,187,5884,31.00,66,31.2207,3.49902,0.382812,27.3379,20.707
Mixtral-MOE-8-7B,4,47,2/28/2024 18:53,8,3,6144,187,5884,30.99,66,31.2207,3.50781,0.374023,27.3379,20.6982
Mixtral-MOE-8-7B,4,48,2/28/2024 18:53,7,3,6144,187,5884,31.03,66,31.2207,3.49609,0.385742,27.3379,20.71
Mixtral-MOE-8-7B,4,49,2/28/2024 18:53,7,3,6144,187,5884,31.06,66,31.2207,3.49707,0.384766,27.3379,20.709
Mixtral-MOE-8-7B,4,50,2/28/2024 18:53,7,3,6144,187,5884,31.42,66,31.2207,3.5,0.381836,27.3379,20.7061
Mixtral-MOE-8-7B,4,51,2/28/2024 18:53,8,2,6144,187,5884,25.13,65,31.2207,3.51172,0.370117,27.3379,20.6943
Mixtral-MOE-8-7B,4,52,2/28/2024 18:53,7,3,6144,187,5884,24.99,65,31.2207,3.51562,0.366211,27.3379,20.6904
Mixtral-MOE-8-7B,4,53,2/28/2024 18:53,9,3,6144,187,5884,24.98,65,31.2207,3.51465,0.367188,27.3379,20.6914
Mixtral-MOE-8-7B,4,54,2/28/2024 18:53,0,0,6144,187,5884,25.12,65,31.2207,3.51465,0.367188,27.3379,20.6914
Mixtral-MOE-8-7B,4,55,2/28/2024 18:53,9,3,6144,187,5884,31.69,65,31.2207,3.5127,0.369141,27.3379,20.6934
Mixtral-MOE-8-7B,4,56,2/28/2024 18:53,9,3,6144,187,5884,24.99,65,31.2207,3.52344,0.358398,27.3379,20.6826
Mixtral-MOE-8-7B,4,57,2/28/2024 18:53,9,3,6144,187,5884,24.99,65,31.2207,3.52246,0.359375,27.3379,20.6836
Mixtral-MOE-8-7B,4,58,2/28/2024 18:53,0,0,6144,187,5884,25.13,65,31.2207,3.51758,0.364258,27.3379,20.6885
Mixtral-MOE-8-7B,4,59,2/28/2024 18:53,9,3,6144,187,5884,24.98,65,31.2207,3.50879,0.373047,27.3379,20.6973
Mixtral-MOE-8-7B,4,60,2/28/2024 18:53,9,3,6144,187,5884,25.58,65,31.2207,3.50977,0.37207,27.3379,20.6963
Mixtral-MOE-8-7B,4,61,2/28/2024 18:53,9,3,6144,187,5884,25.02,65,31.2207,3.49414,0.388672,27.3379,20.7129
Mixtral-MOE-8-7B,4,62,2/28/2024 18:53,9,3,6144,187,5884,24.99,65,31.2207,3.51074,0.371094,27.3379,20.6953
Mixtral-MOE-8-7B,4,63,2/28/2024 18:53,9,3,6144,187,5884,25.15,65,31.2207,3.50293,0.378906,27.3379,20.7031
Mixtral-MOE-8-7B,4,64,2/28/2024 18:53,9,3,6144,187,5884,25.16,65,31.2207,3.51074,0.371094,27.3379,20.6953
Mixtral-MOE-8-7B,4,65,2/28/2024 18:53,0,0,6144,187,5884,37.36,65,31.2207,3.50488,0.376953,27.3379,20.7012
Mixtral-MOE-8-7B,4,66,2/28/2024 18:53,9,3,6144,187,5884,25.00,65,31.2207,3.51562,0.366211,27.3379,20.6904
Mixtral-MOE-8-7B,4,67,2/28/2024 18:53,9,3,6144,187,5884,24.99,65,31.2207,3.52637,0.355469,27.3379,20.6797
Mixtral-MOE-8-7B,4,68,2/28/2024 18:53,0,0,6144,187,5884,24.98,65,31.2207,3.52539,0.356445,27.3379,20.6807
Mixtral-MOE-8-7B,4,69,2/28/2024 18:53,9,3,6144,187,5884,24.99,65,31.2207,3.51953,0.362305,27.3379,20.6865
Mixtral-MOE-8-7B,4,70,2/28/2024 18:53,9,3,6144,187,5884,24.99,65,31.2207,3.5166,0.365234,27.3379,20.6895
Mixtral-MOE-8-7B,4,71,2/28/2024 18:54,0,0,6144,187,5884,25.12,65,31.2207,3.5127,0.369141,27.3379,20.6934
Mixtral-MOE-8-7B,4,72,2/28/2024 18:54,9,3,6144,187,5884,25.15,65,31.2207,3.50293,0.378906,27.3379,20.7031
Mixtral-MOE-8-7B,4,73,2/28/2024 18:54,0,0,6144,187,5884,24.99,65,31.2207,3.50781,0.374023,27.3379,20.6982
Mixtral-MOE-8-7B,4,74,2/28/2024 18:54,9,3,6144,187,5884,25.42,65,31.2207,3.48438,0.397461,27.3379,20.7217
Mixtral-MOE-8-7B,4,75,2/28/2024 18:54,9,3,6144,187,5884,25.00,65,31.2207,3.4834,0.398438,27.3379,20.7227
Mixtral-MOE-8-7B,4,76,2/28/2024 18:54,9,3,6144,187,5884,25.13,65,31.2207,3.48633,0.395508,27.3379,20.7197
Mixtral-MOE-8-7B,4,77,2/28/2024 18:54,9,3,6144,187,5884,25.13,65,31.2207,3.49219,0.389648,27.3379,20.7139
Mixtral-MOE-8-7B,4,78,2/28/2024 18:54,3,1,6144,187,5884,25.59,65,31.2207,3.48047,0.401367,27.3379,20.7256
Mixtral-MOE-8-7B,4,79,2/28/2024 18:54,9,3,6144,187,5884,28.91,65,31.2207,3.48828,0.393555,27.3379,20.7178
Mixtral-MOE-8-7B,4,80,2/28/2024 18:54,9,3,6144,187,5884,25.14,65,31.2207,3.49512,0.386719,27.3379,20.7119
Mixtral-MOE-8-7B,4,81,2/28/2024 18:54,9,3,6144,187,5884,24.99,65,31.2207,3.4834,0.398438,27.3379,20.7227
Mixtral-MOE-8-7B,4,82,2/28/2024 18:54,9,3,6144,187,5884,25.74,66,31.2207,3.49121,0.390625,27.3379,20.7148
Mixtral-MOE-8-7B,4,83,2/28/2024 18:54,9,3,6144,187,5884,31.85,65,31.2207,3.49023,0.391602,27.3379,20.7158
Mixtral-MOE-8-7B,4,84,2/28/2024 18:54,9,3,6144,187,5884,25.00,65,31.2207,3.49805,0.383789,27.3379,20.708
Mixtral-MOE-8-7B,4,85,2/28/2024 18:54,0,0,6144,187,5884,25.14,65,31.2207,3.49121,0.390625,27.3379,20.7148
Mixtral-MOE-8-7B,4,86,2/28/2024 18:54,9,3,6144,187,5884,25.12,66,31.2207,3.52637,0.355469,27.3379,20.6797
Mixtral-MOE-8-7B,4,87,2/28/2024 18:54,7,2,6144,187,5884,25.42,66,31.2207,3.49121,0.390625,27.3379,20.7148
Mixtral-MOE-8-7B,4,88,2/28/2024 18:54,5,2,6144,187,5884,25.73,66,31.2207,3.4873,0.394531,27.3379,20.7188
Mixtral-MOE-8-7B,4,89,2/28/2024 18:54,9,3,6144,187,5884,32.99,66,31.2207,3.49609,0.385742,27.3379,20.71
Mixtral-MOE-8-7B,4,90,2/28/2024 18:54,0,0,6144,187,5884,25.14,66,31.2207,3.49316,0.388672,27.3379,20.7129
Mixtral-MOE-8-7B,4,91,2/28/2024 18:54,9,3,6144,187,5884,25.13,66,31.2207,3.49121,0.390625,27.3379,20.7148
Mixtral-MOE-8-7B,4,92,2/28/2024 18:54,1,0,6144,187,5884,25.14,66,31.2207,3.49902,0.382812,27.3379,20.707
Mixtral-MOE-8-7B,4,93,2/28/2024 18:54,9,3,6144,187,5884,25.88,66,31.2207,3.5,0.381836,27.3379,20.7061
Mixtral-MOE-8-7B,4,94,2/28/2024 18:54,9,3,6144,187,5884,33.59,66,31.2207,3.49219,0.389648,27.3379,20.7139
Mixtral-MOE-8-7B,4,95,2/28/2024 18:54,9,3,6144,187,5884,25.15,66,31.2207,3.48535,0.396484,27.3379,20.7207
Mixtral-MOE-8-7B,4,96,2/28/2024 18:54,6,2,6144,187,5884,25.13,66,31.2207,3.49805,0.383789,27.3379,20.708
Mixtral-MOE-8-7B,4,97,2/28/2024 18:54,9,3,6144,187,5884,27.12,66,31.2207,3.50684,0.375,27.3379,20.6992
Mixtral-MOE-8-7B,4,98,2/28/2024 18:54,0,0,6144,187,5884,25.13,66,31.2207,3.50684,0.375,27.3379,20.6992
Mixtral-MOE-8-7B,4,99,2/28/2024 18:54,9,3,6144,187,5884,25.13,66,31.2207,3.49219,0.389648,27.3379,20.7139
Mixtral-MOE-8-7B,4,100,2/28/2024 18:54,9,3,6144,187,5884,36.73,66,31.2207,3.48438,0.397461,27.3379,20.7217
Mixtral-MOE-8-7B,4,101,2/28/2024 18:54,9,3,6144,187,5884,25.15,66,31.2207,3.48535,0.396484,27.3379,20.7207
Mixtral-MOE-8-7B,4,102,2/28/2024 18:54,9,3,6144,187,5884,25.15,66,31.2207,3.49219,0.389648,27.3379,20.7139
Mixtral-MOE-8-7B,4,103,2/28/2024 18:54,9,3,6144,187,5884,25.14,66,31.2207,3.50879,0.373047,27.3379,20.6973
Mixtral-MOE-8-7B,4,104,2/28/2024 18:54,8,3,6144,187,5884,33.35,66,31.2207,3.50391,0.37793,27.3379,20.7021
Mixtral-MOE-8-7B,4,105,2/28/2024 18:54,9,3,6144,187,5884,25.12,66,31.2207,3.50488,0.376953,27.3379,20.7012
Mixtral-MOE-8-7B,4,106,2/28/2024 18:54,9,3,6144,187,5884,25.13,66,31.2207,3.51074,0.371094,27.3379,20.6953
Mixtral-MOE-8-7B,4,107,2/28/2024 18:54,9,3,6144,187,5884,25.12,66,31.2207,3.51172,0.370117,27.3379,20.6943
Mixtral-MOE-8-7B,4,108,2/28/2024 18:54,9,3,6144,187,5884,25.13,66,31.2207,3.5127,0.369141,27.3379,20.6934
Mixtral-MOE-8-7B,4,109,2/28/2024 18:54,9,3,6144,187,5884,25.15,66,31.2207,3.49805,0.383789,27.3379,20.708
Mixtral-MOE-8-7B,4,110,2/28/2024 18:54,9,3,6144,187,5884,25.17,66,31.2207,3.51465,0.367188,27.3379,20.6914
Mixtral-MOE-8-7B,4,111,2/28/2024 18:54,9,3,6144,187,5884,25.29,66,31.2207,3.51562,0.365234,27.3379,20.6904
Mixtral-MOE-8-7B,4,112,2/28/2024 18:54,0,0,6144,187,5884,25.13,66,31.2207,3.51465,0.367188,27.3379,20.6914
Mixtral-MOE-8-7B,4,113,2/28/2024 18:54,9,3,6144,187,5884,25.14,66,31.2207,3.5127,0.369141,27.3379,20.6934
Mixtral-MOE-8-7B,4,114,2/28/2024 18:54,0,0,6144,187,5884,25.43,66,31.2207,3.49609,0.384766,27.3379,20.71
Mixtral-MOE-8-7B,4,115,2/28/2024 18:54,0,0,6144,187,5884,34.68,66,31.2207,3.50879,0.373047,27.3379,20.6973
Mixtral-MOE-8-7B,4,116,2/28/2024 18:54,9,3,6144,187,5884,25.14,66,31.2207,3.50781,0.374023,27.3379,20.6982
Mixtral-MOE-8-7B,4,117,2/28/2024 18:54,9,3,6144,187,5884,27.09,66,31.2207,3.51758,0.364258,27.3379,20.6885
Mixtral-MOE-8-7B,4,118,2/28/2024 18:54,9,3,6144,187,5884,25.13,66,31.2207,3.51758,0.364258,27.3379,20.6885
Mixtral-MOE-8-7B,4,119,2/28/2024 18:54,9,3,6144,187,5884,25.28,66,31.2207,3.50488,0.376953,27.3379,20.7012
Mixtral-MOE-8-7B,4,120,2/28/2024 18:54,0,0,6144,187,5884,28.89,66,31.2207,3.50293,0.37793,27.3379,20.7031
Mixtral-MOE-8-7B,4,121,2/28/2024 18:54,9,3,6144,187,5884,25.14,66,31.2207,3.5,0.381836,27.3379,20.7061
Mixtral-MOE-8-7B,4,122,2/28/2024 18:54,0,0,6144,187,5884,25.12,66,31.2207,3.50391,0.37793,27.3379,20.7021
Mixtral-MOE-8-7B,4,123,2/28/2024 18:54,9,3,6144,187,5884,25.13,66,31.2207,3.51367,0.367188,27.3379,20.6924
Mixtral-MOE-8-7B,4,124,2/28/2024 18:54,9,3,6144,187,5884,25.28,67,31.2207,3.49512,0.385742,27.3379,20.71
Mixtral-MOE-8-7B,4,125,2/28/2024 18:54,9,3,6144,187,5884,37.17,67,31.2207,3.50879,0.373047,27.3379,20.6973
Mixtral-MOE-8-7B,4,126,2/28/2024 18:54,4,1,6144,187,5884,25.13,67,31.2207,3.48047,0.400391,27.3379,20.7256
Mixtral-MOE-8-7B,4,127,2/28/2024 18:54,9,3,6144,187,5884,25.27,67,31.2207,3.49902,0.382812,27.3379,20.707
Mixtral-MOE-8-7B,4,128,2/28/2024 18:54,0,0,6144,187,5884,31.12,66,31.2207,3.50488,0.375977,27.3379,20.7002
Mixtral-MOE-8-7B,4,129,2/28/2024 18:55,9,3,6144,187,5884,25.14,67,31.2207,3.50488,0.375977,27.3379,20.7012
Mixtral-MOE-8-7B,4,130,2/28/2024 18:55,9,3,6144,187,5884,25.87,67,31.2207,3.5,0.381836,27.3379,20.7061
Mixtral-MOE-8-7B,4,131,2/28/2024 18:55,9,3,6144,187,5884,25.13,67,31.2207,3.50195,0.378906,27.3379,20.7041
Mixtral-MOE-8-7B,4,132,2/28/2024 18:55,9,3,6144,187,5884,25.14,67,31.2207,3.50488,0.376953,27.3379,20.7012
Mixtral-MOE-8-7B,4,133,2/28/2024 18:55,2,1,6144,187,5884,33.64,67,31.2207,3.50781,0.374023,27.3379,20.6982
Mixtral-MOE-8-7B,4,134,2/28/2024 18:55,9,3,6144,187,5884,25.13,67,31.2207,3.49902,0.382812,27.3379,20.707
Mixtral-MOE-8-7B,4,135,2/28/2024 18:55,3,1,6144,187,5884,25.12,67,31.2207,3.49512,0.386719,27.3379,20.7109
Mixtral-MOE-8-7B,4,136,2/28/2024 18:55,9,3,6144,187,5884,26.84,67,31.2207,3.50488,0.376953,27.3379,20.7012
Mixtral-MOE-8-7B,4,137,2/28/2024 18:55,9,3,6144,187,5884,25.13,67,31.2207,3.51172,0.369141,27.3379,20.6943
Mixtral-MOE-8-7B,4,138,2/28/2024 18:55,0,0,6144,187,5884,25.28,67,31.2207,3.5,0.380859,27.3379,20.7051
Mixtral-MOE-8-7B,4,139,2/28/2024 18:55,9,3,6144,187,5884,25.14,67,31.2207,3.51465,0.367188,27.3379,20.6914
Mixtral-MOE-8-7B,4,140,2/28/2024 18:55,9,3,6144,187,5884,25.61,67,31.2207,3.51562,0.365234,27.3379,20.6904
Mixtral-MOE-8-7B,4,141,2/28/2024 18:55,9,3,6144,187,5884,25.12,67,31.2207,3.49609,0.384766,27.3379,20.71
Mixtral-MOE-8-7B,4,142,2/28/2024 18:55,9,3,6144,187,5884,25.16,67,31.2207,3.50488,0.376953,27.3379,20.7012
Mixtral-MOE-8-7B,4,143,2/28/2024 18:55,9,3,6144,187,5884,33.29,67,31.2207,3.49902,0.382812,27.3379,20.707
Mixtral-MOE-8-7B,4,144,2/28/2024 18:55,9,3,6144,187,5884,25.13,67,31.2207,3.49316,0.388672,27.3379,20.7129
Mixtral-MOE-8-7B,4,145,2/28/2024 18:55,9,3,6144,187,5884,25.57,67,31.2207,3.47461,0.40625,27.3379,20.7314
Mixtral-MOE-8-7B,4,146,2/28/2024 18:55,9,3,6144,187,5884,25.14,67,31.2207,3.47852,0.402344,27.3379,20.7275
Mixtral-MOE-8-7B,4,147,2/28/2024 18:55,9,3,6144,187,5884,26.51,67,31.2207,3.47754,0.404297,27.3379,20.7285
Mixtral-MOE-8-7B,4,148,2/28/2024 18:55,0,0,6144,187,5884,25.28,67,31.2207,3.46191,0.418945,27.3379,20.7432
Mixtral-MOE-8-7B,4,149,2/28/2024 18:55,9,3,6144,187,5884,26.03,67,31.2207,3.47754,0.40332,27.3379,20.7285
Mixtral-MOE-8-7B,4,150,2/28/2024 18:55,9,3,6144,187,5884,25.28,67,31.2207,3.48633,0.395508,27.3379,20.7197
Mixtral-MOE-8-7B,4,151,2/28/2024 18:55,9,3,6144,187,5884,46.52,67,31.2207,3.49512,0.386719,27.3379,20.7109
Mixtral-MOE-8-7B,4,152,2/28/2024 18:55,1,0,6144,187,5884,25.29,67,31.2207,3.49023,0.390625,27.3379,20.7158
Mixtral-MOE-8-7B,4,153,2/28/2024 18:55,9,3,6144,187,5884,27.85,67,31.2207,3.48926,0.392578,27.3379,20.7168
Mixtral-MOE-8-7B,4,154,2/28/2024 18:55,9,3,6144,187,5884,25.14,67,31.2207,3.48535,0.396484,27.3379,20.7207
Mixtral-MOE-8-7B,4,155,2/28/2024 18:55,9,3,6144,187,5884,25.29,67,31.2207,3.47559,0.40625,27.3389,20.7305
Mixtral-MOE-8-7B,4,156,2/28/2024 18:55,9,3,6144,187,5884,38.01,67,31.2207,3.4834,0.397461,27.3389,20.7227
Mixtral-MOE-8-7B,4,157,2/28/2024 18:55,9,3,6144,187,5884,25.29,67,31.2207,3.48242,0.399414,27.3389,20.7236
Mixtral-MOE-8-7B,4,158,2/28/2024 18:55,0,0,6144,187,5884,31.99,67,31.2207,3.49512,0.385742,27.3379,20.7109
Mixtral-MOE-8-7B,4,159,2/28/2024 18:55,9,3,6144,187,5884,25.28,67,31.2207,3.50879,0.37207,27.3379,20.6973
Mixtral-MOE-8-7B,4,160,2/28/2024 18:55,9,3,6144,187,5884,33.41,67,31.2207,3.47266,0.40918,27.3379,20.7334
Mixtral-MOE-8-7B,4,161,2/28/2024 18:55,0,0,6144,187,5884,25.43,67,31.2207,3.48926,0.391602,27.3389,20.7168
Mixtral-MOE-8-7B,4,162,2/28/2024 18:55,9,3,6144,187,5884,25.17,67,31.2207,3.51074,0.370117,27.3389,20.6953
Mixtral-MOE-8-7B,4,163,2/28/2024 18:55,9,3,6144,187,5884,25.27,67,31.2207,3.5,0.380859,27.3389,20.7061
Mixtral-MOE-8-7B,4,164,2/28/2024 18:55,0,0,6144,187,5884,25.27,67,31.2207,3.49219,0.388672,27.3389,20.7139
Mixtral-MOE-8-7B,4,165,2/28/2024 18:55,9,3,6144,187,5884,25.28,67,31.2207,3.49512,0.385742,27.3389,20.7109
Mixtral-MOE-8-7B,4,166,2/28/2024 18:55,9,3,6144,187,5884,25.60,67,31.2207,3.50195,0.378906,27.3389,20.7041
Mixtral-MOE-8-7B,4,167,2/28/2024 18:55,5,1,6144,187,5884,25.42,67,31.2207,3.5293,0.351562,27.3389,20.6768
Mixtral-MOE-8-7B,4,168,2/28/2024 18:55,9,3,6144,187,5884,25.29,67,31.2207,3.52832,0.352539,27.3389,20.6777
Mixtral-MOE-8-7B,4,169,2/28/2024 18:55,9,3,6144,187,5884,27.86,67,31.2207,3.53906,0.341797,27.3389,20.667
Mixtral-MOE-8-7B,4,170,2/28/2024 18:55,9,3,6144,187,5884,25.29,67,31.2207,3.52246,0.358398,27.3389,20.6836
Mixtral-MOE-8-7B,4,171,2/28/2024 18:55,9,3,6144,187,5884,25.28,67,31.2207,3.51367,0.367188,27.3389,20.6924
Mixtral-MOE-8-7B,4,172,2/28/2024 18:55,9,3,6144,187,5884,25.27,67,31.2207,3.5293,0.351562,27.3389,20.6768
Mixtral-MOE-8-7B,4,173,2/28/2024 18:55,9,3,6144,187,5884,43.02,67,31.2207,3.51367,0.367188,27.3389,20.6924
Mixtral-MOE-8-7B,4,174,2/28/2024 18:55,9,3,6144,187,5884,25.30,67,31.2207,3.50586,0.375,27.3389,20.7002
Mixtral-MOE-8-7B,4,175,2/28/2024 18:55,3,1,6144,187,5884,47.09,67,31.2207,3.50879,0.37207,27.3389,20.6973
Mixtral-MOE-8-7B,4,176,2/28/2024 18:55,0,0,6144,187,5884,25.27,67,31.2207,3.51562,0.365234,27.3389,20.6904
Mixtral-MOE-8-7B,4,177,2/28/2024 18:55,10,3,6144,187,5884,25.28,67,31.2207,3.51855,0.362305,27.3389,20.6875
Mixtral-MOE-8-7B,4,178,2/28/2024 18:55,7,2,6144,187,5884,39.74,67,31.2207,3.52539,0.355469,27.3389,20.6807
Mixtral-MOE-8-7B,4,179,2/28/2024 18:55,10,3,6144,187,5884,25.29,67,31.2207,3.52441,0.356445,27.3389,20.6816
Mixtral-MOE-8-7B,4,180,2/28/2024 18:55,7,2,6144,187,5884,34.69,67,31.2207,3.50098,0.379883,27.3389,20.7051
Mixtral-MOE-8-7B,4,181,2/28/2024 18:55,0,0,6144,187,5884,25.41,67,31.2207,3.51855,0.362305,27.3389,20.6875
Mixtral-MOE-8-7B,4,182,2/28/2024 18:55,10,3,6144,187,5884,25.28,67,31.2207,3.50586,0.375,27.3389,20.7002
Mixtral-MOE-8-7B,4,183,2/28/2024 18:55,10,3,6144,187,5884,25.75,67,31.2207,3.51367,0.366211,27.3389,20.6914
Mixtral-MOE-8-7B,4,184,2/28/2024 18:55,10,3,6144,187,5884,25.30,67,31.2207,3.49805,0.382812,27.3389,20.708
Mixtral-MOE-8-7B,4,185,2/28/2024 18:55,10,3,6144,187,5884,25.29,67,31.2207,3.49805,0.382812,27.3389,20.708
Mixtral-MOE-8-7B,4,186,2/28/2024 18:56,10,3,6144,187,5884,31.67,67,31.2207,3.51367,0.367188,27.3389,20.6924
Mixtral-MOE-8-7B,4,187,2/28/2024 18:56,10,3,6144,187,5884,25.28,67,31.2207,3.51562,0.365234,27.3389,20.6904
Mixtral-MOE-8-7B,4,188,2/28/2024 18:56,9,3,6144,187,5884,26.46,67,31.2207,3.5127,0.368164,27.3389,20.6924
Mixtral-MOE-8-7B,4,189,2/28/2024 18:56,10,3,6144,187,5884,40.16,67,31.2207,3.50879,0.37207,27.3389,20.6973
Mixtral-MOE-8-7B,4,190,2/28/2024 18:56,0,0,6144,187,5884,25.30,67,31.2207,3.51074,0.370117,27.3389,20.6953
Mixtral-MOE-8-7B,4,191,2/28/2024 18:56,7,2,6144,187,5884,25.30,67,31.2207,3.50098,0.378906,27.3408,20.7051
Mixtral-MOE-8-7B,4,192,2/28/2024 18:56,6,2,6144,187,5884,25.27,67,31.2207,3.51855,0.353516,27.3477,20.6865
Mixtral-MOE-8-7B,4,193,2/28/2024 18:56,10,3,6144,187,5884,25.28,67,31.2207,3.48828,0.382812,27.3486,20.7178
Mixtral-MOE-8-7B,4,194,2/28/2024 18:56,10,3,6144,187,5884,40.32,67,31.2207,3.49707,0.374023,27.3486,20.709
Mixtral-MOE-8-7B,4,195,2/28/2024 18:56,10,3,6144,187,5884,25.30,67,31.2207,3.5,0.37207,27.3486,20.7061
Mixtral-MOE-8-7B,4,196,2/28/2024 18:56,10,3,6144,187,5884,25.28,67,31.2207,3.49805,0.373047,27.3486,20.708
Mixtral-MOE-8-7B,4,197,2/28/2024 18:56,10,3,6144,187,5884,25.28,67,31.2207,3.49609,0.375977,27.3486,20.71
Mixtral-MOE-8-7B,4,198,2/28/2024 18:56,10,3,6144,187,5884,25.26,67,31.2207,3.48145,0.389648,27.3486,20.7236
Mixtral-MOE-8-7B,4,199,2/28/2024 18:56,0,0,6144,187,5884,25.30,67,31.2207,3.4834,0.388672,27.3486,20.7227
Mixtral-MOE-8-7B,4,200,2/28/2024 18:56,0,0,6144,187,5884,27.71,67,31.2207,3.48145,0.390625,27.3486,20.7246
Mixtral-MOE-8-7B,4,201,2/28/2024 18:56,7,2,6144,187,5884,25.27,67,31.2207,3.4834,0.387695,27.3486,20.7227
Mixtral-MOE-8-7B,4,202,2/28/2024 18:56,10,3,6144,187,5884,25.29,67,31.2207,3.47852,0.392578,27.3486,20.7266
Mixtral-MOE-8-7B,4,203,2/28/2024 18:56,10,3,6144,187,5884,25.28,67,31.2207,3.48047,0.390625,27.3486,20.7246
Mixtral-MOE-8-7B,4,204,2/28/2024 18:56,10,3,6144,187,5884,25.27,67,31.2207,3.49316,0.37793,27.3486,20.7129
Mixtral-MOE-8-7B,4,205,2/28/2024 18:56,0,0,6144,187,5884,25.73,67,31.2207,3.50684,0.365234,27.3486,20.6992
Mixtral-MOE-8-7B,4,206,2/28/2024 18:56,0,0,6144,187,5884,25.28,67,31.2207,3.49023,0.381836,27.3486,20.7158
Mixtral-MOE-8-7B,4,207,2/28/2024 18:56,4,1,6144,187,5884,25.28,67,31.2207,3.47852,0.393555,27.3486,20.7275
Mixtral-MOE-8-7B,4,208,2/28/2024 18:56,9,3,6144,187,5884,25.73,67,31.2207,3.49219,0.378906,27.3486,20.7139
Mixtral-MOE-8-7B,4,209,2/28/2024 18:56,10,3,6144,187,5884,25.28,68,31.2207,3.47949,0.392578,27.3486,20.7266
Mixtral-MOE-8-7B,4,210,2/28/2024 18:56,10,3,6144,187,5884,25.29,67,31.2207,3.48828,0.382812,27.3486,20.7178
Mixtral-MOE-8-7B,4,211,2/28/2024 18:56,0,0,6144,187,5884,43.21,67,31.2207,3.48438,0.387695,27.3486,20.7217
Mixtral-MOE-8-7B,4,212,2/28/2024 18:56,10,3,6144,187,5884,25.28,68,31.2207,3.48242,0.388672,27.3486,20.7236
Mixtral-MOE-8-7B,4,213,2/28/2024 18:56,10,3,6144,187,5884,25.28,67,31.2207,3.47852,0.393555,27.3486,20.7275
Mixtral-MOE-8-7B,4,214,2/28/2024 18:56,5,2,6144,187,5884,25.56,67,31.2207,3.49512,0.376953,27.3486,20.7109
Mixtral-MOE-8-7B,4,215,2/28/2024 18:56,5,2,6144,187,5884,25.29,67,31.2207,3.47363,0.398438,27.3486,20.7324
Mixtral-MOE-8-7B,4,216,2/28/2024 18:56,0,0,6144,187,5884,38.35,67,31.2207,3.48926,0.381836,27.3486,20.7158
Mixtral-MOE-8-7B,4,217,2/28/2024 18:56,0,0,6144,187,5884,26.95,68,31.2207,3.49023,0.381836,27.3486,20.7158
Mixtral-MOE-8-7B,4,218,2/28/2024 18:56,0,0,6144,187,5884,25.29,67,31.2207,3.49707,0.374023,27.3486,20.709
Mixtral-MOE-8-7B,4,219,2/28/2024 18:56,10,3,6144,187,5884,25.27,67,31.2207,3.50488,0.367188,27.3486,20.7012
Mixtral-MOE-8-7B,4,220,2/28/2024 18:56,0,0,6144,187,5884,47.08,68,31.2207,3.5166,0.355469,27.3486,20.6895
Mixtral-MOE-8-7B,4,221,2/28/2024 18:56,0,0,6144,187,5884,33.61,68,31.2207,3.51074,0.360352,27.3486,20.6943
Mixtral-MOE-8-7B,4,222,2/28/2024 18:56,10,3,6144,187,5884,25.29,68,31.2207,3.52734,0.344727,27.3486,20.6787
Mixtral-MOE-8-7B,4,223,2/28/2024 18:56,10,3,6144,187,5884,27.93,68,31.2207,3.50879,0.362305,27.3486,20.6963
Mixtral-MOE-8-7B,4,224,2/28/2024 18:56,10,3,6144,187,5884,25.45,68,31.2207,3.51367,0.358398,27.3486,20.6924
Mixtral-MOE-8-7B,4,225,2/28/2024 18:56,3,1,6144,187,5884,25.57,68,31.2207,3.51953,0.351562,27.3486,20.6865
Mixtral-MOE-8-7B,4,226,2/28/2024 18:56,10,3,6144,187,5884,25.29,68,31.2207,3.51562,0.356445,27.3486,20.6904
Mixtral-MOE-8-7B,4,227,2/28/2024 18:56,10,3,6144,187,5884,29.35,68,31.2207,3.51172,0.359375,27.3486,20.6943
Mixtral-MOE-8-7B,4,228,2/28/2024 18:56,10,3,6144,187,5884,25.43,68,31.2207,3.5332,0.337891,27.3486,20.6729
Mixtral-MOE-8-7B,4,229,2/28/2024 18:56,10,3,6144,187,5884,25.26,68,31.2207,3.52051,0.351562,27.3486,20.6855
Mixtral-MOE-8-7B,4,230,2/28/2024 18:56,0,0,6144,187,5884,26.33,68,31.2207,3.52344,0.348633,27.3486,20.6826
Mixtral-MOE-8-7B,4,231,2/28/2024 18:56,5,2,6144,187,5884,25.26,68,31.2207,3.5,0.371094,27.3486,20.7061
Mixtral-MOE-8-7B,4,232,2/28/2024 18:56,1,0,6144,187,5884,25.27,68,31.2207,3.49707,0.375,27.3486,20.709
Mixtral-MOE-8-7B,4,233,2/28/2024 18:56,7,2,6144,187,5884,25.72,68,31.2207,3.49902,0.37207,27.3486,20.707
Mixtral-MOE-8-7B,4,234,2/28/2024 18:56,10,3,6144,187,5884,25.29,68,31.2207,3.49414,0.37793,27.3486,20.7119
Mixtral-MOE-8-7B,4,235,2/28/2024 18:56,10,3,6144,187,5884,25.28,68,31.2207,3.51074,0.361328,27.3486,20.6953
Mixtral-MOE-8-7B,4,236,2/28/2024 18:56,10,3,6144,187,5884,25.28,68,31.2207,3.51172,0.359375,27.3486,20.6934
Mixtral-MOE-8-7B,4,237,2/28/2024 18:56,10,3,6144,187,5884,25.27,68,31.2207,3.51465,0.357422,27.3486,20.6914
Mixtral-MOE-8-7B,4,238,2/28/2024 18:56,10,3,6144,187,5884,25.29,68,31.2207,3.50195,0.369141,27.3486,20.7031
Mixtral-MOE-8-7B,4,239,2/28/2024 18:56,10,3,6144,187,5884,27.70,68,31.2207,3.50488,0.367188,27.3486,20.7012
Mixtral-MOE-8-7B,4,240,2/28/2024 18:56,10,3,6144,187,5884,25.45,68,31.2207,3.52051,0.351562,27.3486,20.6855
Mixtral-MOE-8-7B,4,241,2/28/2024 18:56,10,3,6144,187,5884,25.28,68,31.2207,3.53125,0.34082,27.3486,20.6748
Mixtral-MOE-8-7B,4,242,2/28/2024 18:56,10,3,6144,187,5884,25.29,68,31.2207,3.51562,0.356445,27.3486,20.6904
Mixtral-MOE-8-7B,4,243,2/28/2024 18:56,10,3,6144,187,5884,26.46,68,31.2207,3.51855,0.352539,27.3486,20.6865
Mixtral-MOE-8-7B,4,244,2/28/2024 18:57,0,0,6144,187,5884,25.31,68,31.2207,3.5127,0.358398,27.3486,20.6924
Mixtral-MOE-8-7B,4,245,2/28/2024 18:57,10,3,6144,187,5884,25.29,68,31.2207,3.49023,0.380859,27.3486,20.7148
Mixtral-MOE-8-7B,4,246,2/28/2024 18:57,3,1,6144,187,5884,31.24,68,31.2207,3.50586,0.366211,27.3486,20.7002
Mixtral-MOE-8-7B,4,247,2/28/2024 18:57,1,0,6144,187,5884,25.42,68,31.2207,3.51172,0.359375,27.3486,20.6943
Mixtral-MOE-8-7B,4,248,2/28/2024 18:57,0,0,6144,187,5884,25.27,68,31.2207,3.5,0.37207,27.3486,20.7061
Mixtral-MOE-8-7B,4,249,2/28/2024 18:57,0,0,6144,187,5884,25.28,68,31.2207,3.50098,0.370117,27.3486,20.7051
Mixtral-MOE-8-7B,4,250,2/28/2024 18:57,0,0,6144,187,5884,28.15,68,31.2207,3.50781,0.363281,27.3486,20.6982
Mixtral-MOE-8-7B,4,251,2/28/2024 18:57,6,2,6144,187,5884,26.31,68,31.2207,3.50684,0.364258,27.3486,20.6982
Mixtral-MOE-8-7B,4,252,2/28/2024 18:57,0,0,6144,187,5884,25.28,68,31.2207,3.50293,0.368164,27.3486,20.7031
Mixtral-MOE-8-7B,4,253,2/28/2024 18:57,0,0,6144,187,5884,25.29,68,31.2207,3.52246,0.348633,27.3486,20.6836
Mixtral-MOE-8-7B,4,254,2/28/2024 18:57,3,1,6144,187,5884,25.57,68,31.2207,3.51758,0.353516,27.3486,20.6875
Mixtral-MOE-8-7B,4,255,2/28/2024 18:57,10,3,6144,187,5884,25.29,68,31.2207,3.50488,0.366211,27.3486,20.7012
Mixtral-MOE-8-7B,4,256,2/28/2024 18:57,10,3,6144,187,5884,25.28,68,31.2207,3.50879,0.362305,27.3486,20.6963
Mixtral-MOE-8-7B,4,257,2/28/2024 18:57,10,3,6144,187,5884,26.97,68,31.2207,3.51758,0.354492,27.3486,20.6885
Mixtral-MOE-8-7B,4,258,2/28/2024 18:57,10,3,6144,187,5884,25.28,68,31.2207,3.5127,0.358398,27.3486,20.6924
Mixtral-MOE-8-7B,4,259,2/28/2024 18:57,10,3,6144,187,5884,25.28,68,31.2207,3.48633,0.384766,27.3486,20.7188
Mixtral-MOE-8-7B,4,260,2/28/2024 18:57,10,3,6144,187,5884,25.42,68,31.2207,3.49316,0.37793,27.3486,20.7129
Mixtral-MOE-8-7B,4,261,2/28/2024 18:57,10,3,6144,187,5884,25.28,68,31.2207,3.49414,0.376953,27.3486,20.7119
Mixtral-MOE-8-7B,4,262,2/28/2024 18:57,10,3,6144,187,5884,25.26,68,31.2207,3.48242,0.388672,27.3486,20.7236
Mixtral-MOE-8-7B,4,263,2/28/2024 18:57,10,3,6144,187,5884,25.29,68,31.2207,3.50488,0.367188,27.3486,20.7012
Mixtral-MOE-8-7B,4,264,2/28/2024 18:57,10,3,6144,187,5884,27.54,68,31.2207,3.51562,0.355469,27.3486,20.6904
Mixtral-MOE-8-7B,4,265,2/28/2024 18:57,10,3,6144,187,5884,25.42,68,31.2207,3.50684,0.364258,27.3486,20.6992
Mixtral-MOE-8-7B,4,266,2/28/2024 18:57,10,3,6144,187,5884,25.28,68,31.2207,3.50586,0.365234,27.3486,20.6992
Mixtral-MOE-8-7B,4,267,2/28/2024 18:57,10,3,6144,187,5884,35.62,68,31.2207,3.51562,0.355469,27.3486,20.6895
Mixtral-MOE-8-7B,4,268,2/28/2024 18:57,0,0,6144,187,5884,25.29,68,31.2207,3.50879,0.362305,27.3486,20.6973
Mixtral-MOE-8-7B,4,269,2/28/2024 18:57,10,3,6144,187,5884,25.26,68,31.2207,3.50586,0.365234,27.3486,20.6992
Mixtral-MOE-8-7B,4,270,2/28/2024 18:57,0,0,6144,187,5884,39.42,68,31.2207,3.50781,0.363281,27.3486,20.6982
Mixtral-MOE-8-7B,4,271,2/28/2024 18:57,0,0,6144,187,5884,32.56,68,31.2207,3.51074,0.360352,27.3486,20.6943
Mixtral-MOE-8-7B,4,272,2/28/2024 18:57,10,3,6144,187,5884,25.32,68,31.2207,3.49707,0.374023,27.3486,20.709
Mixtral-MOE-8-7B,4,273,2/28/2024 18:57,0,0,6144,187,5884,25.28,68,31.2207,3.5127,0.358398,27.3486,20.6924
Mixtral-MOE-8-7B,4,274,2/28/2024 18:57,1,0,6144,187,5884,28.73,68,31.2207,3.51367,0.357422,27.3486,20.6924
Mixtral-MOE-8-7B,4,275,2/28/2024 18:57,10,3,6144,187,5884,25.43,68,31.2207,3.50879,0.362305,27.3486,20.6963
Mixtral-MOE-8-7B,4,276,2/28/2024 18:57,10,3,6144,187,5884,25.26,68,31.2207,3.51172,0.359375,27.3486,20.6943
Mixtral-MOE-8-7B,4,277,2/28/2024 18:57,10,3,6144,187,5884,33.18,68,31.2207,3.51855,0.352539,27.3486,20.6865
Mixtral-MOE-8-7B,4,278,2/28/2024 18:57,10,3,6144,187,5884,25.43,68,31.2207,3.52051,0.350586,27.3486,20.6855
Mixtral-MOE-8-7B,4,279,2/28/2024 18:57,10,3,6144,187,5884,25.29,68,31.2207,3.5,0.37207,27.3486,20.7061
Mixtral-MOE-8-7B,4,280,2/28/2024 18:57,10,3,6144,187,5884,25.27,68,31.2207,3.51172,0.359375,27.3486,20.6943
Mixtral-MOE-8-7B,4,281,2/28/2024 18:57,5,2,6144,187,5884,25.46,68,31.2207,3.51562,0.355469,27.3486,20.6904
Mixtral-MOE-8-7B,4,282,2/28/2024 18:57,10,3,6144,187,5884,25.41,68,31.2207,3.53027,0.34082,27.3486,20.6758
Mixtral-MOE-8-7B,4,283,2/28/2024 18:57,10,3,6144,187,5884,25.28,68,31.2207,3.51953,0.351562,27.3486,20.6865
Mixtral-MOE-8-7B,4,284,2/28/2024 18:57,10,3,6144,187,5884,25.28,68,31.2207,3.50977,0.361328,27.3486,20.6963
Mixtral-MOE-8-7B,4,285,2/28/2024 18:57,10,3,6144,187,5884,26.00,68,31.2207,3.51855,0.352539,27.3486,20.6875
Mixtral-MOE-8-7B,4,286,2/28/2024 18:57,10,3,6144,187,5884,25.28,68,31.2207,3.50879,0.362305,27.3486,20.6973
Mixtral-MOE-8-7B,4,287,2/28/2024 18:57,10,3,6144,187,5884,25.28,68,31.2207,3.5127,0.358398,27.3486,20.6934
Mixtral-MOE-8-7B,4,288,2/28/2024 18:57,10,3,6144,187,5884,25.43,68,31.2207,3.51074,0.360352,27.3486,20.6953
Mixtral-MOE-8-7B,4,289,2/28/2024 18:57,10,3,6144,187,5884,32.06,68,31.2207,3.52734,0.344727,27.3486,20.6787
Mixtral-MOE-8-7B,4,290,2/28/2024 18:57,9,3,6144,187,5884,25.42,68,31.2207,3.5293,0.341797,27.3486,20.6768
Mixtral-MOE-8-7B,4,291,2/28/2024 18:57,10,3,6144,187,5884,25.42,68,31.2207,3.50781,0.363281,27.3486,20.6982
Mixtral-MOE-8-7B,4,292,2/28/2024 18:57,9,3,6144,187,5884,25.28,68,31.2207,3.50293,0.368164,27.3486,20.7031
Mixtral-MOE-8-7B,4,293,2/28/2024 18:57,0,0,6144,187,5884,25.41,68,31.2207,3.51562,0.355469,27.3486,20.6895
Mixtral-MOE-8-7B,4,294,2/28/2024 18:57,10,3,6144,187,5884,25.28,68,31.2207,3.51367,0.357422,27.3486,20.6924
Mixtral-MOE-8-7B,4,295,2/28/2024 18:57,0,0,6144,187,5884,25.26,68,31.2207,3.50488,0.367188,27.3486,20.7012
Mixtral-MOE-8-7B,4,296,2/28/2024 18:57,0,0,6144,187,5884,26.02,68,31.2207,3.51855,0.352539,27.3486,20.6875
Mixtral-MOE-8-7B,4,297,2/28/2024 18:57,10,3,6144,187,5884,25.28,68,31.2207,3.52539,0.345703,27.3486,20.6807
Mixtral-MOE-8-7B,4,298,2/28/2024 18:57,10,3,6144,187,5884,25.29,68,31.2207,3.50977,0.361328,27.3486,20.6953
Mixtral-MOE-8-7B,4,299,2/28/2024 18:57,0,0,6144,187,5884,36.58,68,31.2207,3.50488,0.366211,27.3486,20.7012
Mixtral-MOE-8-7B,4,300,2/28/2024 18:57,1,0,6144,187,5884,25.58,69,31.2207,3.50586,0.365234,27.3486,20.6992
Mixtral-MOE-8-7B,4,301,2/28/2024 18:58,10,3,6144,187,5884,25.28,68,31.2207,3.51074,0.360352,27.3486,20.6943
Mixtral-MOE-8-7B,4,302,2/28/2024 18:58,10,3,6144,187,5884,25.28,68,31.2207,3.50879,0.362305,27.3486,20.6963
Mixtral-MOE-8-7B,4,303,2/28/2024 18:58,0,0,6144,187,5884,25.43,68,31.2207,3.50586,0.365234,27.3486,20.7002
Mixtral-MOE-8-7B,4,304,2/28/2024 18:58,0,0,6144,187,5884,25.58,68,31.2207,3.50195,0.369141,27.3486,20.7041
Mixtral-MOE-8-7B,4,305,2/28/2024 18:58,10,3,6144,187,5884,25.27,68,31.2207,3.50195,0.369141,27.3486,20.7041
Mixtral-MOE-8-7B,4,306,2/28/2024 18:58,10,3,6144,187,5884,34.17,68,31.2207,3.50977,0.361328,27.3486,20.6953
Mixtral-MOE-8-7B,4,307,2/28/2024 18:58,0,0,6144,187,5884,34.65,68,31.2207,3.50098,0.370117,27.3486,20.7051
Mixtral-MOE-8-7B,4,308,2/28/2024 18:58,10,3,6144,187,5884,25.42,68,31.2207,3.49316,0.37793,27.3486,20.7129
Mixtral-MOE-8-7B,4,309,2/28/2024 18:58,10,3,6144,187,5884,25.28,68,31.2207,3.49902,0.37207,27.3486,20.707
Mixtral-MOE-8-7B,4,310,2/28/2024 18:58,10,3,6144,187,5884,25.42,68,31.2207,3.48926,0.381836,27.3486,20.7158
Mixtral-MOE-8-7B,4,311,2/28/2024 18:58,10,3,6144,187,5884,25.42,68,31.2207,3.49023,0.380859,27.3486,20.7158
Mixtral-MOE-8-7B,4,312,2/28/2024 18:58,10,3,6144,187,5884,25.41,68,31.2207,3.49902,0.37207,27.3486,20.707
Mixtral-MOE-8-7B,4,313,2/28/2024 18:58,10,3,6144,187,5884,25.28,68,31.2207,3.49707,0.374023,27.3486,20.709
Mixtral-MOE-8-7B,4,314,2/28/2024 18:58,10,3,6144,187,5884,26.51,68,31.2207,3.50195,0.369141,27.3486,20.7031
Mixtral-MOE-8-7B,4,315,2/28/2024 18:58,10,3,6144,187,5884,27.36,68,31.2207,3.50684,0.364258,27.3486,20.6982
Mixtral-MOE-8-7B,4,316,2/28/2024 18:58,10,3,6144,187,5884,25.42,68,31.2207,3.49902,0.37207,27.3486,20.7061
Mixtral-MOE-8-7B,4,317,2/28/2024 18:58,10,3,6144,187,5884,25.44,68,31.2207,3.4873,0.383789,27.3486,20.7188
Mixtral-MOE-8-7B,4,318,2/28/2024 18:58,10,3,6144,187,5884,25.42,68,31.2207,3.48535,0.385742,27.3486,20.7207
Mixtral-MOE-8-7B,4,319,2/28/2024 18:58,10,3,6144,187,5884,25.72,68,31.2207,3.49121,0.379883,27.3486,20.7148
Mixtral-MOE-8-7B,4,320,2/28/2024 18:58,10,3,6144,187,5884,25.43,68,31.2207,3.4873,0.383789,27.3486,20.7178
Mixtral-MOE-8-7B,4,321,2/28/2024 18:58,10,3,6144,187,5884,25.42,68,31.2207,3.49121,0.379883,27.3486,20.7148
Mixtral-MOE-8-7B,4,322,2/28/2024 18:58,0,0,6144,187,5884,25.43,68,31.2207,3.47852,0.392578,27.3486,20.7275
Mixtral-MOE-8-7B,4,323,2/28/2024 18:58,10,3,6144,187,5884,25.42,68,31.2207,3.49316,0.37793,27.3486,20.7129
Mixtral-MOE-8-7B,4,324,2/28/2024 18:58,10,3,6144,187,5884,25.44,68,31.2207,3.48926,0.381836,27.3486,20.7168
Mixtral-MOE-8-7B,4,325,2/28/2024 18:58,10,3,6144,187,5884,25.40,68,31.2207,3.48828,0.382812,27.3486,20.7178
Mixtral-MOE-8-7B,4,326,2/28/2024 18:58,0,0,6144,187,5884,25.42,68,31.2207,3.48633,0.384766,27.3486,20.7197
Mixtral-MOE-8-7B,4,327,2/28/2024 18:58,0,0,6144,187,5884,33.87,68,31.2207,3.4873,0.383789,27.3486,20.7178
Mixtral-MOE-8-7B,4,328,2/28/2024 18:58,0,0,6144,187,5884,26.17,69,31.2207,3.48145,0.389648,27.3486,20.7236
Mixtral-MOE-8-7B,4,329,2/28/2024 18:58,4,1,6144,187,5884,25.42,68,31.2207,3.47461,0.396484,27.3486,20.7305
Mixtral-MOE-8-7B,4,330,2/28/2024 18:58,0,0,6144,187,5884,25.28,68,31.2207,3.46875,0.402344,27.3486,20.7373
Mixtral-MOE-8-7B,4,331,2/28/2024 18:58,0,0,6144,187,5884,42.51,68,31.2207,3.48633,0.384766,27.3486,20.7197
Mixtral-MOE-8-7B,4,332,2/28/2024 18:58,10,3,6144,187,5884,25.42,69,31.2207,3.48242,0.388672,27.3486,20.7236
Mixtral-MOE-8-7B,4,333,2/28/2024 18:58,0,0,6144,187,5884,25.87,68,31.2207,3.48926,0.381836,27.3486,20.7168
Mixtral-MOE-8-7B,4,334,2/28/2024 18:58,10,3,6144,187,5884,25.42,68,31.2207,3.4834,0.387695,27.3486,20.7217
Mixtral-MOE-8-7B,4,335,2/28/2024 18:58,10,3,6144,187,5884,25.43,68,31.2207,3.48535,0.385742,27.3486,20.7207
Mixtral-MOE-8-7B,4,336,2/28/2024 18:58,0,0,6144,187,5884,34.05,68,31.2207,3.48633,0.384766,27.3486,20.7197
Mixtral-MOE-8-7B,4,337,2/28/2024 18:58,0,0,6144,187,5884,25.56,69,31.2207,3.48633,0.383789,27.3486,20.7188
Mixtral-MOE-8-7B,4,338,2/28/2024 18:58,10,3,6144,187,5884,25.42,68,31.2207,3.50684,0.364258,27.3486,20.6992
Mixtral-MOE-8-7B,4,339,2/28/2024 18:58,10,3,6144,187,5884,25.30,68,31.2207,3.49805,0.373047,27.3486,20.708
Mixtral-MOE-8-7B,4,340,2/28/2024 18:58,10,3,6144,187,5884,25.44,68,31.2207,3.51855,0.352539,27.3486,20.6875
Mixtral-MOE-8-7B,4,341,2/28/2024 18:58,0,0,6144,187,5884,25.43,68,31.2207,3.5127,0.358398,27.3486,20.6934
Mixtral-MOE-8-7B,4,342,2/28/2024 18:58,2,1,6144,187,5884,25.43,68,31.2207,3.52734,0.34375,27.3486,20.6777
Mixtral-MOE-8-7B,4,343,2/28/2024 18:58,0,0,6144,187,5884,31.26,69,31.2207,3.50488,0.370117,27.3447,20.7041
Mixtral-MOE-8-7B,4,344,2/28/2024 18:58,0,0,6144,187,5884,25.57,69,31.2207,3.50488,0.370117,27.3447,20.7051
Mixtral-MOE-8-7B,4,345,2/28/2024 18:58,10,3,6144,187,5884,25.42,68,31.2207,3.50781,0.367188,27.3447,20.7012
Mixtral-MOE-8-7B,4,346,2/28/2024 18:58,0,0,6144,187,5884,25.43,68,31.2207,3.49805,0.376953,27.3447,20.7109
Mixtral-MOE-8-7B,4,347,2/28/2024 18:58,10,3,6144,187,5884,25.45,69,31.2207,3.52344,0.351562,27.3447,20.6855
Mixtral-MOE-8-7B,4,348,2/28/2024 18:58,10,3,6144,187,5884,25.41,68,31.2207,3.52539,0.349609,27.3447,20.6846
Mixtral-MOE-8-7B,4,349,2/28/2024 18:58,10,3,6144,187,5884,25.42,68,31.2207,3.5166,0.358398,27.3447,20.6924
Mixtral-MOE-8-7B,4,350,2/28/2024 18:58,10,3,6144,187,5884,27.24,69,31.2207,3.51074,0.364258,27.3447,20.6992
Mixtral-MOE-8-7B,4,351,2/28/2024 18:58,10,3,6144,187,5884,25.72,69,31.2207,3.48242,0.391602,27.3447,20.7266
Mixtral-MOE-8-7B,4,352,2/28/2024 18:58,10,3,6144,187,5884,25.42,69,31.2207,3.49316,0.381836,27.3447,20.7168
Mixtral-MOE-8-7B,4,353,2/28/2024 18:58,10,3,6144,187,5884,25.42,69,31.2207,3.49902,0.375977,27.3447,20.7109
Mixtral-MOE-8-7B,4,354,2/28/2024 18:58,10,3,6144,187,5884,27.99,69,31.2207,3.50488,0.370117,27.3447,20.7051
Mixtral-MOE-8-7B,4,355,2/28/2024 18:58,10,3,6144,187,5884,25.88,69,31.2207,3.50586,0.369141,27.3447,20.7041
Mixtral-MOE-8-7B,4,356,2/28/2024 18:58,10,3,6144,187,5884,25.40,69,31.2207,3.50488,0.370117,27.3447,20.7051
Mixtral-MOE-8-7B,4,357,2/28/2024 18:58,10,3,6144,187,5884,25.42,69,31.2207,3.50684,0.368164,27.3447,20.7031
Mixtral-MOE-8-7B,4,358,2/28/2024 18:59,10,3,6144,187,5884,25.44,69,31.2207,3.50391,0.371094,27.3447,20.7051
Mixtral-MOE-8-7B,4,359,2/28/2024 18:59,10,3,6144,187,5884,25.88,69,31.2207,3.51855,0.356445,27.3447,20.6904
Mixtral-MOE-8-7B,4,360,2/28/2024 18:59,10,3,6144,187,5884,25.57,69,31.2207,3.49609,0.37793,27.3447,20.7129
Mixtral-MOE-8-7B,4,361,2/28/2024 18:59,0,0,6144,187,5884,25.56,69,31.2207,3.48828,0.386719,27.3447,20.7217
Mixtral-MOE-8-7B,4,362,2/28/2024 18:59,10,3,6144,187,5884,25.43,68,31.2207,3.49707,0.37793,27.3447,20.7129
Mixtral-MOE-8-7B,4,363,2/28/2024 18:59,0,0,6144,187,5884,27.94,69,31.2207,3.49902,0.375977,27.3447,20.7109
Mixtral-MOE-8-7B,4,364,2/28/2024 18:59,0,0,6144,187,5884,25.46,69,31.2207,3.49902,0.375977,27.3447,20.7109
Mixtral-MOE-8-7B,4,365,2/28/2024 18:59,0,0,6144,187,5884,26.02,69,31.2207,3.47754,0.397461,27.3447,20.7324
Mixtral-MOE-8-7B,4,366,2/28/2024 18:59,0,0,6144,187,5884,25.43,69,31.2207,3.47949,0.395508,27.3457,20.7305
Mixtral-MOE-8-7B,4,367,2/28/2024 18:59,10,3,6144,187,5884,25.42,69,31.2207,3.48047,0.393555,27.3457,20.7285
Mixtral-MOE-8-7B,4,368,2/28/2024 18:59,10,3,6144,187,5884,25.43,68,31.2207,3.48145,0.392578,27.3457,20.7275
Mixtral-MOE-8-7B,4,369,2/28/2024 18:59,10,3,6144,187,5884,32.28,69,31.2207,3.48145,0.392578,27.3457,20.7275
Mixtral-MOE-8-7B,4,370,2/28/2024 18:59,0,0,6144,187,5884,25.44,69,31.2207,3.48438,0.389648,27.3457,20.7246
Mixtral-MOE-8-7B,4,371,2/28/2024 18:59,10,3,6144,187,5884,25.31,69,31.2207,3.49707,0.376953,27.3457,20.7119
Mixtral-MOE-8-7B,4,372,2/28/2024 18:59,10,3,6144,187,5884,25.42,69,31.2207,3.49707,0.376953,27.3457,20.7119
Mixtral-MOE-8-7B,4,373,2/28/2024 18:59,10,3,6144,187,5884,25.44,69,31.2207,3.48145,0.393555,27.3457,20.7285
Mixtral-MOE-8-7B,4,374,2/28/2024 18:59,10,3,6144,187,5884,25.42,69,31.2207,3.47656,0.397461,27.3457,20.7324
Mixtral-MOE-8-7B,4,375,2/28/2024 18:59,2,1,6144,187,5884,48.43,69,31.2207,3.46777,0.407227,27.3457,20.7422
Mixtral-MOE-8-7B,4,376,2/28/2024 18:59,0,0,6144,187,5884,27.39,69,31.2207,3.48633,0.388672,27.3457,20.7236
Mixtral-MOE-8-7B,4,377,2/28/2024 18:59,0,0,6144,187,5884,25.58,69,31.2207,3.48047,0.393555,27.3457,20.7285
Mixtral-MOE-8-7B,4,378,2/28/2024 18:59,0,0,6144,187,5884,25.42,69,31.2207,3.48047,0.394531,27.3457,20.7295
Mixtral-MOE-8-7B,4,379,2/28/2024 18:59,10,3,6144,187,5884,25.42,69,31.2207,3.48633,0.388672,27.3457,20.7236
Mixtral-MOE-8-7B,4,380,2/28/2024 18:59,10,3,6144,187,5884,25.42,69,31.2207,3.49316,0.381836,27.3457,20.7168
Mixtral-MOE-8-7B,4,381,2/28/2024 18:59,10,3,6144,187,5884,25.43,69,31.2207,3.50098,0.374023,27.3457,20.709
Mixtral-MOE-8-7B,4,382,2/28/2024 18:59,10,3,6144,187,5884,25.44,69,31.2207,3.48438,0.389648,27.3457,20.7246
Mixtral-MOE-8-7B,4,383,2/28/2024 18:59,10,3,6144,187,5884,25.42,69,31.2207,3.4707,0.404297,27.3457,20.7393
Mixtral-MOE-8-7B,4,384,2/28/2024 18:59,10,3,6144,187,5884,25.43,69,31.2207,3.47949,0.395508,27.3457,20.7305
Mixtral-MOE-8-7B,4,385,2/28/2024 18:59,10,3,6144,187,5884,25.42,69,31.2207,3.49414,0.380859,27.3457,20.7158
Mixtral-MOE-8-7B,4,386,2/28/2024 18:59,10,3,6144,187,5884,34.32,69,31.2207,3.46387,0.411133,27.3457,20.7461
Mixtral-MOE-8-7B,4,387,2/28/2024 18:59,10,3,6144,187,5884,26.45,69,31.2207,3.47363,0.401367,27.3457,20.7363
Mixtral-MOE-8-7B,4,388,2/28/2024 18:59,3,1,6144,187,5884,26.16,69,31.2207,3.48438,0.389648,27.3457,20.7246
Mixtral-MOE-8-7B,4,389,2/28/2024 18:59,10,3,6144,187,5884,25.41,69,31.2207,3.48926,0.385742,27.3457,20.7207
Mixtral-MOE-8-7B,4,390,2/28/2024 18:59,10,3,6144,187,5884,25.43,69,31.2207,3.48633,0.388672,27.3457,20.7236
Mixtral-MOE-8-7B,4,391,2/28/2024 18:59,0,0,6144,187,5884,38.89,69,31.2207,3.48828,0.385742,27.3457,20.7207
Mixtral-MOE-8-7B,4,392,2/28/2024 18:59,1,0,6144,2843,3228,25.43,69,31.2207,3.3623,3.09375,24.7637,23.4258
Mixtral-MOE-8-7B,4,393,2/28/2024 18:59,0,0,6144,3485,2586,25.45,68,31.2207,3.32812,6.50781,21.3828,26.8379
Mixtral-MOE-8-7B,5,0,2/28/2024 19:01,0,0,6144,6065,6,4.47,55,31.2207,3.14551,6.68945,21.3838,27.0225
Mixtral-MOE-8-7B,5,1,2/28/2024 19:01,0,0,6144,5989,82,24.42,56,31.2207,3.34961,6.47461,21.3955,26.8086
Mixtral-MOE-8-7B,5,2,2/28/2024 19:01,0,0,6144,5989,82,24.42,56,31.2207,3.33105,6.49316,21.3955,26.8262
Mixtral-MOE-8-7B,5,3,2/28/2024 19:01,21,2,6144,3679,2392,25.94,56,31.2207,3.35449,6.46973,21.3955,26.8037
Mixtral-MOE-8-7B,5,4,2/28/2024 19:01,0,0,6144,3679,2392,26.03,57,31.2207,3.34668,4.59473,23.2783,24.9287
Mixtral-MOE-8-7B,5,5,2/28/2024 19:01,3,0,6144,3033,3038,34.51,57,31.2207,3.42676,3.00977,24.7832,23.3457
Mixtral-MOE-8-7B,5,6,2/28/2024 19:01,0,0,6144,385,5686,24.40,57,31.2207,3.40723,0.716797,27.0957,21.0547
Mixtral-MOE-8-7B,5,7,2/28/2024 19:01,1,0,6144,3037,3034,26.17,57,31.2207,3.34277,3.10449,24.7725,23.4404
Mixtral-MOE-8-7B,5,8,2/28/2024 19:01,0,0,6144,3679,2392,26.17,58,31.2207,3.33398,5.73242,22.1533,26.0654
Mixtral-MOE-8-7B,5,9,2/28/2024 19:01,0,0,6144,3679,2392,26.18,58,31.2207,3.33789,3.41211,24.4697,23.748
Mixtral-MOE-8-7B,5,10,2/28/2024 19:01,0,0,6144,385,5686,26.13,58,31.2207,3.42188,1.83301,25.9658,22.1699
Mixtral-MOE-8-7B,5,11,2/28/2024 19:01,64,6,6144,255,5816,66.20,59,31.2207,3.48145,0.387695,27.3506,20.7266
Mixtral-MOE-8-7B,5,12,2/28/2024 19:01,89,7,6144,255,5816,73.78,61,31.2207,3.47656,0.382812,27.3604,20.7217
Mixtral-MOE-8-7B,5,13,2/28/2024 19:01,88,7,6144,255,5816,73.53,62,31.2207,3.48242,0.375977,27.3604,20.7148
Mixtral-MOE-8-7B,5,14,2/28/2024 19:01,74,7,6144,255,5816,71.12,62,31.2207,3.49121,0.365234,27.3623,20.7041
Mixtral-MOE-8-7B,5,15,2/28/2024 19:01,87,7,6144,255,5816,75.31,63,31.2207,3.48242,0.381836,27.3555,20.7207
Mixtral-MOE-8-7B,5,16,2/28/2024 19:01,83,7,6144,255,5816,64.95,63,31.2207,3.49219,0.380859,27.3467,20.7207
Mixtral-MOE-8-7B,5,17,2/28/2024 19:01,73,7,6144,255,5816,69.07,64,31.2207,3.48047,0.370117,27.3701,20.709
Mixtral-MOE-8-7B,5,18,2/28/2024 19:01,88,7,6144,255,5816,77.00,64,31.2207,3.47559,0.375,27.3701,20.7139
Mixtral-MOE-8-7B,5,19,2/28/2024 19:01,72,7,6144,255,5816,62.36,65,31.2207,3.46973,0.386719,27.3633,20.7256
Mixtral-MOE-8-7B,5,20,2/28/2024 19:01,82,7,6144,255,5816,59.40,65,31.2207,3.48242,0.368164,27.3691,20.707
Mixtral-MOE-8-7B,5,21,2/28/2024 19:01,69,7,6144,255,5816,65.14,66,31.2207,3.47559,0.374023,27.3701,20.7129
Mixtral-MOE-8-7B,5,22,2/28/2024 19:01,100,11,6144,255,5816,74.81,66,31.2207,3.4873,0.365234,27.3662,20.7051
Mixtral-MOE-8-7B,5,23,2/28/2024 19:01,71,6,6144,187,5884,77.32,66,31.2207,3.48535,0.375,27.3594,20.7148
Mixtral-MOE-8-7B,5,24,2/28/2024 19:01,85,7,6144,187,5884,46.58,67,31.2207,3.47266,0.37793,27.3701,20.7168
Mixtral-MOE-8-7B,5,25,2/28/2024 19:01,82,7,6144,187,5884,70.45,67,31.2207,3.47168,0.373047,27.375,20.7119
Mixtral-MOE-8-7B,5,26,2/28/2024 19:01,87,7,6144,187,5884,56.75,67,31.2207,3.46094,0.383789,27.375,20.7227
Mixtral-MOE-8-7B,5,27,2/28/2024 19:01,65,7,6144,187,5884,61.18,68,31.2207,3.46094,0.395508,27.3633,20.7344
Mixtral-MOE-8-7B,5,28,2/28/2024 19:01,85,7,6144,187,5884,57.37,68,31.2207,3.46875,0.387695,27.3633,20.7266
Mixtral-MOE-8-7B,5,29,2/28/2024 19:01,67,7,6144,187,5884,82.71,68,31.2207,3.46191,0.382812,27.375,20.7217
Mixtral-MOE-8-7B,5,30,2/28/2024 19:01,88,7,6144,187,5884,73.31,69,31.2207,3.46094,0.385742,27.373,20.7246
Mixtral-MOE-8-7B,5,31,2/28/2024 19:01,81,7,6144,187,5884,78.47,69,31.2207,3.47656,0.380859,27.3623,20.7207
Mixtral-MOE-8-7B,5,32,2/28/2024 19:01,70,6,6144,187,5884,79.34,69,31.2207,3.47754,0.37793,27.3643,20.7178
Mixtral-MOE-8-7B,5,33,2/28/2024 19:01,68,8,6144,187,5884,70.01,69,31.2207,3.46777,0.388672,27.3633,20.7285
Mixtral-MOE-8-7B,5,34,2/28/2024 19:01,100,12,6144,187,5884,79.18,70,31.2207,3.49219,0.362305,27.3662,20.7012
Mixtral-MOE-8-7B,5,35,2/28/2024 19:01,72,6,6144,187,5884,74.95,70,31.2207,3.50879,0.344727,27.3672,20.6836
Mixtral-MOE-8-7B,5,36,2/28/2024 19:01,77,7,6144,187,5884,73.54,71,31.2207,3.49316,0.361328,27.3652,20.7002
Mixtral-MOE-8-7B,5,37,2/28/2024 19:01,88,7,6144,187,5884,67.52,71,31.2207,3.51758,0.347656,27.3545,20.6865
Mixtral-MOE-8-7B,5,38,2/28/2024 19:01,85,7,6144,187,5884,42.23,71,31.2207,3.51562,0.348633,27.3545,20.6885
Mixtral-MOE-8-7B,5,39,2/28/2024 19:01,80,7,6144,187,5884,68.75,71,31.2207,3.50195,0.363281,27.3545,20.7031
Mixtral-MOE-8-7B,5,40,2/28/2024 19:01,78,7,6144,187,5884,74.16,72,31.2207,3.50195,0.365234,27.3525,20.7051
Mixtral-MOE-8-7B,5,41,2/28/2024 19:01,77,6,6144,187,5884,71.55,72,31.2207,3.50195,0.365234,27.3525,20.7051
Mixtral-MOE-8-7B,5,42,2/28/2024 19:01,100,11,6144,187,5884,74.02,72,31.2207,3.49902,0.368164,27.3525,20.708
Mixtral-MOE-8-7B,5,43,2/28/2024 19:01,0,0,6144,187,5884,34.75,70,31.2207,3.51758,0.348633,27.3535,20.6895
Mixtral-MOE-8-7B,5,44,2/28/2024 19:01,8,3,6144,187,5884,28.65,70,31.2207,3.52832,0.336914,27.3545,20.6787
Mixtral-MOE-8-7B,5,45,2/28/2024 19:01,8,3,6144,187,5884,28.51,70,31.2207,3.53809,0.325195,27.3564,20.668
Mixtral-MOE-8-7B,5,46,2/28/2024 19:01,8,3,6144,187,5884,29.68,69,31.2207,3.5498,0.314453,27.3555,20.6572
Mixtral-MOE-8-7B,5,47,2/28/2024 19:01,8,3,6144,187,5884,28.47,69,31.2207,3.56543,0.294922,27.3594,20.6416
Mixtral-MOE-8-7B,5,48,2/28/2024 19:01,0,0,6144,187,5884,30.62,69,31.2207,3.57715,0.283203,27.3594,20.6299
Mixtral-MOE-8-7B,5,49,2/28/2024 19:01,0,0,6144,187,5884,28.64,69,31.2207,3.56348,0.296875,27.3594,20.6436
Mixtral-MOE-8-7B,5,50,2/28/2024 19:01,8,3,6144,187,5884,28.50,69,31.2207,3.57715,0.291016,27.3516,20.6377
Mixtral-MOE-8-7B,5,51,2/28/2024 19:01,9,3,6144,187,5884,25.43,69,31.2207,3.58105,0.287109,27.3516,20.6338
Mixtral-MOE-8-7B,5,52,2/28/2024 19:01,9,3,6144,187,5884,25.42,69,31.2207,3.56348,0.304688,27.3516,20.6514
Mixtral-MOE-8-7B,5,53,2/28/2024 19:02,9,3,6144,187,5884,25.28,69,31.2207,3.57324,0.293945,27.3516,20.6406
Mixtral-MOE-8-7B,5,54,2/28/2024 19:02,9,3,6144,187,5884,25.58,69,31.2207,3.56445,0.303711,27.3516,20.6504
Mixtral-MOE-8-7B,5,55,2/28/2024 19:02,0,0,6144,187,5884,25.27,68,31.2207,3.5752,0.291992,27.3516,20.6396
Mixtral-MOE-8-7B,5,56,2/28/2024 19:02,9,3,6144,187,5884,25.43,68,31.2207,3.55957,0.308594,27.3516,20.6553
Mixtral-MOE-8-7B,5,57,2/28/2024 19:02,9,3,6144,187,5884,25.27,68,31.2207,3.5752,0.292969,27.3516,20.6396
Mixtral-MOE-8-7B,5,58,2/28/2024 19:02,0,0,6144,187,5884,25.29,68,31.2207,3.55859,0.30957,27.3516,20.6562
Mixtral-MOE-8-7B,5,59,2/28/2024 19:02,9,3,6144,187,5884,26.48,68,31.2207,3.56055,0.3125,27.3467,20.6592
Mixtral-MOE-8-7B,5,60,2/28/2024 19:02,9,3,6144,187,5884,25.28,68,31.2207,3.55664,0.31543,27.3467,20.6621
Mixtral-MOE-8-7B,5,61,2/28/2024 19:02,9,3,6144,187,5884,29.34,68,31.2207,3.5459,0.326172,27.3467,20.6738
Mixtral-MOE-8-7B,5,62,2/28/2024 19:02,9,3,6144,187,5884,25.32,68,31.2207,3.54395,0.328125,27.3467,20.6758
Mixtral-MOE-8-7B,5,63,2/28/2024 19:02,9,3,6144,187,5884,25.58,68,31.2207,3.56641,0.305664,27.3467,20.6533
Mixtral-MOE-8-7B,5,64,2/28/2024 19:02,9,3,6144,187,5884,25.28,68,31.2207,3.56836,0.304688,27.3467,20.6514
Mixtral-MOE-8-7B,5,65,2/28/2024 19:02,9,3,6144,187,5884,25.29,68,31.2207,3.54883,0.323242,27.3467,20.6709
Mixtral-MOE-8-7B,5,66,2/28/2024 19:02,0,0,6144,187,5884,25.42,68,31.2207,3.56348,0.308594,27.3467,20.6562
Mixtral-MOE-8-7B,5,67,2/28/2024 19:02,9,3,6144,187,5884,37.19,68,31.2207,3.57129,0.300781,27.3467,20.6484
Mixtral-MOE-8-7B,5,68,2/28/2024 19:02,9,3,6144,187,5884,25.29,68,31.2207,3.56934,0.303711,27.3467,20.6504
Mixtral-MOE-8-7B,5,69,2/28/2024 19:02,9,3,6144,187,5884,42.62,68,31.2207,3.54102,0.332031,27.3467,20.6787
Mixtral-MOE-8-7B,5,70,2/28/2024 19:02,0,0,6144,187,5884,25.43,68,31.2207,3.54688,0.326172,27.3467,20.6729
Mixtral-MOE-8-7B,5,71,2/28/2024 19:02,9,3,6144,187,5884,25.27,68,31.2207,3.53223,0.34082,27.3467,20.6875
Mixtral-MOE-8-7B,5,72,2/28/2024 19:02,9,3,6144,187,5884,25.42,68,31.2207,3.56055,0.3125,27.3467,20.6592
Mixtral-MOE-8-7B,5,73,2/28/2024 19:02,9,3,6144,187,5884,25.31,68,31.2207,3.55957,0.313477,27.3467,20.6602
Mixtral-MOE-8-7B,5,74,2/28/2024 19:02,9,3,6144,187,5884,25.28,68,31.2207,3.55957,0.3125,27.3467,20.6602
Mixtral-MOE-8-7B,5,75,2/28/2024 19:02,0,0,6144,187,5884,25.30,68,31.2207,3.55469,0.318359,27.3467,20.665
Mixtral-MOE-8-7B,5,76,2/28/2024 19:02,0,0,6144,187,5884,25.28,68,31.2207,3.55664,0.316406,27.3467,20.6631
Mixtral-MOE-8-7B,5,77,2/28/2024 19:02,1,0,6144,187,5884,27.85,68,31.2207,3.55762,0.31543,27.3467,20.6621
Mixtral-MOE-8-7B,5,78,2/28/2024 19:02,9,3,6144,187,5884,25.27,68,31.2207,3.54785,0.325195,27.3467,20.6719
Mixtral-MOE-8-7B,5,79,2/28/2024 19:02,9,3,6144,187,5884,25.58,68,31.2207,3.55762,0.31543,27.3467,20.6621
Mixtral-MOE-8-7B,5,80,2/28/2024 19:02,3,1,6144,187,5884,25.28,68,31.2207,3.56055,0.311523,27.3467,20.6592
Mixtral-MOE-8-7B,5,81,2/28/2024 19:02,0,0,6144,187,5884,42.08,68,31.2207,3.56445,0.308594,27.3467,20.6553
Mixtral-MOE-8-7B,5,82,2/28/2024 19:02,9,3,6144,187,5884,25.28,68,31.2207,3.56543,0.306641,27.3477,20.6533
Mixtral-MOE-8-7B,5,83,2/28/2024 19:02,9,3,6144,187,5884,29.78,68,31.2207,3.54004,0.333008,27.3477,20.6797
Mixtral-MOE-8-7B,5,84,2/28/2024 19:02,0,0,6144,187,5884,25.29,68,31.2207,3.54688,0.326172,27.3477,20.6729
Mixtral-MOE-8-7B,5,85,2/28/2024 19:02,0,0,6144,187,5884,45.93,68,31.2207,3.53613,0.335938,27.3477,20.6836
Mixtral-MOE-8-7B,5,86,2/28/2024 19:02,9,3,6144,187,5884,25.28,68,31.2207,3.55176,0.320312,27.3477,20.668
Mixtral-MOE-8-7B,5,87,2/28/2024 19:02,7,2,6144,187,5884,28.30,68,31.2207,3.55469,0.318359,27.3477,20.665
Mixtral-MOE-8-7B,5,88,2/28/2024 19:02,0,0,6144,187,5884,25.43,68,31.2207,3.56543,0.306641,27.3477,20.6543
Mixtral-MOE-8-7B,5,89,2/28/2024 19:02,0,0,6144,187,5884,25.27,68,31.2207,3.55762,0.311523,27.3506,20.6621
Mixtral-MOE-8-7B,5,90,2/28/2024 19:02,0,0,6144,187,5884,45.28,68,31.2207,3.56445,0.296875,27.3574,20.6553
Mixtral-MOE-8-7B,5,91,2/28/2024 19:02,9,3,6144,187,5884,25.29,68,31.2207,3.60059,0.361328,27.2578,20.6182
Mixtral-MOE-8-7B,5,92,2/28/2024 19:02,0,0,6144,187,5884,25.41,68,31.2207,3.59961,0.349609,27.2715,20.6201
Mixtral-MOE-8-7B,5,93,2/28/2024 19:02,9,3,6144,187,5884,25.27,68,31.2207,3.68066,0.267578,27.2715,20.5391
Mixtral-MOE-8-7B,5,94,2/28/2024 19:02,9,3,6144,187,5884,25.26,68,31.2207,3.67285,0.266602,27.2803,20.5459
Mixtral-MOE-8-7B,5,95,2/28/2024 19:02,0,0,6144,187,5884,25.43,68,31.2207,3.63477,0.304688,27.2803,20.585
Mixtral-MOE-8-7B,5,96,2/28/2024 19:02,9,3,6144,187,5884,25.28,68,31.2207,3.65039,0.289062,27.2803,20.5693
Mixtral-MOE-8-7B,5,97,2/28/2024 19:02,9,3,6144,187,5884,25.61,68,31.2207,3.64844,0.291016,27.2803,20.5713
Mixtral-MOE-8-7B,5,98,2/28/2024 19:02,9,3,6144,187,5884,25.27,68,31.2207,3.6582,0.28125,27.2803,20.5615
Mixtral-MOE-8-7B,5,99,2/28/2024 19:02,0,0,6144,187,5884,26.02,68,31.2207,3.65137,0.288086,27.2803,20.5674
Mixtral-MOE-8-7B,5,100,2/28/2024 19:02,9,3,6144,187,5884,25.27,68,31.2207,3.64453,0.294922,27.2803,20.5752
Mixtral-MOE-8-7B,5,101,2/28/2024 19:02,9,3,6144,187,5884,25.44,68,31.2207,3.63574,0.303711,27.2803,20.583
Mixtral-MOE-8-7B,5,102,2/28/2024 19:02,9,3,6144,187,5884,25.27,68,31.2207,3.64062,0.298828,27.2803,20.5791
Mixtral-MOE-8-7B,5,103,2/28/2024 19:02,9,3,6144,187,5884,25.30,68,31.2207,3.63477,0.304688,27.2803,20.585
Mixtral-MOE-8-7B,5,104,2/28/2024 19:02,9,3,6144,187,5884,25.27,68,31.2207,3.63379,0.305664,27.2803,20.5859
Mixtral-MOE-8-7B,5,105,2/28/2024 19:02,6,2,6144,187,5884,25.28,68,31.2207,3.65039,0.289062,27.2803,20.5693
Mixtral-MOE-8-7B,5,106,2/28/2024 19:02,0,0,6144,187,5884,44.26,68,31.2207,3.63477,0.304688,27.2803,20.585
Mixtral-MOE-8-7B,5,107,2/28/2024 19:02,9,3,6144,187,5884,25.27,68,31.2207,3.63281,0.306641,27.2803,20.5869
Mixtral-MOE-8-7B,5,108,2/28/2024 19:02,9,3,6144,187,5884,26.63,68,31.2207,3.63281,0.306641,27.2803,20.5869
Mixtral-MOE-8-7B,5,109,2/28/2024 19:02,0,0,6144,187,5884,25.41,68,31.2207,3.6377,0.301758,27.2803,20.582
Mixtral-MOE-8-7B,5,110,2/28/2024 19:03,9,3,6144,187,5884,25.43,68,31.2207,3.63477,0.304688,27.2803,20.585
Mixtral-MOE-8-7B,5,111,2/28/2024 19:03,9,3,6144,187,5884,25.26,68,31.2207,3.64062,0.298828,27.2803,20.5791
Mixtral-MOE-8-7B,5,112,2/28/2024 19:03,0,0,6144,187,5884,25.43,68,31.2207,3.64648,0.292969,27.2803,20.5732
Mixtral-MOE-8-7B,5,113,2/28/2024 19:03,1,0,6144,187,5884,37.85,68,31.2207,3.6377,0.301758,27.2803,20.582
Mixtral-MOE-8-7B,5,114,2/28/2024 19:03,9,3,6144,187,5884,25.28,68,31.2207,3.63184,0.307617,27.2803,20.5879
Mixtral-MOE-8-7B,5,115,2/28/2024 19:03,0,0,6144,187,5884,29.32,68,31.2207,3.64941,0.290039,27.2803,20.5703
Mixtral-MOE-8-7B,5,116,2/28/2024 19:03,9,3,6144,187,5884,25.33,68,31.2207,3.63867,0.300781,27.2803,20.5811
Mixtral-MOE-8-7B,5,117,2/28/2024 19:03,1,0,6144,187,5884,33.26,68,31.2207,3.62402,0.314453,27.2803,20.5947
Mixtral-MOE-8-7B,5,118,2/28/2024 19:03,9,3,6144,187,5884,25.28,68,31.2207,3.63086,0.307617,27.2803,20.5879
Mixtral-MOE-8-7B,5,119,2/28/2024 19:03,9,3,6144,187,5884,25.29,68,31.2207,3.64551,0.292969,27.2812,20.5742
Mixtral-MOE-8-7B,5,120,2/28/2024 19:03,0,0,6144,187,5884,25.43,68,31.2207,3.6377,0.301758,27.2812,20.582
Mixtral-MOE-8-7B,5,121,2/28/2024 19:03,9,3,6144,187,5884,25.27,68,31.2207,3.61914,0.319336,27.2812,20.6006
Mixtral-MOE-8-7B,5,122,2/28/2024 19:03,9,3,6144,187,5884,25.41,68,31.2207,3.64551,0.37793,27.1963,20.5742
Mixtral-MOE-8-7B,5,123,2/28/2024 19:03,0,0,6144,187,5884,28.28,68,31.2207,3.61133,0.412109,27.1963,20.6084
Mixtral-MOE-8-7B,5,124,2/28/2024 19:03,0,0,6144,187,5884,25.28,68,31.2207,3.61914,0.404297,27.1963,20.6006
Mixtral-MOE-8-7B,5,125,2/28/2024 19:03,9,3,6144,187,5884,25.28,68,31.2207,3.62402,0.398438,27.1963,20.5947
Mixtral-MOE-8-7B,5,126,2/28/2024 19:03,9,3,6144,187,5884,26.96,68,31.2207,3.61719,0.405273,27.1963,20.6016
Mixtral-MOE-8-7B,5,127,2/28/2024 19:03,9,3,6144,187,5884,25.27,68,31.2207,3.60938,0.413086,27.1963,20.6094
Mixtral-MOE-8-7B,5,128,2/28/2024 19:03,9,3,6144,187,5884,37.95,68,31.2207,3.62012,0.40332,27.1963,20.5996
Mixtral-MOE-8-7B,5,129,2/28/2024 19:03,1,0,6144,187,5884,25.28,68,31.2207,3.60449,0.417969,27.1963,20.6143
Mixtral-MOE-8-7B,5,130,2/28/2024 19:03,0,0,6144,187,5884,25.28,68,31.2207,3.60938,0.414062,27.1963,20.6104
Mixtral-MOE-8-7B,5,131,2/28/2024 19:03,0,0,6144,187,5884,27.87,68,31.2207,3.60254,0.420898,27.1963,20.6172
Mixtral-MOE-8-7B,5,132,2/28/2024 19:03,9,3,6144,187,5884,25.29,68,31.2207,3.61035,0.412109,27.1963,20.6084
Mixtral-MOE-8-7B,5,133,2/28/2024 19:03,9,3,6144,187,5884,29.35,68,31.2207,3.62402,0.398438,27.1963,20.5947
Mixtral-MOE-8-7B,5,134,2/28/2024 19:03,9,3,6144,187,5884,25.43,68,31.2207,3.61719,0.40625,27.1963,20.6025
Mixtral-MOE-8-7B,5,135,2/28/2024 19:03,5,2,6144,187,5884,25.28,68,31.2207,3.59766,0.425781,27.1963,20.6221
Mixtral-MOE-8-7B,5,136,2/28/2024 19:03,9,3,6144,187,5884,25.43,68,31.2207,3.59375,0.429688,27.1963,20.626
Mixtral-MOE-8-7B,5,137,2/28/2024 19:03,9,3,6144,187,5884,46.58,68,31.2207,3.59961,0.422852,27.1963,20.6191
Mixtral-MOE-8-7B,5,138,2/28/2024 19:03,8,3,6144,187,5884,25.42,68,31.2207,3.6084,0.414062,27.1963,20.6104
Mixtral-MOE-8-7B,5,139,2/28/2024 19:03,0,0,6144,187,5884,40.24,68,31.2207,3.59375,0.428711,27.1963,20.625
Mixtral-MOE-8-7B,5,140,2/28/2024 19:03,9,3,6144,187,5884,25.28,68,31.2207,3.60254,0.420898,27.1963,20.6172
Mixtral-MOE-8-7B,5,141,2/28/2024 19:03,9,3,6144,187,5884,25.29,68,31.2207,3.61816,0.405273,27.1963,20.6016
Mixtral-MOE-8-7B,5,142,2/28/2024 19:03,0,0,6144,187,5884,25.42,68,31.2207,3.60742,0.416016,27.1963,20.6123
Mixtral-MOE-8-7B,5,143,2/28/2024 19:03,9,3,6144,187,5884,25.43,68,31.2207,3.61621,0.407227,27.1963,20.6035
Mixtral-MOE-8-7B,5,144,2/28/2024 19:03,0,0,6144,187,5884,25.57,68,31.2207,3.61328,0.410156,27.1963,20.6064
Mixtral-MOE-8-7B,5,145,2/28/2024 19:03,9,3,6144,187,5884,25.28,68,31.2207,3.60449,0.417969,27.1963,20.6152
Mixtral-MOE-8-7B,5,146,2/28/2024 19:03,9,3,6144,187,5884,25.87,68,31.2207,3.59375,0.428711,27.1963,20.626
Mixtral-MOE-8-7B,5,147,2/28/2024 19:03,9,3,6144,187,5884,25.42,68,31.2207,3.60938,0.414062,27.1963,20.6104
Mixtral-MOE-8-7B,5,148,2/28/2024 19:03,0,0,6144,187,5884,25.59,68,31.2207,3.59863,0.424805,27.1963,20.6211
Mixtral-MOE-8-7B,5,149,2/28/2024 19:03,0,0,6144,187,5884,25.29,68,31.2207,3.61426,0.405273,27.1992,20.6045
Mixtral-MOE-8-7B,5,150,2/28/2024 19:03,0,0,6144,187,5884,25.43,68,31.2207,3.62012,0.400391,27.2002,20.5996
Mixtral-MOE-8-7B,5,151,2/28/2024 19:03,9,3,6144,187,5884,25.59,68,31.2207,3.63184,0.386719,27.2012,20.5879
Mixtral-MOE-8-7B,5,152,2/28/2024 19:03,9,3,6144,187,5884,25.44,68,31.2207,3.64941,0.367188,27.2031,20.5703
Mixtral-MOE-8-7B,5,153,2/28/2024 19:03,9,3,6144,187,5884,37.18,68,31.2207,3.62695,0.388672,27.2031,20.5918
Mixtral-MOE-8-7B,5,154,2/28/2024 19:03,9,3,6144,187,5884,25.42,68,31.2207,3.62598,0.390625,27.2031,20.5938
Mixtral-MOE-8-7B,5,155,2/28/2024 19:03,9,3,6144,187,5884,25.42,68,31.2207,3.63672,0.379883,27.2031,20.583
Mixtral-MOE-8-7B,5,156,2/28/2024 19:03,0,0,6144,187,5884,25.43,68,31.2207,3.63867,0.37793,27.2031,20.5811
Mixtral-MOE-8-7B,5,157,2/28/2024 19:03,9,3,6144,187,5884,25.43,68,31.2207,3.63184,0.383789,27.2031,20.5869
Mixtral-MOE-8-7B,5,158,2/28/2024 19:03,9,3,6144,187,5884,26.02,68,31.2207,3.61719,0.399414,27.2031,20.6025
Mixtral-MOE-8-7B,5,159,2/28/2024 19:03,9,3,6144,187,5884,25.27,68,31.2207,3.61816,0.397461,27.2031,20.6006
Mixtral-MOE-8-7B,5,160,2/28/2024 19:03,0,0,6144,187,5884,25.56,68,31.2207,3.61816,0.398438,27.2031,20.6016
Mixtral-MOE-8-7B,5,161,2/28/2024 19:03,9,3,6144,187,5884,25.42,68,31.2207,3.61035,0.405273,27.2031,20.6084
Mixtral-MOE-8-7B,5,162,2/28/2024 19:03,9,3,6144,187,5884,25.44,68,31.2207,3.61719,0.399414,27.2031,20.6025
Mixtral-MOE-8-7B,5,163,2/28/2024 19:03,9,3,6144,187,5884,25.28,68,31.2207,3.62012,0.396484,27.2041,20.5996
Mixtral-MOE-8-7B,5,164,2/28/2024 19:03,0,0,6144,187,5884,25.87,69,31.2207,3.62109,0.394531,27.2041,20.5977
Mixtral-MOE-8-7B,5,165,2/28/2024 19:03,9,3,6144,187,5884,25.28,68,31.2207,3.62305,0.393555,27.2041,20.5967
Mixtral-MOE-8-7B,5,166,2/28/2024 19:03,0,0,6144,187,5884,25.44,68,31.2207,3.61719,0.398438,27.2041,20.6025
Mixtral-MOE-8-7B,5,167,2/28/2024 19:03,3,1,6144,187,5884,25.57,69,31.2207,3.61133,0.405273,27.2041,20.6084
Mixtral-MOE-8-7B,5,168,2/28/2024 19:04,9,3,6144,187,5884,25.42,68,31.2207,3.60156,0.414062,27.2041,20.6182
Mixtral-MOE-8-7B,5,169,2/28/2024 19:04,9,3,6144,187,5884,25.57,68,31.2207,3.6084,0.407227,27.2041,20.6104
Mixtral-MOE-8-7B,5,170,2/28/2024 19:04,9,3,6144,187,5884,25.43,68,31.2207,3.62402,0.391602,27.2041,20.5957
Mixtral-MOE-8-7B,5,171,2/28/2024 19:04,2,1,6144,187,5884,25.58,69,31.2207,3.61719,0.398438,27.2041,20.6025
Mixtral-MOE-8-7B,5,172,2/28/2024 19:04,9,3,6144,187,5884,25.41,69,31.2207,3.61719,0.398438,27.2041,20.6016
Mixtral-MOE-8-7B,5,173,2/28/2024 19:04,9,3,6144,187,5884,25.43,69,31.2207,3.62109,0.395508,27.2041,20.5986
Mixtral-MOE-8-7B,5,174,2/28/2024 19:04,9,3,6144,187,5884,25.42,69,31.2207,3.59961,0.416992,27.2041,20.6201
Mixtral-MOE-8-7B,5,175,2/28/2024 19:04,7,2,6144,187,5884,38.07,69,31.2207,3.6084,0.408203,27.2041,20.6113
Mixtral-MOE-8-7B,5,176,2/28/2024 19:04,0,0,6144,187,5884,25.56,69,31.2207,3.6123,0.40332,27.2041,20.6064
Mixtral-MOE-8-7B,5,177,2/28/2024 19:04,0,0,6144,187,5884,25.44,69,31.2207,3.62207,0.394531,27.2041,20.5977
Mixtral-MOE-8-7B,5,178,2/28/2024 19:04,9,3,6144,187,5884,25.85,69,31.2207,3.62695,0.388672,27.2041,20.5918
Mixtral-MOE-8-7B,5,179,2/28/2024 19:04,9,3,6144,187,5884,25.45,69,31.2207,3.61621,0.398438,27.2051,20.6035
Mixtral-MOE-8-7B,5,180,2/28/2024 19:04,9,3,6144,187,5884,25.43,69,31.2207,3.60449,0.410156,27.2051,20.6152
Mixtral-MOE-8-7B,5,181,2/28/2024 19:04,0,0,6144,187,5884,25.43,69,31.2207,3.60254,0.412109,27.2051,20.6172
Mixtral-MOE-8-7B,5,182,2/28/2024 19:04,9,3,6144,187,5884,25.43,68,31.2207,3.62305,0.391602,27.2051,20.5967
Mixtral-MOE-8-7B,5,183,2/28/2024 19:04,10,3,6144,187,5884,25.42,68,31.2207,3.6123,0.402344,27.2051,20.6074
Mixtral-MOE-8-7B,5,184,2/28/2024 19:04,8,3,6144,187,5884,45.97,69,31.2207,3.59668,0.417969,27.2051,20.6221
Mixtral-MOE-8-7B,5,185,2/28/2024 19:04,10,3,6144,187,5884,25.59,69,31.2207,3.59375,0.420898,27.2051,20.626
Mixtral-MOE-8-7B,5,186,2/28/2024 19:04,9,3,6144,187,5884,25.42,69,31.2207,3.58984,0.424805,27.2051,20.6299
Mixtral-MOE-8-7B,5,187,2/28/2024 19:04,10,3,6144,187,5884,25.43,69,31.2207,3.60352,0.410156,27.2051,20.6152
Mixtral-MOE-8-7B,5,188,2/28/2024 19:04,10,3,6144,187,5884,25.44,69,31.2207,3.60645,0.407227,27.2051,20.6123
Mixtral-MOE-8-7B,5,189,2/28/2024 19:04,10,3,6144,187,5884,42.54,69,31.2207,3.61035,0.404297,27.2051,20.6094
Mixtral-MOE-8-7B,5,190,2/28/2024 19:04,10,3,6144,187,5884,25.42,69,31.2207,3.59766,0.416992,27.2051,20.6211
Mixtral-MOE-8-7B,5,191,2/28/2024 19:04,10,3,6144,187,5884,25.44,69,31.2207,3.5957,0.418945,27.2051,20.624
Mixtral-MOE-8-7B,5,192,2/28/2024 19:04,10,3,6144,187,5884,38.90,69,31.2207,3.59766,0.416992,27.2051,20.6221
Mixtral-MOE-8-7B,5,193,2/28/2024 19:04,0,0,6144,187,5884,25.43,69,31.2207,3.58691,0.427734,27.2051,20.6328
Mixtral-MOE-8-7B,5,194,2/28/2024 19:04,0,0,6144,187,5884,44.06,69,31.2207,3.58887,0.424805,27.2051,20.6299
Mixtral-MOE-8-7B,5,195,2/28/2024 19:04,10,3,6144,187,5884,25.42,69,31.2207,3.60547,0.408203,27.2051,20.6133
Mixtral-MOE-8-7B,5,196,2/28/2024 19:04,10,3,6144,187,5884,25.44,69,31.2207,3.60938,0.404297,27.2051,20.6094
Mixtral-MOE-8-7B,5,197,2/28/2024 19:04,10,3,6144,187,5884,27.13,69,31.2207,3.60742,0.407227,27.2051,20.6123
Mixtral-MOE-8-7B,5,198,2/28/2024 19:04,10,3,6144,187,5884,25.43,69,31.2207,3.60156,0.413086,27.2051,20.6172
Mixtral-MOE-8-7B,5,199,2/28/2024 19:04,0,0,6144,187,5884,25.43,69,31.2207,3.60254,0.412109,27.2051,20.6172
Mixtral-MOE-8-7B,5,200,2/28/2024 19:04,0,0,6144,187,5884,25.58,69,31.2207,3.60254,0.412109,27.2051,20.6162
Mixtral-MOE-8-7B,5,201,2/28/2024 19:04,39,10,6144,2839,3232,25.45,69,31.2207,3.53516,0.479492,27.2051,20.6836
Mixtral-MOE-8-7B,5,202,2/28/2024 19:04,0,0,6144,2843,3228,25.41,69,31.2207,3.47852,4.82812,22.9141,25.0283
Phi,1,0,2/28/2024 12:20,0,0,6144,6065,6,4.03,41,31.2207,2.59863,22.6592,5.96191,27.5713
Phi,1,1,2/28/2024 12:20,0,0,6144,5429,642,23.57,42,31.2207,2.82227,22.2402,6.15723,27.1533
Phi,1,2,2/28/2024 12:20,65,11,6144,4999,1072,30.00,43,31.2207,2.83008,21.8154,6.57324,26.7285
Phi,1,3,2/28/2024 12:20,58,10,6144,4999,1072,39.29,46,31.2207,2.83105,21.8184,6.57031,26.7314
Phi,1,4,2/28/2024 12:20,59,11,6144,4839,1232,47.76,46,31.2207,2.83301,21.8164,6.57031,26.7295
Phi,1,5,2/28/2024 12:20,54,9,6144,4839,1232,52.42,47,31.2207,2.8252,21.8242,6.57031,26.7373
Phi,1,6,2/28/2024 12:20,57,10,6144,4839,1232,66.62,47,31.2207,2.82422,21.8252,6.57031,26.7383
Phi,1,7,2/28/2024 12:20,83,24,6144,4839,1232,72.95,48,31.2207,2.82422,21.8252,6.57031,26.7383
Phi,1,8,2/28/2024 12:20,12,6,6144,4839,1232,48.83,47,31.2207,2.8291,21.8154,6.57617,26.7285
Phi,1,9,2/28/2024 12:20,6,3,6144,4839,1232,28.14,47,31.2207,2.83496,21.792,6.59277,26.7051
Phi,1,10,2/28/2024 12:20,7,3,6144,4839,1232,26.90,47,31.2207,2.84375,21.7861,6.58984,26.6992
Phi,1,11,2/28/2024 12:20,14,6,6144,4839,1232,25.23,47,31.2207,2.83203,21.8027,6.58594,26.7158
Phi,1,12,2/28/2024 12:20,7,3,6144,4839,1232,24.17,47,31.2207,2.83398,21.7578,6.62695,26.6719
Phi,1,13,2/28/2024 12:21,7,3,6144,4839,1232,23.86,47,31.2207,2.83887,21.7842,6.59668,26.6973
Phi,1,14,2/28/2024 12:21,7,3,6144,4839,1232,36.15,47,31.2207,2.84473,21.7812,6.59473,26.6943
Phi,1,15,2/28/2024 12:21,9,4,6144,4839,1232,42.23,48,31.2207,2.84766,21.7852,6.58691,26.6982
Phi,1,16,2/28/2024 12:21,14,6,6144,4839,1232,31.73,48,31.2207,2.85059,21.7588,6.61035,26.6719
Phi,1,17,2/28/2024 12:21,9,4,6144,4839,1232,23.87,48,31.2207,2.8418,21.79,6.58789,26.7031
Phi,1,18,2/28/2024 12:21,7,3,6144,4839,1232,33.30,48,31.2207,2.84277,21.7705,6.60645,26.6836
Phi,1,19,2/28/2024 12:21,14,6,6144,4839,1232,24.01,48,31.2207,2.83105,21.8027,6.58594,26.7158
Phi,1,20,2/28/2024 12:21,14,6,6144,4839,1232,24.01,49,31.2207,2.83691,21.7979,6.58496,26.7119
Phi,1,21,2/28/2024 12:21,11,5,6144,4839,1232,24.02,49,31.2207,2.83789,21.7773,6.60352,26.6904
Phi,1,22,2/28/2024 12:21,12,6,6144,4839,1232,43.19,49,31.2207,2.83594,21.7725,6.61133,26.6855
Phi,1,23,2/28/2024 12:21,12,5,6144,4839,1232,24.17,49,31.2207,2.83789,21.7549,6.62793,26.668
Phi,1,24,2/28/2024 12:21,7,3,6144,4839,1232,37.92,49,31.2207,2.83691,21.7754,6.60742,26.6885
Phi,1,25,2/28/2024 12:21,12,6,6144,4839,1232,25.69,50,31.2207,2.83691,21.7783,6.60547,26.6914
Phi,1,26,2/28/2024 12:21,14,6,6144,4839,1232,24.02,50,31.2207,2.83398,21.7979,6.58887,26.7109
Phi,1,27,2/28/2024 12:21,7,3,6144,4839,1232,34.83,50,31.2207,2.83594,21.7949,6.58887,26.709
Phi,1,28,2/28/2024 12:21,9,4,6144,4839,1232,24.02,50,31.2207,2.84082,21.79,6.58887,26.7031
Phi,1,29,2/28/2024 12:21,7,3,6144,4839,1232,24.01,50,31.2207,2.86426,21.7695,6.58594,26.6826
Phi,1,30,2/28/2024 12:21,14,7,6144,4839,1232,28.79,51,31.2207,2.8623,21.7715,6.58594,26.6846
Phi,1,31,2/28/2024 12:21,12,5,6144,4839,1232,24.02,51,31.2207,2.86328,21.7695,6.58594,26.6826
Phi,1,32,2/28/2024 12:21,13,6,6144,4839,1232,27.64,51,31.2207,2.86523,21.7686,6.58594,26.6816
Phi,1,33,2/28/2024 12:21,15,7,6144,4839,1232,24.16,51,31.2207,2.85547,21.7773,6.58594,26.6914
Phi,1,34,2/28/2024 12:21,13,6,6144,4839,1232,26.59,51,31.2207,2.85742,21.7764,6.58594,26.6895
Phi,1,35,2/28/2024 12:21,13,6,6144,4839,1232,24.33,52,31.2207,2.85645,21.7764,6.58594,26.6895
Phi,1,36,2/28/2024 12:21,14,6,6144,4839,1232,27.58,52,31.2207,2.85352,21.7793,6.58594,26.6934
Phi,1,37,2/28/2024 12:21,8,4,6144,4839,1232,24.31,52,31.2207,2.85547,21.7783,6.58594,26.6914
Phi,1,38,2/28/2024 12:21,7,3,6144,4839,1232,28.80,52,31.2207,2.85449,21.7783,6.58594,26.6914
Phi,1,39,2/28/2024 12:21,15,7,6144,4839,1232,24.15,52,31.2207,2.85254,21.7812,6.58594,26.6943
Phi,1,40,2/28/2024 12:21,15,7,6144,4839,1232,25.83,53,31.2207,2.85352,21.7803,6.58594,26.6934
Phi,1,41,2/28/2024 12:21,15,7,6144,4839,1232,24.30,53,31.2207,2.85449,21.7793,6.58594,26.6924
Phi,1,42,2/28/2024 12:21,15,7,6144,4839,1232,24.17,53,31.2207,2.85449,21.7783,6.58594,26.6924
Phi,1,43,2/28/2024 12:21,12,5,6144,4839,1232,26.27,53,31.2207,2.8623,21.7793,6.57812,26.6924
Phi,1,44,2/28/2024 12:21,10,4,6144,4839,1232,24.32,53,31.2207,2.86328,21.7783,6.57812,26.6914
Phi,1,45,2/28/2024 12:21,11,5,6144,4839,1232,38.38,53,31.2207,2.86426,21.7773,6.57812,26.6904
Phi,1,46,2/28/2024 12:21,15,7,6144,4839,1232,24.31,53,31.2207,2.86719,21.7754,6.57715,26.6885
Phi,1,47,2/28/2024 12:21,15,7,6144,4839,1232,37.67,53,31.2207,2.86621,21.7773,6.57715,26.6904
Phi,1,48,2/28/2024 12:21,15,7,6144,4839,1232,26.27,54,31.2207,2.8584,21.7842,6.57715,26.6973
Phi,1,49,2/28/2024 12:21,15,7,6144,4839,1232,24.32,54,31.2207,2.85742,21.7852,6.57715,26.6992
Phi,1,50,2/28/2024 12:21,15,7,6144,4839,1232,40.88,54,31.2207,2.8584,21.7852,6.57715,26.6982
Phi,1,51,2/28/2024 12:21,8,3,6144,4839,1232,40.17,54,31.2207,2.85742,21.7852,6.57715,26.6982
Phi,1,52,2/28/2024 12:21,15,7,6144,4839,1232,30.01,54,31.2207,2.85742,21.7852,6.57715,26.6992
Phi,1,53,2/28/2024 12:21,15,7,6144,4839,1232,24.77,54,31.2207,2.8584,21.7842,6.57715,26.6973
Phi,1,54,2/28/2024 12:21,15,7,6144,4839,1232,24.46,54,31.2207,2.8584,21.7852,6.57715,26.6982
Phi,1,55,2/28/2024 12:21,8,3,6144,4839,1232,24.32,55,31.2207,2.85742,21.7852,6.57715,26.6982
Phi,1,56,2/28/2024 12:21,10,4,6144,4839,1232,26.28,55,31.2207,2.85742,21.7852,6.57715,26.6982
Phi,1,57,2/28/2024 12:21,8,3,6144,4839,1232,24.60,55,31.2207,2.85449,21.7881,6.57715,26.7021
Phi,1,58,2/28/2024 12:21,8,3,6144,4839,1232,24.31,55,31.2207,2.85352,21.7891,6.57715,26.7021
Phi,1,59,2/28/2024 12:21,16,7,6144,4839,1232,35.57,55,31.2207,2.85449,21.7881,6.57715,26.7021
Phi,1,60,2/28/2024 12:21,8,3,6144,4839,1232,36.24,55,31.2207,2.86328,21.7793,6.57715,26.6924
Phi,1,61,2/28/2024 12:21,15,7,6144,4839,1232,40.15,55,31.2207,2.86621,21.7764,6.57715,26.6895
Phi,1,62,2/28/2024 12:21,16,7,6144,4839,1232,25.20,56,31.2207,2.87598,21.7666,6.57715,26.6797
Phi,1,63,2/28/2024 12:21,16,7,6144,4839,1232,24.45,55,31.2207,2.86816,21.7754,6.57715,26.6885
Phi,1,64,2/28/2024 12:21,8,3,6144,4839,1232,24.32,56,31.2207,2.86719,21.7754,6.57715,26.6885
Phi,1,65,2/28/2024 12:21,10,5,6144,4839,1232,42.23,56,31.2207,2.85547,21.7871,6.57715,26.7002
Phi,1,66,2/28/2024 12:21,16,7,6144,4839,1232,24.31,56,31.2207,2.85645,21.7861,6.57715,26.7002
Phi,3,0,2/28/2024 12:28,0,0,6144,6065,6,4.03,43,31.2207,2.69824,22.5049,6.01562,27.4307
Phi,3,1,2/28/2024 12:28,9,1,6144,5429,642,23.71,44,31.2207,2.9209,22.1582,6.14062,27.083
Phi,3,2,2/28/2024 12:28,55,9,6144,4999,1072,38.25,45,31.2207,2.93457,21.6611,6.625,26.5859
Phi,3,3,2/28/2024 12:28,61,11,6144,4999,1072,39.16,47,31.2207,2.93262,21.6709,6.61719,26.5967
Phi,3,4,2/28/2024 12:28,57,10,6144,4839,1232,79.05,48,31.2207,2.93359,21.6699,6.61621,26.5957
Phi,3,5,2/28/2024 12:28,55,10,6144,4839,1232,76.12,49,31.2207,2.92285,21.6807,6.61621,26.6055
Phi,3,6,2/28/2024 12:28,60,10,6144,4839,1232,41.01,49,31.2207,2.92383,21.6797,6.61621,26.6055
Phi,3,7,2/28/2024 12:28,55,8,6144,4839,1232,83.64,50,31.2207,2.92383,21.6797,6.61621,26.6055
Phi,3,8,2/28/2024 12:28,12,6,6144,4839,1232,30.44,49,31.2207,2.92676,21.6768,6.61621,26.6025
Phi,3,9,2/28/2024 12:28,6,3,6144,4839,1232,31.77,49,31.2207,2.92969,21.6738,6.61621,26.5986
Phi,3,10,2/28/2024 12:28,14,6,6144,4839,1232,30.89,48,31.2207,2.93359,21.6699,6.61621,26.5957
Phi,3,11,2/28/2024 12:28,14,6,6144,4839,1232,31.33,48,31.2207,2.93457,21.6689,6.61621,26.5947
Phi,3,12,2/28/2024 12:28,14,6,6144,4839,1232,41.65,49,31.2207,2.93555,21.668,6.61621,26.5938
Phi,3,13,2/28/2024 12:28,14,6,6144,4839,1232,24.02,49,31.2207,2.91406,21.6895,6.61621,26.6152
Phi,3,14,2/28/2024 12:28,7,3,6144,4839,1232,24.62,49,31.2207,2.91504,21.6885,6.61621,26.6143
Phi,3,15,2/28/2024 12:28,14,6,6144,4839,1232,25.99,49,31.2207,2.91504,21.6885,6.61621,26.6133
Phi,3,16,2/28/2024 12:28,13,6,6144,4839,1232,34.41,49,31.2207,2.91406,21.6895,6.61621,26.6152
Phi,3,17,2/28/2024 12:28,14,6,6144,4839,1232,24.02,50,31.2207,2.91406,21.6895,6.61621,26.6143
Phi,3,18,2/28/2024 12:28,13,6,6144,4839,1232,25.07,50,31.2207,2.92285,21.6807,6.61621,26.6064
Phi,3,19,2/28/2024 12:29,14,6,6144,4839,1232,30.74,50,31.2207,2.91309,21.6904,6.61621,26.6152
Phi,3,20,2/28/2024 12:29,7,3,6144,4839,1232,39.32,50,31.2207,2.91602,21.6875,6.61621,26.6133
Phi,3,21,2/28/2024 12:29,14,6,6144,4839,1232,24.01,50,31.2207,2.91406,21.6895,6.61621,26.6143
Phi,3,22,2/28/2024 12:29,14,6,6144,4839,1232,24.16,51,31.2207,2.91406,21.6895,6.61621,26.6152
Phi,3,23,2/28/2024 12:29,11,5,6144,4839,1232,26.58,51,31.2207,2.91211,21.6914,6.61621,26.6172
Phi,3,24,2/28/2024 12:29,11,5,6144,4839,1232,24.01,51,31.2207,2.91406,21.6895,6.61621,26.6152
Phi,3,25,2/28/2024 12:29,14,7,6144,4839,1232,24.17,51,31.2207,2.91406,21.6895,6.61621,26.6152
Phi,3,26,2/28/2024 12:29,14,7,6144,4839,1232,24.47,52,31.2207,2.91504,21.6885,6.61621,26.6143
Phi,3,27,2/28/2024 12:29,10,5,6144,4839,1232,30.74,52,31.2207,2.91406,21.6895,6.61621,26.6152
Phi,3,28,2/28/2024 12:29,14,6,6144,4839,1232,24.18,52,31.2207,2.91406,21.6895,6.61621,26.6152
Phi,3,29,2/28/2024 12:29,14,7,6144,4839,1232,24.62,52,31.2207,2.91504,21.6885,6.61621,26.6143
Phi,3,30,2/28/2024 12:29,15,7,6144,4839,1232,36.03,52,31.2207,2.91406,21.6895,6.61621,26.6152
Phi,3,31,2/28/2024 12:29,15,7,6144,4839,1232,26.13,53,31.2207,2.91406,21.6895,6.61621,26.6152
Phi,3,32,2/28/2024 12:29,15,7,6144,4839,1232,24.17,53,31.2207,2.91406,21.6895,6.61621,26.6152
Phi,3,33,2/28/2024 12:29,15,7,6144,4839,1232,24.76,53,31.2207,2.91406,21.6895,6.61621,26.6143
Phi,3,34,2/28/2024 12:29,12,5,6144,4839,1232,39.28,53,31.2207,2.91504,21.6885,6.61621,26.6143
Phi,3,35,2/28/2024 12:29,15,7,6144,4839,1232,24.60,53,31.2207,2.91504,21.6885,6.61621,26.6143
Phi,3,36,2/28/2024 12:29,7,3,6144,4839,1232,38.98,53,31.2207,2.91504,21.6885,6.61621,26.6133
Phi,3,37,2/28/2024 12:29,14,6,6144,4839,1232,24.31,53,31.2207,2.91504,21.6885,6.61621,26.6143
Phi,3,38,2/28/2024 12:29,15,7,6144,4839,1232,26.59,54,31.2207,2.91504,21.6885,6.61621,26.6143
Phi,3,39,2/28/2024 12:29,15,7,6144,4839,1232,24.60,54,31.2207,2.91602,21.6875,6.61621,26.6133
Phi,3,40,2/28/2024 12:29,15,7,6144,4839,1232,41.92,54,31.2207,2.91699,21.6865,6.61621,26.6113
Phi,3,41,2/28/2024 12:29,15,6,6144,4839,1232,25.97,54,31.2207,2.91797,21.6865,6.61621,26.6113
Phi,3,42,2/28/2024 12:29,7,3,6144,4839,1232,24.91,54,31.2207,2.92188,21.6816,6.61621,26.6074
Phi,3,43,2/28/2024 12:29,7,3,6144,4839,1232,24.60,54,31.2207,2.93262,21.6709,6.61621,26.5967
Phi,3,44,2/28/2024 12:29,15,7,6144,4839,1232,39.89,55,31.2207,2.93359,21.6699,6.61621,26.5957
Phi,3,45,2/28/2024 12:29,15,7,6144,4839,1232,25.98,55,31.2207,2.93555,21.668,6.61621,26.5938
Phi,3,46,2/28/2024 12:29,15,7,6144,4839,1232,24.60,55,31.2207,2.93555,21.668,6.61621,26.5938
Phi,3,47,2/28/2024 12:29,15,7,6144,4839,1232,24.32,55,31.2207,2.93652,21.667,6.61621,26.5928
Phi,3,48,2/28/2024 12:29,8,3,6144,4839,1232,35.79,55,31.2207,2.93457,21.6689,6.61621,26.5947
Phi,3,49,2/28/2024 12:29,8,3,6144,4839,1232,24.60,55,31.2207,2.93555,21.668,6.61621,26.5928
Phi,3,50,2/28/2024 12:29,15,7,6144,4839,1232,24.46,55,31.2207,2.93652,21.667,6.61621,26.5918
Phi,3,51,2/28/2024 12:29,15,7,6144,4839,1232,35.59,55,31.2207,2.93457,21.6689,6.61621,26.5947
Phi,3,52,2/28/2024 12:29,15,7,6144,4839,1232,26.28,55,31.2207,2.93555,21.668,6.61621,26.5938
Phi,3,53,2/28/2024 12:29,8,3,6144,4839,1232,24.31,56,31.2207,2.95703,21.6465,6.61621,26.5723
Phi,3,54,2/28/2024 12:29,8,3,6144,4839,1232,35.49,56,31.2207,2.96387,21.6377,6.61816,26.5645
Phi,3,55,2/28/2024 12:29,15,7,6144,4839,1232,24.45,56,31.2207,2.96191,21.6152,6.64258,26.541
Phi,3,56,2/28/2024 12:29,8,3,6144,4839,1232,24.46,56,31.2207,2.98145,21.5801,6.6582,26.5098
Phi,3,57,2/28/2024 12:29,12,5,6144,4839,1232,25.04,56,31.2207,2.98145,21.6025,6.63574,26.5322
Phi,3,58,2/28/2024 12:29,9,4,6144,4839,1232,30.56,56,31.2207,2.94727,21.6357,6.63672,26.5654
Phi,3,59,2/28/2024 12:29,14,6,6144,4839,1232,24.60,56,31.2207,2.93945,21.6367,6.64355,26.5664
Phi,3,60,2/28/2024 12:29,8,3,6144,4839,1232,24.45,57,31.2207,2.93555,21.6465,6.6377,26.5762
Phi,3,61,2/28/2024 12:29,15,7,6144,4839,1232,42.13,57,31.2207,2.97168,21.584,6.66406,26.5137
Phi,3,62,2/28/2024 12:29,16,7,6144,4839,1232,24.89,57,31.2207,2.97559,21.5762,6.66797,26.5059
Phi,3,63,2/28/2024 12:29,8,3,6144,4839,1232,29.34,57,31.2207,2.97949,21.6113,6.62891,26.541
Phi,3,64,2/28/2024 12:29,8,3,6144,4839,1232,26.12,57,31.2207,2.94238,21.6309,6.64648,26.5605
Phi,3,65,2/28/2024 12:29,12,5,6144,4839,1232,24.45,57,31.2207,2.94434,21.6377,6.6377,26.5674
Phi,3,66,2/28/2024 12:29,19,8,6144,5017,1054,29.07,57,31.2207,2.93848,21.6885,6.59277,26.6182
Phi,5,0,2/28/2024 12:35,0,0,6144,6065,6,4.03,44,31.2207,2.64648,22.5586,6.01465,27.4873
Phi,5,1,2/28/2024 12:35,0,0,6144,5429,642,23.72,45,31.2207,2.87305,22.1689,6.17773,27.0986
Phi,5,2,2/28/2024 12:35,66,11,6144,4999,1072,35.18,46,31.2207,2.89453,21.7031,6.62207,26.6328
Phi,5,3,2/28/2024 12:35,60,10,6144,4999,1072,51.36,49,31.2207,2.8877,21.71,6.62207,26.6396
Phi,5,4,2/28/2024 12:35,56,10,6144,4839,1232,65.49,49,31.2207,2.88477,21.7129,6.62207,26.6426
Phi,5,5,2/28/2024 12:35,53,9,6144,4839,1232,65.12,50,31.2207,2.87695,21.7207,6.62207,26.6504
Phi,5,6,2/28/2024 12:35,52,9,6144,4839,1232,72.86,50,31.2207,2.87402,21.7227,6.62207,26.6533
Phi,5,7,2/28/2024 12:35,87,26,6144,4839,1232,71.92,51,31.2207,2.87207,21.7256,6.62207,26.6553
Phi,5,8,2/28/2024 12:35,12,6,6144,4839,1232,32.75,50,31.2207,2.87598,21.7217,6.62207,26.6514
Phi,5,9,2/28/2024 12:35,12,6,6144,4839,1232,44.32,50,31.2207,2.87793,21.7188,6.62207,26.6494
Phi,5,10,2/28/2024 12:35,9,4,6144,4839,1232,30.59,50,31.2207,2.88086,21.7168,6.62207,26.6465
Phi,5,11,2/28/2024 12:35,14,6,6144,4839,1232,30.31,50,31.2207,2.88281,21.7148,6.62207,26.6445
Phi,5,12,2/28/2024 12:35,9,4,6144,4839,1232,28.35,50,31.2207,2.88379,21.7139,6.62207,26.6436
Phi,5,13,2/28/2024 12:35,14,6,6144,4839,1232,41.36,50,31.2207,2.88965,21.708,6.62207,26.6377
Phi,5,14,2/28/2024 12:35,9,4,6144,4839,1232,24.33,50,31.2207,2.91016,21.6875,6.62207,26.6172
Phi,5,15,2/28/2024 12:35,11,5,6144,4839,1232,26.89,51,31.2207,2.90918,21.6875,6.62207,26.6182
Phi,5,16,2/28/2024 12:35,10,5,6144,4839,1232,37.08,51,31.2207,2.91797,21.6797,6.62207,26.6094
Phi,5,17,2/28/2024 12:35,14,6,6144,4839,1232,39.29,51,31.2207,2.90625,21.6914,6.62207,26.6211
Phi,5,18,2/28/2024 12:35,10,5,6144,4839,1232,24.02,51,31.2207,2.90527,21.6924,6.62207,26.6221
Phi,5,19,2/28/2024 12:35,14,6,6144,4839,1232,24.17,51,31.2207,2.90527,21.6924,6.62207,26.6221
Phi,5,20,2/28/2024 12:35,7,3,6144,4839,1232,24.31,52,31.2207,2.90625,21.6904,6.62207,26.6211
Phi,5,21,2/28/2024 12:35,11,5,6144,4839,1232,25.69,52,31.2207,2.90918,21.6904,6.62109,26.6201
Phi,5,22,2/28/2024 12:35,14,6,6144,4839,1232,33.50,52,31.2207,2.90918,21.6895,6.62109,26.6191
Phi,5,23,2/28/2024 12:35,14,6,6144,4839,1232,24.45,52,31.2207,2.91016,21.6885,6.62109,26.6182
Phi,5,24,2/28/2024 12:35,14,7,6144,4839,1232,30.91,52,31.2207,2.90625,21.6924,6.62109,26.6221
Phi,5,25,2/28/2024 12:35,9,4,6144,4839,1232,24.17,52,31.2207,2.90625,21.6924,6.62109,26.6221
Phi,5,26,2/28/2024 12:35,14,7,6144,4839,1232,24.16,53,31.2207,2.9082,21.6914,6.62109,26.6211
Phi,5,27,2/28/2024 12:35,14,7,6144,4839,1232,24.77,53,31.2207,2.91895,21.6797,6.62109,26.6094
Phi,5,28,2/28/2024 12:35,14,6,6144,4839,1232,40.00,53,31.2207,2.9082,21.6904,6.62109,26.6201
Phi,5,29,2/28/2024 12:35,15,7,6144,4839,1232,24.76,53,31.2207,2.90918,21.6895,6.62109,26.6201
Phi,5,30,2/28/2024 12:35,10,4,6144,4839,1232,31.22,54,31.2207,2.91016,21.6885,6.62109,26.6182
Phi,5,31,2/28/2024 12:35,8,3,6144,4839,1232,24.30,54,31.2207,2.91113,21.6875,6.62109,26.6172
Phi,5,32,2/28/2024 12:35,12,5,6144,4839,1232,27.36,54,31.2207,2.91113,21.6875,6.62109,26.6172
Phi,5,33,2/28/2024 12:35,12,5,6144,4839,1232,24.47,54,31.2207,2.91211,21.6865,6.62109,26.6162
Phi,5,34,2/28/2024 12:35,9,4,6144,4839,1232,27.33,54,31.2207,2.91406,21.6855,6.62012,26.6152
Phi,5,35,2/28/2024 12:35,15,7,6144,4839,1232,24.32,54,31.2207,2.91504,21.6846,6.62012,26.6143
Phi,5,36,2/28/2024 12:35,15,7,6144,4839,1232,40.90,54,31.2207,2.91504,21.6846,6.62012,26.6143
Phi,5,37,2/28/2024 12:35,15,7,6144,4839,1232,24.61,55,31.2207,2.91016,21.6895,6.62012,26.6191
Phi,5,38,2/28/2024 12:35,15,7,6144,4839,1232,31.33,55,31.2207,2.91016,21.6895,6.62012,26.6191
Phi,5,39,2/28/2024 12:35,15,7,6144,4839,1232,24.61,55,31.2207,2.91113,21.6885,6.62012,26.6182
Phi,5,40,2/28/2024 12:35,9,4,6144,4839,1232,24.32,55,31.2207,2.91211,21.6875,6.62012,26.6172
Phi,5,41,2/28/2024 12:35,15,7,6144,4839,1232,26.58,55,31.2207,2.91309,21.6865,6.62012,26.6162
Phi,5,42,2/28/2024 12:36,15,7,6144,4839,1232,24.46,55,31.2207,2.91406,21.6855,6.62012,26.6162
Phi,5,43,2/28/2024 12:36,15,7,6144,4839,1232,24.31,55,31.2207,2.89844,21.7012,6.62012,26.6309
Phi,5,44,2/28/2024 12:36,15,7,6144,4839,1232,28.98,56,31.2207,2.89746,21.7021,6.62012,26.6328
Phi,5,45,2/28/2024 12:36,15,7,6144,4839,1232,24.61,56,31.2207,2.89746,21.7021,6.62012,26.6318
Phi,5,46,2/28/2024 12:36,15,7,6144,4839,1232,39.87,56,31.2207,2.89648,21.7031,6.62012,26.6338
Phi,5,47,2/28/2024 12:36,15,7,6144,4839,1232,25.50,56,31.2207,2.88965,21.71,6.62012,26.6396
Phi,5,48,2/28/2024 12:36,15,7,6144,4839,1232,24.45,56,31.2207,2.89062,21.709,6.62012,26.6387
Phi,5,49,2/28/2024 12:36,8,3,6144,4839,1232,24.47,56,31.2207,2.88867,21.7109,6.62012,26.6416
Phi,5,50,2/28/2024 12:36,8,3,6144,4839,1232,28.79,56,31.2207,2.88574,21.7139,6.62012,26.6436
Phi,5,51,2/28/2024 12:36,15,7,6144,4839,1232,24.60,56,31.2207,2.88477,21.7148,6.62012,26.6445
Phi,5,52,2/28/2024 12:36,15,7,6144,4839,1232,33.67,57,31.2207,2.88477,21.7148,6.62012,26.6455
Phi,5,53,2/28/2024 12:36,15,7,6144,4839,1232,34.19,57,31.2207,2.88477,21.7148,6.62012,26.6455
Phi,5,54,2/28/2024 12:36,15,7,6144,4839,1232,27.49,57,31.2207,2.88477,21.7148,6.62012,26.6445
Phi,5,55,2/28/2024 12:36,10,4,6144,4839,1232,25.04,57,31.2207,2.88574,21.7139,6.62012,26.6445
Phi,5,56,2/28/2024 12:36,15,7,6144,4839,1232,25.83,57,31.2207,2.88672,21.7129,6.62012,26.6436
Phi,5,57,2/28/2024 12:36,9,4,6144,4839,1232,30.15,57,31.2207,2.88477,21.7148,6.62012,26.6445
Phi,5,58,2/28/2024 12:36,16,7,6144,4839,1232,24.89,57,31.2207,2.88477,21.7148,6.62012,26.6455
Phi,5,59,2/28/2024 12:36,16,7,6144,4839,1232,24.45,57,31.2207,2.88574,21.7139,6.62012,26.6445
Phi,5,60,2/28/2024 12:36,8,3,6144,4839,1232,41.65,58,31.2207,2.88574,21.7139,6.62012,26.6445
Phi,5,61,2/28/2024 12:36,8,3,6144,4839,1232,30.87,58,31.2207,2.88574,21.7139,6.62012,26.6436
Phi,5,62,2/28/2024 12:36,12,5,6144,4839,1232,25.05,58,31.2207,2.88574,21.7139,6.62012,26.6445
Phi,5,63,2/28/2024 12:36,16,7,6144,4839,1232,24.60,58,31.2207,2.88672,21.7129,6.62012,26.6426
Phi,5,64,2/28/2024 12:36,8,3,6144,4839,1232,24.46,58,31.2207,2.88672,21.7129,6.62012,26.6426
Phi,6,0,2/28/2024 12:38,0,0,6144,6065,6,4.03,47,31.2207,2.67285,22.5332,6.01367,27.4658
Phi,6,1,2/28/2024 12:38,4,0,6144,5429,642,23.85,48,31.2207,2.90332,22.1641,6.15234,27.0957
Phi,6,2,2/28/2024 12:38,50,8,6144,4999,1072,48.33,48,31.2207,2.9082,21.6816,6.62988,26.6143
Phi,6,3,2/28/2024 12:38,52,8,6144,4999,1072,72.87,51,31.2207,2.9082,21.6807,6.62988,26.6133
Phi,6,4,2/28/2024 12:38,57,10,6144,4839,1232,43.27,51,31.2207,2.92773,21.6611,6.62988,26.5938
Phi,6,5,2/28/2024 12:38,53,9,6144,4839,1232,80.86,52,31.2207,2.9209,21.6689,6.62988,26.6016
Phi,6,6,2/28/2024 12:38,57,11,6144,4839,1232,48.13,52,31.2207,2.91699,21.6729,6.62988,26.6055
Phi,6,7,2/28/2024 12:38,58,10,6144,4839,1232,44.85,53,31.2207,2.91602,21.6748,6.62891,26.6074
Phi,6,8,2/28/2024 12:38,7,4,6144,4839,1232,34.15,52,31.2207,2.91895,21.6719,6.62891,26.6045
Phi,6,9,2/28/2024 12:38,6,3,6144,4839,1232,28.01,52,31.2207,2.92188,21.6689,6.62891,26.6016
Phi,6,10,2/28/2024 12:38,6,3,6144,4839,1232,24.17,52,31.2207,2.9248,21.666,6.62891,26.5986
Phi,6,11,2/28/2024 12:38,7,3,6144,4839,1232,26.72,52,31.2207,2.92676,21.6641,6.62891,26.5967
Phi,6,12,2/28/2024 12:38,14,6,6144,4839,1232,29.57,52,31.2207,2.92871,21.6621,6.62891,26.5947
Phi,6,13,2/28/2024 12:38,14,6,6144,4839,1232,24.46,52,31.2207,2.92871,21.6621,6.62891,26.5947
Phi,6,14,2/28/2024 12:38,10,5,6144,4839,1232,24.17,53,31.2207,2.92871,21.6621,6.62891,26.5947
Phi,6,15,2/28/2024 12:38,14,6,6144,4839,1232,33.83,53,31.2207,2.92871,21.6621,6.62891,26.5947
Phi,6,16,2/28/2024 12:38,7,3,6144,4839,1232,24.46,53,31.2207,2.92871,21.6621,6.62891,26.5947
Phi,6,17,2/28/2024 12:38,14,6,6144,4839,1232,25.92,53,31.2207,2.93066,21.6611,6.62891,26.5928
Phi,6,18,2/28/2024 12:38,14,6,6144,4839,1232,25.53,53,31.2207,2.92969,21.6611,6.62891,26.5938
Phi,6,19,2/28/2024 12:38,14,6,6144,4839,1232,25.69,53,31.2207,2.92285,21.668,6.62891,26.6006
Phi,6,20,2/28/2024 12:38,12,6,6144,4839,1232,24.75,53,31.2207,2.92285,21.668,6.62891,26.6006
Phi,6,21,2/28/2024 12:38,9,4,6144,4839,1232,24.32,54,31.2207,2.92285,21.668,6.62891,26.6006
Phi,6,22,2/28/2024 12:38,14,6,6144,4839,1232,24.32,54,31.2207,2.93359,21.6572,6.62891,26.5898
Phi,6,23,2/28/2024 12:38,14,6,6144,4839,1232,36.01,54,31.2207,2.92285,21.668,6.62891,26.6006
Phi,6,24,2/28/2024 12:38,7,3,6144,4839,1232,39.23,54,31.2207,2.92285,21.668,6.62891,26.6006
Phi,6,25,2/28/2024 12:38,10,4,6144,4839,1232,26.27,54,31.2207,2.92285,21.668,6.62891,26.6006
Phi,6,26,2/28/2024 12:38,14,7,6144,4839,1232,24.46,55,31.2207,2.92188,21.6689,6.62891,26.6016
Phi,6,27,2/28/2024 12:38,14,7,6144,4839,1232,24.32,55,31.2207,2.92285,21.668,6.62891,26.6006
Phi,6,28,2/28/2024 12:39,7,3,6144,4839,1232,33.79,55,31.2207,2.9209,21.6699,6.62891,26.6025
Phi,6,29,2/28/2024 12:39,7,3,6144,4839,1232,33.56,55,31.2207,2.92285,21.668,6.62891,26.6006
Phi,6,30,2/28/2024 12:39,14,7,6144,4839,1232,33.87,55,31.2207,2.92188,21.6689,6.62891,26.6016
Phi,6,31,2/28/2024 12:39,7,3,6144,4839,1232,29.41,55,31.2207,2.92285,21.668,6.62891,26.6006
Phi,6,32,2/28/2024 12:39,15,7,6144,4839,1232,28.82,56,31.2207,2.9043,21.6865,6.62891,26.6191
Phi,6,33,2/28/2024 12:39,14,6,6144,4839,1232,35.42,56,31.2207,2.9043,21.6865,6.62891,26.6191
Phi,6,34,2/28/2024 12:39,10,4,6144,4839,1232,38.25,56,31.2207,2.9043,21.6865,6.62891,26.6191
Phi,6,35,2/28/2024 12:39,15,7,6144,4839,1232,24.45,56,31.2207,2.90625,21.6846,6.62891,26.6172
Phi,6,36,2/28/2024 12:39,15,7,6144,4839,1232,24.45,56,31.2207,2.90527,21.6855,6.62891,26.6182
Phi,6,37,2/28/2024 12:39,7,3,6144,4839,1232,24.45,56,31.2207,2.90527,21.6855,6.62891,26.6182
Phi,6,38,2/28/2024 12:39,9,4,6144,4839,1232,36.30,56,31.2207,2.90625,21.6846,6.62891,26.6172
Phi,6,39,2/28/2024 12:39,13,6,6144,4839,1232,36.97,57,31.2207,2.9043,21.6865,6.62891,26.6191
Phi,6,40,2/28/2024 12:39,11,5,6144,4839,1232,41.03,57,31.2207,2.90527,21.6855,6.62891,26.6182
Phi,6,41,2/28/2024 12:39,15,7,6144,4839,1232,38.70,57,31.2207,2.90234,21.6885,6.62891,26.6211
Phi,6,42,2/28/2024 12:39,7,3,6144,4839,1232,36.32,57,31.2207,2.90234,21.6885,6.62891,26.6211
Phi,6,43,2/28/2024 12:39,15,7,6144,4839,1232,33.13,57,31.2207,2.91113,21.6797,6.62891,26.6123
Phi,6,44,2/28/2024 12:39,13,6,6144,4839,1232,24.45,57,31.2207,2.90234,21.6885,6.62891,26.6211
Phi,6,45,2/28/2024 12:39,15,7,6144,4839,1232,34.22,57,31.2207,2.90234,21.6885,6.62891,26.6211
Phi,6,46,2/28/2024 12:39,11,5,6144,4839,1232,42.66,58,31.2207,2.90234,21.6885,6.62891,26.6211
Phi,6,47,2/28/2024 12:39,15,7,6144,4839,1232,24.46,58,31.2207,2.90332,21.6865,6.62891,26.6191
Phi,6,48,2/28/2024 12:39,8,3,6144,4839,1232,28.15,58,31.2207,2.91211,21.6855,6.62109,26.6182
Phi,6,49,2/28/2024 12:39,15,7,6144,4839,1232,24.45,58,31.2207,2.90723,21.6914,6.62109,26.624
Phi,6,50,2/28/2024 12:39,9,4,6144,4839,1232,24.46,58,31.2207,2.91699,21.6816,6.62109,26.6143
Phi,6,51,2/28/2024 12:39,11,5,6144,4839,1232,24.60,58,31.2207,2.9082,21.6904,6.62109,26.623
Phi,6,52,2/28/2024 12:39,8,3,6144,4839,1232,24.58,58,31.2207,2.91016,21.6885,6.62109,26.6211
Phi,6,53,2/28/2024 12:39,12,5,6144,4839,1232,25.20,58,31.2207,2.90918,21.6895,6.62109,26.6221
Phi,6,54,2/28/2024 12:39,15,7,6144,4839,1232,28.67,58,31.2207,2.91895,21.6797,6.62109,26.6123
Phi,6,55,2/28/2024 12:39,8,3,6144,4839,1232,24.59,58,31.2207,2.91602,21.6826,6.62109,26.6152
Phi,6,56,2/28/2024 12:39,12,5,6144,4839,1232,25.18,59,31.2207,2.93457,21.6631,6.62109,26.5957
Phi,6,57,2/28/2024 12:39,8,3,6144,4839,1232,29.65,59,31.2207,2.93555,21.6631,6.62109,26.5957
Phi,6,58,2/28/2024 12:39,15,7,6144,4839,1232,24.59,59,31.2207,2.93555,21.6631,6.62109,26.5957
Phi,6,59,2/28/2024 12:39,8,3,6144,4839,1232,24.60,59,31.2207,2.93652,21.6621,6.62109,26.5947
Phi,6,60,2/28/2024 12:39,8,3,6144,4839,1232,34.30,59,31.2207,2.9375,21.6611,6.62109,26.5938
Phi,6,61,2/28/2024 12:39,15,7,6144,4839,1232,24.59,59,31.2207,2.9375,21.6602,6.62109,26.5928
Phi,6,62,2/28/2024 12:39,15,7,6144,4839,1232,24.74,59,31.2207,2.93848,21.6592,6.62109,26.5918
Phi,6,63,2/28/2024 12:39,8,3,6144,4839,1232,27.02,59,31.2207,2.93945,21.6572,6.62305,26.5898
Phi,6,64,2/28/2024 12:39,8,3,6144,4839,1232,24.58,59,31.2207,2.93945,21.6572,6.62305,26.5898
Phi,6,65,2/28/2024 12:39,16,7,6144,4839,1232,26.27,59,31.2207,2.93848,21.6582,6.62305,26.5908
Phi,6,66,2/28/2024 12:39,8,3,6144,4839,1232,32.91,59,31.2207,2.93066,21.666,6.62305,26.5986
Phi,6,67,2/28/2024 12:39,16,7,6144,4839,1232,24.61,59,31.2207,2.93066,21.666,6.62305,26.5986
Phi,7,0,2/28/2024 12:41,0,0,6144,6065,6,4.18,48,31.2207,2.67871,22.5244,6.0166,27.457
Phi,7,1,2/28/2024 12:41,0,0,6144,5429,642,24.00,49,31.2207,2.9082,22.1748,6.13672,27.1074
Phi,7,2,2/28/2024 12:41,60,9,6144,4999,1072,36.90,50,31.2207,2.92383,21.667,6.62891,26.5996
Phi,7,3,2/28/2024 12:41,55,9,6144,4999,1072,45.00,53,31.2207,2.9209,21.667,6.63184,26.6006
Phi,7,4,2/28/2024 12:41,55,10,6144,4839,1232,63.98,53,31.2207,2.9209,21.667,6.63184,26.5996
Phi,7,5,2/28/2024 12:41,56,10,6144,4839,1232,75.14,54,31.2207,2.92383,21.6689,6.62695,26.6025
Phi,7,6,2/28/2024 12:41,52,9,6144,4839,1232,63.96,54,31.2207,2.92383,21.6689,6.62695,26.6016
Phi,7,7,2/28/2024 12:41,55,9,6144,4839,1232,38.24,55,31.2207,2.92383,21.6689,6.62695,26.6025
Phi,7,8,2/28/2024 12:41,12,6,6144,4839,1232,28.58,54,31.2207,2.92383,21.6689,6.62695,26.6025
Phi,7,9,2/28/2024 12:41,12,6,6144,4839,1232,29.03,54,31.2207,2.93555,21.6572,6.62695,26.5898
Phi,7,10,2/28/2024 12:41,12,5,6144,4839,1232,24.32,54,31.2207,2.9209,21.6719,6.62695,26.6045
Phi,7,11,2/28/2024 12:41,12,5,6144,4839,1232,32.97,54,31.2207,2.92773,21.6689,6.62305,26.6016
Phi,7,12,2/28/2024 12:41,7,3,6144,4839,1232,25.82,54,31.2207,2.92578,21.6709,6.62305,26.6035
Phi,7,13,2/28/2024 12:41,7,3,6144,4839,1232,24.47,54,31.2207,2.93457,21.6699,6.61523,26.6025
Phi,7,14,2/28/2024 12:41,7,3,6144,4839,1232,35.03,54,31.2207,2.93652,21.668,6.61523,26.6016
Phi,7,15,2/28/2024 12:41,9,4,6144,4839,1232,24.60,54,31.2207,2.9375,21.668,6.61426,26.6016
Phi,7,16,2/28/2024 12:41,14,6,6144,4839,1232,24.45,55,31.2207,2.9375,21.6689,6.61426,26.6016
Phi,7,17,2/28/2024 12:41,14,6,6144,4839,1232,24.32,55,31.2207,2.93652,21.6689,6.61426,26.6025
Phi,7,18,2/28/2024 12:41,7,3,6144,4839,1232,28.01,55,31.2207,2.93457,21.6709,6.61426,26.6045
Phi,7,19,2/28/2024 12:41,9,4,6144,4839,1232,25.34,55,31.2207,2.92285,21.6826,6.61426,26.6162
Phi,7,20,2/28/2024 12:41,13,6,6144,4839,1232,24.30,55,31.2207,2.92383,21.6816,6.61426,26.6152
Phi,7,21,2/28/2024 12:41,11,5,6144,4839,1232,31.92,56,31.2207,2.92383,21.6816,6.61426,26.6152
Phi,7,22,2/28/2024 12:41,14,6,6144,4839,1232,41.31,56,31.2207,2.92969,21.6758,6.61426,26.6094
Phi,7,23,2/28/2024 12:41,7,3,6144,4839,1232,38.92,56,31.2207,2.92969,21.6758,6.61426,26.6094
Phi,7,24,2/28/2024 12:41,7,3,6144,4839,1232,24.89,56,31.2207,2.92969,21.6768,6.61426,26.6094
Phi,7,25,2/28/2024 12:41,14,7,6144,4839,1232,24.45,56,31.2207,2.92969,21.6758,6.61426,26.6084
Phi,7,26,2/28/2024 12:41,14,7,6144,4839,1232,28.18,56,31.2207,2.93164,21.6738,6.61426,26.6074
Phi,7,27,2/28/2024 12:41,14,7,6144,4839,1232,32.23,56,31.2207,2.93555,21.6699,6.61426,26.6035
Phi,7,28,2/28/2024 12:41,7,3,6144,4839,1232,26.41,57,31.2207,2.93652,21.6611,6.62207,26.5947
Phi,7,29,2/28/2024 12:41,14,7,6144,4839,1232,31.78,57,31.2207,2.9375,21.6602,6.62207,26.5938
Phi,7,30,2/28/2024 12:41,7,3,6144,4839,1232,30.43,57,31.2207,2.93848,21.6592,6.62207,26.5928
Phi,7,31,2/28/2024 12:42,15,7,6144,4839,1232,25.35,57,31.2207,2.93945,21.6582,6.62207,26.5918
Phi,7,32,2/28/2024 12:42,15,7,6144,4839,1232,25.49,57,31.2207,2.93457,21.6621,6.62207,26.5967
Phi,7,33,2/28/2024 12:42,8,3,6144,4839,1232,24.60,57,31.2207,2.93555,21.6611,6.62207,26.5957
Phi,7,34,2/28/2024 12:42,15,7,6144,4839,1232,24.46,57,31.2207,2.93457,21.6631,6.62207,26.5967
Phi,7,35,2/28/2024 12:42,15,7,6144,4839,1232,24.45,58,31.2207,2.93262,21.6641,6.62207,26.5977
Phi,7,36,2/28/2024 12:42,7,3,6144,4839,1232,39.67,58,31.2207,2.94238,21.6543,6.62207,26.5879
Phi,7,37,2/28/2024 12:42,15,7,6144,4839,1232,24.59,58,31.2207,2.93164,21.665,6.62207,26.5996
Phi,7,38,2/28/2024 12:42,15,7,6144,4839,1232,24.74,58,31.2207,2.92969,21.667,6.62207,26.6006
Phi,7,39,2/28/2024 12:42,11,5,6144,4839,1232,24.61,58,31.2207,2.93066,21.667,6.62207,26.6006
Phi,7,40,2/28/2024 12:42,7,3,6144,4839,1232,24.45,58,31.2207,2.93066,21.666,6.62207,26.5996
Phi,7,41,2/28/2024 12:42,13,6,6144,4839,1232,36.60,58,31.2207,2.93164,21.666,6.62207,26.5996
Phi,7,42,2/28/2024 12:42,10,4,6144,4839,1232,35.66,58,31.2207,2.93164,21.665,6.62207,26.5986
Phi,7,43,2/28/2024 12:42,15,7,6144,4839,1232,34.26,58,31.2207,2.93262,21.6641,6.62207,26.5986
Phi,7,44,2/28/2024 12:42,15,7,6144,4839,1232,35.15,59,31.2207,2.93359,21.6641,6.62207,26.5977
Phi,7,45,2/28/2024 12:42,7,3,6144,4839,1232,33.89,59,31.2207,2.93457,21.6631,6.62207,26.5967
Phi,7,46,2/28/2024 12:42,15,7,6144,4839,1232,35.90,59,31.2207,2.93555,21.6621,6.62207,26.5957
Phi,7,47,2/28/2024 12:42,14,6,6144,4839,1232,27.09,59,31.2207,2.93262,21.665,6.62207,26.5986
Phi,7,48,2/28/2024 12:42,8,3,6144,4839,1232,24.89,59,31.2207,2.93164,21.666,6.62207,26.5996
Phi,7,49,2/28/2024 12:42,15,7,6144,4839,1232,24.89,59,31.2207,2.93262,21.665,6.62207,26.5986
Phi,7,50,2/28/2024 12:42,8,3,6144,4839,1232,25.18,59,31.2207,2.93262,21.6641,6.62207,26.5977
Phi,7,51,2/28/2024 12:42,15,7,6144,4839,1232,25.19,59,31.2207,2.93359,21.6641,6.62207,26.5977
Phi,7,52,2/28/2024 12:42,8,3,6144,4839,1232,25.19,59,31.2207,2.93555,21.6621,6.62207,26.5957
Phi,7,53,2/28/2024 12:42,15,7,6144,4839,1232,25.34,60,31.2207,2.93164,21.665,6.62207,26.5986
Phi,7,54,2/28/2024 12:42,8,3,6144,4839,1232,30.71,59,31.2207,2.93262,21.6641,6.62207,26.5977
Phi,7,55,2/28/2024 12:42,8,3,6144,4839,1232,24.59,60,31.2207,2.93359,21.6641,6.62207,26.5977
Phi,7,56,2/28/2024 12:42,15,7,6144,4839,1232,24.74,60,31.2207,2.93359,21.6641,6.62207,26.5977
Phi,7,57,2/28/2024 12:42,13,6,6144,4839,1232,25.07,60,31.2207,2.93164,21.665,6.62207,26.5986
Phi,7,58,2/28/2024 12:42,8,3,6144,4839,1232,30.74,60,31.2207,2.93262,21.665,6.62207,26.5986
Phi,7,59,2/28/2024 12:42,15,7,6144,4839,1232,38.75,60,31.2207,2.91211,21.6846,6.62207,26.6191
Phi,7,60,2/28/2024 12:42,14,6,6144,4839,1232,24.59,60,31.2207,2.91406,21.6836,6.62207,26.6172
Phi,7,61,2/28/2024 12:42,16,7,6144,4839,1232,24.74,60,31.2207,2.91406,21.6836,6.62207,26.6172
Phi,7,62,2/28/2024 12:42,14,6,6144,4839,1232,24.74,60,31.2207,2.91309,21.6836,6.62207,26.6182
Phi,7,63,2/28/2024 12:42,11,5,6144,4839,1232,25.65,60,31.2207,2.91406,21.6826,6.62207,26.6172
Phi,7,64,2/28/2024 12:42,8,3,6144,4839,1232,43.80,60,31.2207,2.92188,21.6758,6.62207,26.6094
Phi,7,65,2/28/2024 12:42,8,3,6144,4839,1232,24.88,60,31.2207,2.91211,21.6855,6.62207,26.6191
Phi,7,66,2/28/2024 12:42,16,7,6144,4839,1232,27.01,60,31.2207,2.91113,21.6865,6.62207,26.6201
Phi,7,67,2/28/2024 12:42,12,5,6144,4839,1232,24.73,61,31.2207,2.91895,21.6787,6.62207,26.6123
Zephyr,1,0,2/28/2024 12:49,0,0,6144,6065,6,4.02,44,31.2207,2.70312,22.4844,6.03223,27.4209
Zephyr,1,1,2/28/2024 12:49,0,0,6144,5989,82,23.75,44,31.2207,2.87402,22.249,6.09668,27.2471
Zephyr,1,2,2/28/2024 12:49,0,0,6144,5989,82,23.74,45,31.2207,2.87793,22.165,6.17676,27.2471
Zephyr,1,3,2/28/2024 12:49,0,0,6144,5989,82,23.72,45,31.2207,2.87305,22.0869,6.25879,27.251
Zephyr,1,4,2/28/2024 12:49,0,0,6144,5989,82,23.74,45,31.2207,2.87305,22.0049,6.34277,27.252
Zephyr,1,5,2/28/2024 12:49,0,0,6144,5989,82,23.75,45,31.2207,2.87012,21.9258,6.42383,27.2549
Zephyr,1,6,2/28/2024 12:49,0,0,6144,5989,82,23.74,45,31.2207,2.85449,21.8604,6.50488,27.2695
Zephyr,1,7,2/28/2024 12:49,0,0,6144,5989,82,23.75,45,31.2207,2.85254,21.7803,6.58691,27.2715
Zephyr,1,8,2/28/2024 12:49,0,0,6144,5989,82,23.74,46,31.2207,2.85352,21.7031,6.66309,27.2705
Zephyr,1,9,2/28/2024 12:49,0,0,6144,5989,82,23.73,46,31.2207,2.85254,21.624,6.74316,27.2725
Zephyr,1,10,2/28/2024 12:49,0,0,6144,5989,82,23.74,46,31.2207,2.85352,21.5439,6.82227,27.2715
Zephyr,1,11,2/28/2024 12:49,0,0,6144,5989,82,23.73,46,31.2207,2.84375,21.4717,6.90332,27.2803
Zephyr,1,12,2/28/2024 12:49,0,0,6144,5989,82,23.75,46,31.2207,2.84473,21.3906,6.98438,27.2793
Zephyr,1,13,2/28/2024 12:49,0,0,6144,5989,82,23.74,46,31.2207,2.84082,21.3125,7.06641,27.2832
Zephyr,1,14,2/28/2024 12:49,0,0,6144,5989,82,23.74,46,31.2207,2.85156,21.2207,7.14746,27.2725
Zephyr,1,15,2/28/2024 12:49,0,0,6144,5989,82,23.74,46,31.2207,2.84082,21.1465,7.23242,27.2832
Zephyr,1,16,2/28/2024 12:49,0,0,6144,5989,82,23.74,46,31.2207,2.84082,21.0635,7.31543,27.2832
Zephyr,1,17,2/28/2024 12:49,0,0,6144,5989,82,21.50,46,31.2207,2.84082,20.9814,7.39746,27.2822
Zephyr,1,18,2/28/2024 12:49,0,0,6144,5989,82,21.51,46,31.2207,2.84082,20.9023,7.47656,27.2832
Zephyr,1,19,2/28/2024 12:49,0,0,6144,5989,82,21.49,46,31.2207,2.84082,20.8174,7.56055,27.2822
Zephyr,1,20,2/28/2024 12:49,0,0,6144,5989,82,17.31,46,31.2207,2.84863,20.7344,7.63672,27.2744
Zephyr,1,21,2/28/2024 12:49,0,0,6144,5989,82,17.28,46,31.2207,2.86426,20.6357,7.71973,27.2598
Zephyr,1,22,2/28/2024 12:49,0,0,6144,5989,82,17.32,46,31.2207,2.86621,20.5498,7.80273,27.2568
Zephyr,1,23,2/28/2024 12:49,0,0,6144,5989,82,6.48,46,31.2207,2.8623,20.4736,7.88379,27.2607
Zephyr,1,24,2/28/2024 12:49,0,0,6144,5989,82,6.48,46,31.2207,2.8623,20.3916,7.96582,27.2607
Zephyr,1,25,2/28/2024 12:49,0,0,6144,5989,82,4.18,46,31.2207,2.86328,20.3076,8.04883,27.2598
Zephyr,1,26,2/28/2024 12:49,0,0,6144,5989,82,4.18,46,31.2207,2.86328,20.2275,8.12891,27.2588
Zephyr,1,27,2/28/2024 12:49,0,0,6144,5989,82,4.03,46,31.2207,2.86426,20.1465,8.20996,27.2588
Zephyr,1,28,2/28/2024 12:49,0,0,6144,5989,82,4.18,46,31.2207,2.86133,20.0645,8.29297,27.2607
Zephyr,1,29,2/28/2024 12:49,0,0,6144,5989,82,4.03,46,31.2207,2.8623,19.9844,8.37305,27.2598
Zephyr,1,30,2/28/2024 12:49,0,0,6144,5989,82,4.03,46,31.2207,2.86328,19.9053,8.45117,27.2588
Zephyr,1,31,2/28/2024 12:49,0,0,6144,5989,82,4.03,46,31.2207,2.86328,19.8252,8.53223,27.2598
Zephyr,1,32,2/28/2024 12:49,0,0,6144,5989,82,4.03,46,31.2207,2.8623,19.752,8.60547,27.2656
Zephyr,1,33,2/28/2024 12:49,0,0,6144,5989,82,4.18,46,31.2207,2.8623,19.6719,8.68555,27.2656
Zephyr,1,34,2/28/2024 12:49,0,0,6144,5989,82,4.18,46,31.2207,2.86328,19.5898,8.7666,27.2646
Zephyr,1,35,2/28/2024 12:49,0,0,6144,5989,82,4.18,45,31.2207,2.87305,19.5029,8.84473,27.2549
Zephyr,1,36,2/28/2024 12:49,0,0,6144,5989,82,4.03,45,31.2207,2.86426,19.4316,8.92383,27.2637
Zephyr,1,37,2/28/2024 12:49,0,0,6144,5989,82,4.18,45,31.2207,2.87305,19.3428,9.00391,27.2549
Zephyr,1,38,2/28/2024 12:49,0,0,6144,5989,82,4.03,45,31.2207,2.8623,19.2705,9.08691,27.2656
Zephyr,1,39,2/28/2024 12:49,0,0,6144,5989,82,4.03,45,31.2207,2.8623,19.1885,9.16895,27.2656
Zephyr,1,40,2/28/2024 12:49,0,0,6144,5989,82,4.18,45,31.2207,2.87207,19.1025,9.24414,27.2549
Zephyr,1,41,2/28/2024 12:49,0,0,6144,5989,82,4.03,45,31.2207,2.86133,19.0488,9.30957,27.2666
Zephyr,1,42,2/28/2024 12:49,0,0,6144,5989,82,4.03,45,31.2207,2.86133,18.9658,9.39258,27.2656
Zephyr,1,43,2/28/2024 12:49,0,0,6144,5989,82,4.03,45,31.2207,2.86133,18.8965,9.46191,27.2656
Zephyr,1,44,2/28/2024 12:49,0,0,6144,5989,82,4.03,45,31.2207,2.86133,18.8184,9.54004,27.2666
Zephyr,1,45,2/28/2024 12:49,0,0,6144,5989,82,4.18,45,31.2207,2.86133,18.7373,9.62109,27.2666
Zephyr,1,46,2/28/2024 12:49,0,0,6144,5989,82,4.03,45,31.2207,2.86133,18.6553,9.7041,27.2666
Zephyr,1,47,2/28/2024 12:49,0,0,6144,5989,82,4.03,45,31.2207,2.86133,18.5732,9.78516,27.2656
Zephyr,1,48,2/28/2024 12:49,0,0,6144,5989,82,4.03,45,31.2207,2.86133,18.4922,9.86621,27.2656
Zephyr,1,49,2/28/2024 12:49,0,0,6144,5989,82,4.03,45,31.2207,2.86133,18.415,9.94336,27.2656
Zephyr,1,50,2/28/2024 12:50,0,0,6144,5989,82,4.18,45,31.2207,2.8623,18.3311,10.0264,27.2656
Zephyr,1,51,2/28/2024 12:50,0,0,6144,5989,82,4.03,45,31.2207,2.8623,18.2559,10.1016,27.2646
Zephyr,1,52,2/28/2024 12:50,0,0,6144,5989,82,4.03,45,31.2207,2.87207,18.1689,10.1787,27.2549
Zephyr,1,53,2/28/2024 12:50,0,0,6144,5989,82,4.18,45,31.2207,2.86328,18.1006,10.2559,27.2646
Zephyr,1,54,2/28/2024 12:50,0,0,6144,5989,82,4.03,45,31.2207,2.87305,18.0107,10.335,27.2539
Zephyr,1,55,2/28/2024 12:50,0,0,6144,5989,82,4.18,45,31.2207,2.87305,17.9307,10.416,27.2539
Zephyr,1,56,2/28/2024 12:50,0,0,6144,5989,82,4.18,45,31.2207,2.86133,17.8672,10.4912,27.2656
Zephyr,1,57,2/28/2024 12:50,0,0,6144,5989,82,4.03,45,31.2207,2.87305,17.7803,10.5664,27.2539
Zephyr,1,58,2/28/2024 12:50,0,0,6144,5989,82,6.15,45,31.2207,2.87402,17.7002,10.6455,27.2529
Zephyr,1,59,2/28/2024 12:50,0,0,6144,5989,82,4.64,45,31.2207,2.86426,17.6309,10.7246,27.2627
Zephyr,1,60,2/28/2024 12:50,0,0,6144,5989,82,5.69,45,31.2207,2.86523,17.5488,10.8057,27.2627
Zephyr,1,61,2/28/2024 12:50,0,0,6144,5233,838,23.71,45,31.2207,2.87305,16.9385,11.4082,26.6621
Zephyr,1,62,2/28/2024 12:50,0,0,6144,5233,838,23.70,46,31.2207,2.87891,14.5781,13.7627,24.3066
Zephyr,1,63,2/28/2024 12:50,0,0,6144,2395,3676,23.70,46,31.2207,2.94531,12.8936,15.3818,22.626
Zephyr,1,64,2/28/2024 12:50,1,0,6144,4591,1480,23.73,46,31.2207,2.88281,14.1396,14.1973,23.8701
Zephyr,1,65,2/28/2024 12:50,0,0,6144,5233,838,23.70,46,31.2207,2.8584,16.5762,11.7852,26.3008
Zephyr,1,66,2/28/2024 12:50,0,0,6144,5233,838,23.70,46,31.2207,2.86035,14.2148,14.1436,23.9453
Zephyr,1,67,2/28/2024 12:50,0,0,6144,2395,3676,23.86,47,31.2207,2.92676,12.5273,15.7666,22.2607
Zephyr,1,68,2/28/2024 12:50,78,14,6144,2283,3788,66.75,49,31.2207,2.96582,11.9131,16.3408,21.6484
Zephyr,1,69,2/28/2024 12:50,78,14,6144,2283,3788,55.32,51,31.2207,2.97461,11.9043,16.3408,21.6387
Zephyr,1,70,2/28/2024 12:50,80,14,6144,2283,3788,52.88,52,31.2207,2.96387,11.915,16.3408,21.6494
Zephyr,1,71,2/28/2024 12:50,65,13,6144,2213,3858,65.00,52,31.2207,2.96484,11.9131,16.3408,21.6484
Zephyr,1,72,2/28/2024 12:50,74,14,6144,2213,3858,56.56,52,31.2207,2.96582,11.9131,16.3408,21.6475
Zephyr,1,73,2/28/2024 12:50,73,14,6144,2213,3858,46.26,53,31.2207,2.96582,11.9131,16.3408,21.6475
Zephyr,1,74,2/28/2024 12:50,74,13,6144,2213,3858,54.60,53,31.2207,2.96582,11.9131,16.3408,21.6475
Zephyr,1,75,2/28/2024 12:50,63,13,6144,2213,3858,33.22,54,31.2207,2.96582,11.9121,16.3408,21.6475
Zephyr,1,76,2/28/2024 12:50,70,14,6144,2213,3858,47.63,54,31.2207,2.96582,11.9121,16.3408,21.6475
Zephyr,1,77,2/28/2024 12:50,72,13,6144,2213,3858,68.92,55,31.2207,2.9668,11.9121,16.3408,21.6465
Zephyr,1,78,2/28/2024 12:50,79,17,6144,2213,3858,68.50,55,31.2207,2.96777,11.9111,16.3408,21.6465
Zephyr,1,79,2/28/2024 12:50,6,4,6144,2213,3858,32.34,54,31.2207,2.96777,11.9111,16.3408,21.6455
Zephyr,1,80,2/28/2024 12:50,6,4,6144,2213,3858,28.57,54,31.2207,2.96875,11.9102,16.3408,21.6445
Zephyr,1,81,2/28/2024 12:50,7,4,6144,2213,3858,24.31,53,31.2207,2.96973,11.9092,16.3408,21.6436
Zephyr,1,82,2/28/2024 12:50,7,4,6144,2213,3858,24.16,53,31.2207,2.96973,11.9082,16.3408,21.6436
Zephyr,1,83,2/28/2024 12:50,7,4,6144,2213,3858,24.17,53,31.2207,2.9707,11.9072,16.3408,21.6426
Zephyr,1,84,2/28/2024 12:50,7,4,6144,2213,3858,24.17,54,31.2207,2.97168,11.9062,16.3408,21.6416
Zephyr,1,85,2/28/2024 12:50,7,4,6144,2213,3858,35.48,54,31.2207,2.97363,11.9043,16.3408,21.6396
Zephyr,1,86,2/28/2024 12:50,3,1,6144,2213,3858,26.11,54,31.2207,2.97363,11.9053,16.3408,21.6396
Zephyr,1,87,2/28/2024 12:50,0,0,6144,2213,3858,24.74,54,31.2207,2.97363,11.9053,16.3408,21.6406
Zephyr,1,88,2/28/2024 12:50,5,2,6144,2213,3858,24.30,54,31.2207,2.97363,11.9053,16.3408,21.6396
Zephyr,1,89,2/28/2024 12:50,7,4,6144,2213,3858,24.31,54,31.2207,2.97461,11.9043,16.3408,21.6387
Zephyr,1,90,2/28/2024 12:50,7,4,6144,2213,3858,24.32,54,31.2207,2.97559,11.9033,16.3408,21.6387
Zephyr,1,91,2/28/2024 12:50,7,4,6144,2213,3858,24.31,55,31.2207,2.97656,11.9023,16.3408,21.6377
Zephyr,1,92,2/28/2024 12:50,7,4,6144,2213,3858,24.30,55,31.2207,2.97754,11.9014,16.3408,21.6357
Zephyr,1,93,2/28/2024 12:50,7,4,6144,2213,3858,41.49,55,31.2207,2.97754,11.9014,16.3408,21.6357
Zephyr,1,94,2/28/2024 12:50,7,4,6144,2213,3858,30.53,55,31.2207,2.98145,11.8975,16.3408,21.6318
Zephyr,1,95,2/28/2024 12:50,6,3,6144,2213,3858,25.50,55,31.2207,2.98535,11.8926,16.3408,21.6279
Zephyr,1,96,2/28/2024 12:50,7,4,6144,2213,3858,28.53,56,31.2207,3,11.8789,16.3418,21.6133
Zephyr,1,97,2/28/2024 12:50,7,4,6144,2213,3858,29.39,56,31.2207,2.99707,11.8809,16.3418,21.6162
Zephyr,1,98,2/28/2024 12:50,1,1,6144,2213,3858,24.30,56,31.2207,2.99805,11.8799,16.3418,21.6152
Zephyr,1,99,2/28/2024 12:50,7,4,6144,2213,3858,24.31,56,31.2207,2.99902,11.8789,16.3418,21.6143
Zephyr,1,100,2/28/2024 12:50,7,4,6144,2213,3858,24.29,56,31.2207,2.99805,11.8799,16.3418,21.6152
Zephyr,1,101,2/28/2024 12:50,7,4,6144,2213,3858,24.31,56,31.2207,2.99805,11.8809,16.3418,21.6162
Zephyr,1,102,2/28/2024 12:50,7,4,6144,2213,3858,42.03,56,31.2207,2.99707,11.8809,16.3418,21.6162
Zephyr,1,103,2/28/2024 12:50,7,4,6144,2213,3858,26.68,57,31.2207,2.99707,11.8809,16.3418,21.6162
Zephyr,1,104,2/28/2024 12:50,7,4,6144,2213,3858,24.73,57,31.2207,2.99707,11.8818,16.3418,21.6162
Zephyr,1,105,2/28/2024 12:50,7,4,6144,2213,3858,24.61,57,31.2207,2.99805,11.8809,16.3418,21.6162
Zephyr,1,106,2/28/2024 12:50,7,4,6144,2213,3858,33.23,57,31.2207,2.99805,11.8799,16.3418,21.6152
Zephyr,1,107,2/28/2024 12:50,7,4,6144,2213,3858,25.18,57,31.2207,2.99805,11.8799,16.3418,21.6152
Zephyr,1,108,2/28/2024 12:51,7,4,6144,2213,3858,24.58,57,31.2207,2.99902,11.8799,16.3418,21.6143
Zephyr,1,109,2/28/2024 12:51,7,4,6144,2213,3858,24.44,57,31.2207,3.00977,11.8682,16.3418,21.6035
Zephyr,1,110,2/28/2024 12:51,0,0,6144,2213,3858,24.59,57,31.2207,3.00195,11.876,16.3418,21.6113
Zephyr,1,111,2/28/2024 12:51,1,1,6144,2213,3858,24.45,57,31.2207,3.00195,11.877,16.3418,21.6113
Zephyr,1,112,2/28/2024 12:51,7,4,6144,2213,3858,24.44,57,31.2207,3,11.8779,16.3418,21.6133
Zephyr,1,113,2/28/2024 12:51,7,4,6144,2213,3858,24.45,57,31.2207,3,11.8779,16.3418,21.6133
Zephyr,1,114,2/28/2024 12:51,7,4,6144,2213,3858,24.45,58,31.2207,3,11.8789,16.3418,21.6133
Zephyr,1,115,2/28/2024 12:51,7,4,6144,2213,3858,24.45,58,31.2207,3,11.8779,16.3418,21.6133
Zephyr,1,116,2/28/2024 12:51,7,4,6144,2213,3858,24.44,58,31.2207,3.00098,11.8779,16.3418,21.6133
Zephyr,1,117,2/28/2024 12:51,0,0,6144,2213,3858,24.45,58,31.2207,3.00098,11.8779,16.3418,21.6133
Zephyr,1,118,2/28/2024 12:51,7,4,6144,2213,3858,31.57,58,31.2207,3.00098,11.877,16.3418,21.6123
Zephyr,1,119,2/28/2024 12:51,8,4,6144,2213,3858,31.55,58,31.2207,3.00098,11.8779,16.3418,21.6123
Zephyr,1,120,2/28/2024 12:51,8,4,6144,2213,3858,29.56,58,31.2207,3,11.8779,16.3418,21.6133
Zephyr,1,121,2/28/2024 12:51,8,4,6144,2213,3858,27.90,58,31.2207,3.00098,11.877,16.3418,21.6123
Zephyr,1,122,2/28/2024 12:51,8,4,6144,2213,3858,26.71,58,31.2207,3.00098,11.877,16.3418,21.6123
Zephyr,1,123,2/28/2024 12:51,0,0,6144,2213,3858,28.04,58,31.2207,2.97852,11.8994,16.3418,21.6348
Zephyr,1,124,2/28/2024 12:51,8,4,6144,2213,3858,25.47,59,31.2207,2.97949,11.8994,16.3418,21.6348
Zephyr,1,125,2/28/2024 12:51,8,4,6144,2213,3858,24.76,59,31.2207,2.97852,11.8994,16.3418,21.6348
Zephyr,1,126,2/28/2024 12:51,8,4,6144,2213,3858,24.73,59,31.2207,2.98047,11.8975,16.3418,21.6328
Zephyr,1,127,2/28/2024 12:51,8,4,6144,2213,3858,24.59,59,31.2207,2.98047,11.8975,16.3418,21.6328
Zephyr,1,128,2/28/2024 12:51,8,4,6144,2213,3858,24.58,59,31.2207,2.97949,11.8984,16.3418,21.6338
Zephyr,1,129,2/28/2024 12:51,4,2,6144,2213,3858,24.58,59,31.2207,2.97852,11.8994,16.3418,21.6348
Zephyr,1,130,2/28/2024 12:51,8,4,6144,2213,3858,24.59,59,31.2207,2.97949,11.8994,16.3418,21.6338
Zephyr,1,131,2/28/2024 12:51,8,4,6144,2213,3858,24.58,59,31.2207,2.98047,11.8984,16.3418,21.6338
Zephyr,1,132,2/28/2024 12:51,8,4,6144,2213,3858,24.59,59,31.2207,2.97852,11.8994,16.3418,21.6348
Zephyr,1,133,2/28/2024 12:51,8,4,6144,2213,3858,24.58,59,31.2207,2.99512,11.8828,16.3418,21.6182
Zephyr,1,134,2/28/2024 12:51,8,4,6144,2213,3858,24.58,59,31.2207,3.00488,11.873,16.3418,21.6084
Zephyr,1,135,2/28/2024 12:51,8,4,6144,2213,3858,24.58,60,31.2207,3.00586,11.873,16.3418,21.6074
Zephyr,1,136,2/28/2024 12:51,8,4,6144,2213,3858,24.59,59,31.2207,3.00488,11.873,16.3418,21.6084
Zephyr,1,137,2/28/2024 12:51,0,0,6144,2213,3858,24.59,60,31.2207,3.00684,11.8711,16.3418,21.6064
Zephyr,1,138,2/28/2024 12:51,8,4,6144,2213,3858,24.58,60,31.2207,3.00781,11.8711,16.3418,21.6064
Zephyr,1,139,2/28/2024 12:51,8,4,6144,2213,3858,24.59,60,31.2207,3.00781,11.8711,16.3418,21.6064
Zephyr,1,140,2/28/2024 12:51,8,4,6144,2213,3858,24.58,60,31.2207,3.00684,11.8721,16.3418,21.6064
Zephyr,1,141,2/28/2024 12:51,8,4,6144,2213,3858,24.58,60,31.2207,3.00684,11.8711,16.3418,21.6064
Zephyr,1,142,2/28/2024 12:51,8,4,6144,2213,3858,24.59,60,31.2207,3.00586,11.8721,16.3418,21.6074
Zephyr,1,143,2/28/2024 12:51,7,4,6144,2213,3858,24.59,60,31.2207,3.00684,11.8711,16.3418,21.6064
Zephyr,1,144,2/28/2024 12:51,8,4,6144,2213,3858,24.58,60,31.2207,3.00098,11.877,16.3418,21.6123
Zephyr,1,145,2/28/2024 12:51,8,4,6144,2213,3858,37.76,60,31.2207,3.00098,11.877,16.3418,21.6123
Zephyr,1,146,2/28/2024 12:51,8,4,6144,2213,3858,30.14,60,31.2207,3.00098,11.8779,16.3418,21.6133
Zephyr,1,147,2/28/2024 12:51,4,2,6144,2213,3858,24.58,60,31.2207,2.99707,11.8809,16.3418,21.6162
Zephyr,1,148,2/28/2024 12:51,8,4,6144,2213,3858,24.73,60,31.2207,3.00684,11.8711,16.3418,21.6064
Zephyr,1,149,2/28/2024 12:51,8,4,6144,2213,3858,24.73,60,31.2207,2.99902,11.8799,16.3418,21.6152
Zephyr,1,150,2/28/2024 12:51,8,4,6144,2213,3858,24.74,61,31.2207,3.00977,11.8682,16.3418,21.6035
Zephyr,1,151,2/28/2024 12:51,8,4,6144,2213,3858,24.75,61,31.2207,3,11.8779,16.3418,21.6133
Zephyr,1,152,2/28/2024 12:51,8,4,6144,2213,3858,24.74,61,31.2207,3.00098,11.8779,16.3418,21.6133
Zephyr,1,153,2/28/2024 12:51,8,4,6144,2213,3858,24.73,61,31.2207,3,11.8779,16.3418,21.6133
Zephyr,1,154,2/28/2024 12:51,8,4,6144,2213,3858,24.73,61,31.2207,3,11.8789,16.3418,21.6143
Zephyr,1,155,2/28/2024 12:51,0,0,6144,2213,3858,24.73,61,31.2207,2.99805,11.8799,16.3418,21.6152
Zephyr,1,156,2/28/2024 12:51,8,4,6144,2213,3858,24.73,61,31.2207,2.99805,11.8799,16.3418,21.6152
Zephyr,1,157,2/28/2024 12:51,8,4,6144,2213,3858,24.73,61,31.2207,2.99805,11.8799,16.3418,21.6152
Zephyr,1,158,2/28/2024 12:51,8,4,6144,2213,3858,24.73,61,31.2207,3.00879,11.8701,16.3418,21.6045
Zephyr,1,159,2/28/2024 12:51,8,4,6144,2213,3858,24.73,61,31.2207,3.00586,11.8721,16.3418,21.6074
Zephyr,1,160,2/28/2024 12:51,8,4,6144,2213,3858,24.73,61,31.2207,3.00586,11.8721,16.3418,21.6074
Zephyr,1,161,2/28/2024 12:51,8,4,6144,2213,3858,24.73,61,31.2207,3.00391,11.874,16.3418,21.6094
Zephyr,1,162,2/28/2024 12:51,8,4,6144,2213,3858,24.72,61,31.2207,3.00488,11.874,16.3418,21.6084
Zephyr,1,163,2/28/2024 12:51,0,0,6144,2213,3858,24.73,61,31.2207,3.01172,11.8662,16.3418,21.6016
Zephyr,1,164,2/28/2024 12:51,8,4,6144,2213,3858,24.73,61,31.2207,3.01172,11.8662,16.3418,21.6016
Zephyr,1,165,2/28/2024 12:52,8,4,6144,2213,3858,24.73,62,31.2207,3.02051,11.8574,16.3418,21.5928
Zephyr,1,166,2/28/2024 12:52,8,4,6144,2213,3858,24.73,62,31.2207,3.01074,11.8672,16.3418,21.6035
Zephyr,1,167,2/28/2024 12:52,8,4,6144,2213,3858,24.73,62,31.2207,3.01074,11.8672,16.3418,21.6025
Zephyr,1,168,2/28/2024 12:52,0,0,6144,2213,3858,24.73,62,31.2207,3.0127,11.8643,16.3418,21.6006
Zephyr,1,169,2/28/2024 12:52,8,4,6144,2213,3858,24.73,62,31.2207,3.01172,11.8652,16.3418,21.6016
Zephyr,1,170,2/28/2024 12:52,8,4,6144,2213,3858,24.73,62,31.2207,3.0127,11.8652,16.3418,21.6006
Zephyr,1,171,2/28/2024 12:52,8,4,6144,2213,3858,24.76,62,31.2207,3.01074,11.8662,16.3418,21.6025
Zephyr,1,172,2/28/2024 12:52,8,4,6144,2213,3858,25.03,62,31.2207,3.00879,11.8691,16.3418,21.6045
Zephyr,1,173,2/28/2024 12:52,8,4,6144,2213,3858,25.01,62,31.2207,3.00977,11.8682,16.3418,21.6035
Zephyr,1,174,2/28/2024 12:52,8,4,6144,2213,3858,24.91,62,31.2207,3.00879,11.8691,16.3418,21.6045
Zephyr,1,175,2/28/2024 12:52,0,0,6144,2213,3858,25.62,62,31.2207,3.00684,11.8711,16.3418,21.6064
Zephyr,1,176,2/28/2024 12:52,8,4,6144,2213,3858,25.63,62,31.2207,3.00684,11.8711,16.3418,21.6064
Zephyr,1,177,2/28/2024 12:52,8,4,6144,2213,3858,25.17,62,31.2207,3.00684,11.8701,16.3418,21.6064
Zephyr,1,178,2/28/2024 12:52,8,4,6144,2213,3858,25.92,62,31.2207,3.00781,11.8701,16.3418,21.6055
Zephyr,1,179,2/28/2024 12:52,2,1,6144,2213,3858,25.92,62,31.2207,3.00781,11.8691,16.3418,21.6055
Zephyr,1,180,2/28/2024 12:52,8,4,6144,2213,3858,42.92,62,31.2207,3.00488,11.8721,16.3418,21.6084
Zephyr,1,181,2/28/2024 12:52,8,4,6144,2213,3858,24.88,62,31.2207,3.00391,11.874,16.3418,21.6094
Zephyr,1,182,2/28/2024 12:52,8,4,6144,2213,3858,24.88,62,31.2207,3.00488,11.873,16.3418,21.6084
Zephyr,1,183,2/28/2024 12:52,8,4,6144,2213,3858,24.87,62,31.2207,3.00391,11.873,16.3418,21.6094
Zephyr,1,184,2/28/2024 12:52,8,4,6144,2213,3858,24.89,62,31.2207,3.00391,11.873,16.3418,21.6094
Zephyr,1,185,2/28/2024 12:52,8,4,6144,2213,3858,24.88,62,31.2207,3.00488,11.873,16.3418,21.6084
Zephyr,1,186,2/28/2024 12:52,0,0,6144,2213,3858,24.89,62,31.2207,3.00488,11.873,16.3418,21.6084
Zephyr,1,187,2/28/2024 12:52,8,4,6144,2213,3858,24.87,63,31.2207,3.00391,11.873,16.3418,21.6094
Zephyr,1,188,2/28/2024 12:52,8,4,6144,2213,3858,24.88,63,31.2207,3.01465,11.8633,16.3418,21.5996
Zephyr,1,189,2/28/2024 12:52,8,4,6144,2213,3858,24.87,63,31.2207,3.00586,11.8721,16.3418,21.6074
Zephyr,1,190,2/28/2024 12:52,0,0,6144,2213,3858,24.88,63,31.2207,3.00586,11.8721,16.3418,21.6074
Zephyr,1,191,2/28/2024 12:52,8,4,6144,2213,3858,24.87,63,31.2207,3.00586,11.8711,16.3418,21.6074
Zephyr,1,192,2/28/2024 12:52,8,4,6144,2213,3858,24.88,63,31.2207,3.00586,11.8711,16.3418,21.6074
Zephyr,1,193,2/28/2024 12:52,5,2,6144,2213,3858,24.88,63,31.2207,3.00488,11.8721,16.3418,21.6084
Zephyr,1,194,2/28/2024 12:52,6,3,6144,2213,3858,24.86,63,31.2207,2.98633,11.8906,16.3418,21.627
Zephyr,1,195,2/28/2024 12:52,8,4,6144,2213,3858,24.87,63,31.2207,2.98633,11.8916,16.3418,21.627
Zephyr,1,196,2/28/2024 12:52,0,0,6144,4411,1660,25.49,63,31.2207,2.88086,15.209,13.1299,24.9385
Zephyr,2,0,2/28/2024 12:59,0,0,6144,6065,6,4.19,50,31.2207,2.6709,26.9766,1.57324,27.5332
Zephyr,2,1,2/28/2024 12:59,2,0,6144,5989,82,24.01,51,31.2207,2.89355,26.668,1.65918,27.3047
Zephyr,2,2,2/28/2024 12:59,0,0,6144,5989,82,24.16,51,31.2207,2.88281,26.5977,1.73926,27.3154
Zephyr,2,3,2/28/2024 12:59,0,0,6144,5989,82,24.00,52,31.2207,2.88184,26.5029,1.83496,27.3008
Zephyr,2,4,2/28/2024 12:59,0,0,6144,5989,82,24.03,52,31.2207,2.88184,26.4219,1.91602,27.3008
Zephyr,2,5,2/28/2024 12:59,0,0,6144,5989,82,24.11,52,31.2207,2.89062,26.332,1.99707,27.293
Zephyr,2,6,2/28/2024 12:59,0,0,6144,5989,82,24.18,52,31.2207,2.89062,26.2422,2.08691,27.2891
Zephyr,2,7,2/28/2024 12:59,0,0,6144,5989,82,24.18,52,31.2207,2.88867,26.1758,2.15527,27.3027
Zephyr,2,8,2/28/2024 12:59,0,0,6144,5989,82,24.04,52,31.2207,2.88867,26.0957,2.23438,27.3037
Zephyr,2,9,2/28/2024 12:59,0,0,6144,5989,82,24.19,52,31.2207,2.88965,26.0146,2.31445,27.3027
Zephyr,2,10,2/28/2024 12:59,0,0,6144,5989,82,24.17,52,31.2207,2.87598,25.9482,2.39453,27.3164
Zephyr,2,11,2/28/2024 12:59,0,0,6144,5989,82,24.18,52,31.2207,2.87207,25.8721,2.47559,27.3203
Zephyr,2,12,2/28/2024 12:59,0,0,6144,5989,82,24.17,52,31.2207,2.87305,25.79,2.55664,27.3193
Zephyr,2,13,2/28/2024 12:59,0,0,6144,5989,82,24.17,52,31.2207,2.87305,25.709,2.63672,27.3193
Zephyr,2,14,2/28/2024 12:59,0,0,6144,5989,82,24.18,52,31.2207,2.87402,25.627,2.71875,27.3193
Zephyr,2,15,2/28/2024 12:59,0,0,6144,5989,82,24.19,53,31.2207,2.88086,25.5342,2.80371,27.3105
Zephyr,2,16,2/28/2024 12:59,0,0,6144,5989,82,24.19,52,31.2207,2.88086,25.4766,2.8623,27.3105
Zephyr,2,17,2/28/2024 12:59,0,0,6144,5989,82,24.19,52,31.2207,2.88281,25.4111,2.92676,27.3086
Zephyr,2,18,2/28/2024 12:59,0,0,6144,5989,82,21.80,52,31.2207,2.88184,25.3281,3.00977,27.3096
Zephyr,2,19,2/28/2024 12:59,0,0,6144,5989,82,21.80,52,31.2207,2.88184,25.249,3.08887,27.3096
Zephyr,2,20,2/28/2024 12:59,0,0,6144,5989,82,17.61,52,31.2207,2.87793,25.1748,3.16699,27.3135
Zephyr,2,21,2/28/2024 12:59,0,0,6144,5989,82,17.47,52,31.2207,2.87891,25.0928,3.24902,27.3125
Zephyr,2,22,2/28/2024 12:59,0,0,6144,5989,82,17.46,52,31.2207,2.87891,25.0107,3.33008,27.3125
Zephyr,2,23,2/28/2024 12:59,0,0,6144,5989,82,6.79,52,31.2207,2.87891,24.9297,3.41113,27.3125
Zephyr,2,24,2/28/2024 12:59,0,0,6144,5989,82,6.79,52,31.2207,2.87988,24.8525,3.4873,27.3115
Zephyr,2,25,2/28/2024 12:59,0,0,6144,5989,82,6.79,52,31.2207,2.88379,24.7695,3.56641,27.3105
Zephyr,2,26,2/28/2024 13:00,0,0,6144,5989,82,4.18,51,31.2207,2.88281,24.6875,3.64941,27.3105
Zephyr,2,27,2/28/2024 13:00,0,0,6144,5989,82,4.18,51,31.2207,2.88281,24.6055,3.73047,27.3115
Zephyr,2,28,2/28/2024 13:00,0,0,6144,5989,82,4.33,51,31.2207,2.88379,24.5273,3.80859,27.3105
Zephyr,2,29,2/28/2024 13:00,0,0,6144,5989,82,4.33,51,31.2207,2.89453,24.4521,3.87305,27.3008
Zephyr,2,30,2/28/2024 13:00,0,0,6144,5989,82,4.18,51,31.2207,2.89648,24.3682,3.95508,27.2979
Zephyr,2,31,2/28/2024 13:00,0,0,6144,5989,82,4.18,51,31.2207,2.88672,24.2988,4.03418,27.3076
Zephyr,2,32,2/28/2024 13:00,0,0,6144,5989,82,4.18,51,31.2207,2.88281,24.2246,4.1123,27.3115
Zephyr,2,33,2/28/2024 13:00,0,0,6144,5989,82,4.18,51,31.2207,2.88477,24.1465,4.18848,27.3135
Zephyr,2,34,2/28/2024 13:00,0,0,6144,5989,82,4.18,51,31.2207,2.88281,24.0684,4.26758,27.3154
Zephyr,2,35,2/28/2024 13:00,0,0,6144,5989,82,4.18,51,31.2207,2.89258,23.9766,4.35059,27.3057
Zephyr,2,36,2/28/2024 13:00,0,0,6144,5989,82,4.18,51,31.2207,2.88379,23.9033,4.43262,27.3145
Zephyr,2,37,2/28/2024 13:00,0,0,6144,5989,82,4.33,50,31.2207,2.88379,23.8223,4.5127,27.3145
Zephyr,2,38,2/28/2024 13:00,0,0,6144,5989,82,4.18,51,31.2207,2.88281,23.7441,4.59277,27.3154
Zephyr,2,39,2/28/2024 13:00,0,0,6144,5989,82,4.18,51,31.2207,2.88281,23.6621,4.6748,27.3145
Zephyr,2,40,2/28/2024 13:00,0,0,6144,5989,82,4.18,50,31.2207,2.88379,23.5791,4.75684,27.3145
Zephyr,2,41,2/28/2024 13:00,0,0,6144,5989,82,4.18,50,31.2207,2.88379,23.499,4.83691,27.3145
Zephyr,2,42,2/28/2024 13:00,0,0,6144,5989,82,4.18,50,31.2207,2.88477,23.417,4.91797,27.3125
Zephyr,2,43,2/28/2024 13:00,0,0,6144,5989,82,4.33,50,31.2207,2.88477,23.334,5.00098,27.3125
Zephyr,2,44,2/28/2024 13:00,0,0,6144,5989,82,4.18,50,31.2207,2.88574,23.25,5.08398,27.3115
Zephyr,2,45,2/28/2024 13:00,0,0,6144,5989,82,4.18,50,31.2207,2.88574,23.1719,5.16211,27.3125
Zephyr,2,46,2/28/2024 13:00,0,0,6144,5989,82,4.33,50,31.2207,2.88574,23.0918,5.24219,27.3115
Zephyr,2,47,2/28/2024 13:00,0,0,6144,5989,82,4.18,50,31.2207,2.88672,23.0088,5.3252,27.3105
Zephyr,2,48,2/28/2024 13:00,0,0,6144,5989,82,4.18,50,31.2207,2.8916,22.9219,5.40723,27.3057
Zephyr,2,49,2/28/2024 13:00,0,0,6144,5989,82,4.18,50,31.2207,2.88281,22.8477,5.48926,27.3145
Zephyr,2,50,2/28/2024 13:00,0,0,6144,5989,82,4.18,50,31.2207,2.88281,22.7715,5.56543,27.3145
Zephyr,2,51,2/28/2024 13:00,0,0,6144,5989,82,4.18,50,31.2207,2.88281,22.6895,5.64746,27.3154
Zephyr,2,52,2/28/2024 13:00,0,0,6144,5989,82,4.33,50,31.2207,2.87109,22.625,5.72363,27.3262
Zephyr,2,53,2/28/2024 13:00,0,0,6144,5989,82,4.33,50,31.2207,2.87207,22.5469,5.80078,27.3252
Zephyr,2,54,2/28/2024 13:00,0,0,6144,5989,82,4.18,50,31.2207,2.87207,22.4688,5.87891,27.3252
Zephyr,2,55,2/28/2024 13:00,0,0,6144,5989,82,4.18,49,31.2207,2.88184,22.3799,5.95898,27.3154
Zephyr,2,56,2/28/2024 13:00,0,0,6144,5989,82,4.33,50,31.2207,2.87109,22.3105,6.03809,27.3252
Zephyr,2,57,2/28/2024 13:00,0,0,6144,5989,82,4.18,50,31.2207,2.8623,22.2432,6.11328,27.335
Zephyr,2,58,2/28/2024 13:00,0,0,6144,5989,82,4.33,49,31.2207,2.86328,22.166,6.19043,27.334
Zephyr,2,59,2/28/2024 13:00,0,0,6144,5989,82,4.03,49,31.2207,2.86328,22.0879,6.26855,27.334
Zephyr,2,60,2/28/2024 13:00,0,0,6144,5989,82,4.18,49,31.2207,2.87207,22.001,6.34668,27.3242
Zephyr,2,61,2/28/2024 13:00,0,0,6144,5989,82,4.18,49,31.2207,2.86328,21.9297,6.42676,27.333
Zephyr,2,62,2/28/2024 13:00,17,3,6144,5233,838,23.99,50,31.2207,2.87305,21.6885,6.6582,27.1123
Zephyr,2,63,2/28/2024 13:00,0,0,6144,5233,838,23.99,50,31.2207,2.87695,19.3213,9.02148,24.7471
Zephyr,2,64,2/28/2024 13:00,0,0,6144,2395,3676,23.99,50,31.2207,2.94336,17.6318,10.6445,23.0596
Zephyr,2,65,2/28/2024 13:00,0,0,6144,4587,1484,25.80,51,31.2207,2.94434,17.4902,10.7842,22.9189
Zephyr,2,66,2/28/2024 13:00,11,3,6144,5233,838,25.78,51,31.2207,2.87598,21.5479,6.79492,26.9717
Zephyr,2,67,2/28/2024 13:00,0,0,6144,5233,838,25.78,51,31.2207,2.87988,19.1816,9.1582,24.6074
Zephyr,2,68,2/28/2024 13:00,0,0,6144,2395,3676,25.77,51,31.2207,2.94531,17.4922,10.7822,22.9199
Zephyr,2,69,2/28/2024 13:00,78,16,6144,2283,3788,50.94,53,31.2207,2.98633,16.2588,11.9746,21.6904
Zephyr,2,70,2/28/2024 13:00,77,15,6144,2283,3788,42.33,55,31.2207,2.98633,16.2578,11.9756,21.6904
Zephyr,2,71,2/28/2024 13:00,74,13,6144,2283,3788,55.92,56,31.2207,2.9873,16.2578,11.9756,21.6895
Zephyr,2,72,2/28/2024 13:00,100,27,6144,2213,3858,39.69,56,31.2207,2.9873,16.2578,11.9756,21.6895
Zephyr,2,73,2/28/2024 13:00,76,13,6144,2213,3858,59.33,56,31.2207,2.98828,16.2568,11.9756,21.6885
Zephyr,2,74,2/28/2024 13:00,73,13,6144,2213,3858,63.71,57,31.2207,2.9873,16.2568,11.9756,21.6885
Zephyr,2,75,2/28/2024 13:00,66,11,6144,2213,3858,68.22,57,31.2207,2.9873,16.2568,11.9756,21.6895
Zephyr,2,76,2/28/2024 13:00,70,13,6144,2213,3858,64.07,57,31.2207,2.9873,16.2568,11.9756,21.6895
Zephyr,2,77,2/28/2024 13:00,70,13,6144,2213,3858,44.47,58,31.2207,2.98633,16.2578,11.9756,21.6895
Zephyr,2,78,2/28/2024 13:00,71,13,6144,2213,3858,33.35,59,31.2207,2.9873,16.2578,11.9756,21.6895
Zephyr,2,79,2/28/2024 13:00,73,13,6144,2213,3858,52.84,59,31.2207,2.98633,16.2578,11.9756,21.6895
Zephyr,2,80,2/28/2024 13:00,0,0,6144,2213,3858,33.49,58,31.2207,2.99512,16.25,11.9756,21.6816
Zephyr,2,81,2/28/2024 13:00,6,4,6144,2213,3858,30.19,58,31.2207,3.0127,16.2324,11.9756,21.6641
Zephyr,2,82,2/28/2024 13:00,6,4,6144,2213,3858,28.98,58,31.2207,3.01562,16.2285,11.9756,21.6602
Zephyr,2,83,2/28/2024 13:00,7,4,6144,2213,3858,35.76,57,31.2207,3.0166,16.2275,11.9756,21.6592
Zephyr,2,84,2/28/2024 13:01,0,0,6144,2213,3858,24.45,57,31.2207,3.01758,16.2275,11.9756,21.6592
Zephyr,2,85,2/28/2024 13:01,7,4,6144,2213,3858,41.92,57,31.2207,3.01758,16.2266,11.9756,21.6582
Zephyr,2,86,2/28/2024 13:01,7,4,6144,2213,3858,24.44,58,31.2207,3.01953,16.2246,11.9756,21.6572
Zephyr,2,87,2/28/2024 13:01,7,4,6144,2213,3858,38.40,58,31.2207,3.0166,16.2285,11.9756,21.6602
Zephyr,2,88,2/28/2024 13:01,7,4,6144,2213,3858,25.19,58,31.2207,3.01562,16.2285,11.9756,21.6602
Zephyr,2,89,2/28/2024 13:01,7,4,6144,2213,3858,24.59,58,31.2207,3.0166,16.2275,11.9756,21.6602
Zephyr,2,90,2/28/2024 13:01,0,0,6144,2213,3858,24.59,58,31.2207,3.01758,16.2266,11.9756,21.6592
Zephyr,2,91,2/28/2024 13:01,0,0,6144,2213,3858,24.59,58,31.2207,3.01855,16.2256,11.9756,21.6582
Zephyr,2,92,2/28/2024 13:01,7,4,6144,2213,3858,24.59,58,31.2207,3.01953,16.2256,11.9756,21.6572
Zephyr,2,93,2/28/2024 13:01,7,4,6144,2213,3858,24.58,59,31.2207,3.01953,16.2246,11.9756,21.6572
Zephyr,2,94,2/28/2024 13:01,7,4,6144,2213,3858,24.58,59,31.2207,3.01953,16.2246,11.9756,21.6562
Zephyr,2,95,2/28/2024 13:01,7,4,6144,2213,3858,42.22,59,31.2207,3.01562,16.2285,11.9756,21.6602
Zephyr,2,96,2/28/2024 13:01,0,0,6144,4411,1660,24.61,59,31.2207,2.91309,20.5674,7.74023,25.9951
Zephyr,3,0,2/28/2024 13:04,0,0,6144,6065,6,4.18,46,31.2207,2.76074,21.8984,6.56055,27.4316
Zephyr,3,1,2/28/2024 13:04,0,0,6144,5989,82,23.87,47,31.2207,2.93359,21.7168,6.56934,27.25
Zephyr,3,2,2/28/2024 13:04,0,0,6144,5233,838,23.86,47,31.2207,2.94727,19.7734,8.49902,25.3086
Zephyr,3,3,2/28/2024 13:04,3,0,6144,2395,3676,23.85,48,31.2207,3.0127,18.0967,10.1104,23.6338
Zephyr,3,4,2/28/2024 13:04,45,11,6144,4587,1484,25.36,48,31.2207,3.01367,16.1152,12.0908,21.6543
Zephyr,3,5,2/28/2024 13:04,0,0,6144,4591,1480,25.66,48,31.2207,2.92676,21.1562,7.13672,26.6904
Zephyr,3,6,2/28/2024 13:04,0,0,6144,5233,838,25.64,48,31.2207,2.9209,19.5498,8.74902,25.085
Zephyr,3,7,2/28/2024 13:04,2,3,6144,2395,3676,23.86,48,31.2207,2.9873,17.8652,10.3672,23.4023
Zephyr,3,8,2/28/2024 13:04,10,1,6144,2283,3788,31.01,49,31.2207,3.02734,16.1016,12.0908,21.6406
Zephyr,3,9,2/28/2024 13:04,72,13,6144,2283,3788,49.62,52,31.2207,3.02734,16.1006,12.0908,21.6396
Zephyr,3,10,2/28/2024 13:04,79,15,6144,2283,3788,68.75,53,31.2207,3.0293,16.0996,12.0908,21.6387
Zephyr,3,11,2/28/2024 13:04,96,22,6144,2283,3788,78.98,53,31.2207,3.02832,16.0996,12.0908,21.6387
Zephyr,3,12,2/28/2024 13:04,74,13,6144,2213,3858,52.25,54,31.2207,3.0293,16.0996,12.0908,21.6387
Zephyr,3,13,2/28/2024 13:04,66,11,6144,2213,3858,36.29,54,31.2207,3.02832,16.0996,12.0908,21.6387
Zephyr,3,14,2/28/2024 13:04,75,13,6144,2213,3858,33.50,55,31.2207,3.03125,16.0996,12.0879,21.6387
Zephyr,3,15,2/28/2024 13:04,95,23,6144,2213,3858,31.56,55,31.2207,3.03223,16.0996,12.0879,21.6387
Zephyr,3,16,2/28/2024 13:04,58,11,6144,2213,3858,89.66,56,31.2207,3.03125,16.1006,12.0879,21.6396
Zephyr,3,17,2/28/2024 13:04,73,14,6144,2213,3858,73.14,56,31.2207,3.03223,16.0996,12.0879,21.6387
Zephyr,3,18,2/28/2024 13:04,67,13,6144,2213,3858,59.06,57,31.2207,3.03223,16.0986,12.0879,21.6387
Zephyr,3,19,2/28/2024 13:04,6,4,6144,2213,3858,28.26,56,31.2207,3.03223,16.0986,12.0879,21.6377
Zephyr,3,20,2/28/2024 13:04,7,4,6144,2213,3858,27.85,55,31.2207,3.03418,16.0977,12.0879,21.6367
Zephyr,3,21,2/28/2024 13:04,6,4,6144,2213,3858,27.85,55,31.2207,3.03516,16.0967,12.0879,21.6357
Zephyr,3,22,2/28/2024 13:04,7,4,6144,2213,3858,27.84,55,31.2207,3.03516,16.0957,12.0879,21.6348
Zephyr,3,23,2/28/2024 13:04,0,0,6144,2213,3858,27.86,56,31.2207,3.03613,16.0957,12.0879,21.6348
Zephyr,3,24,2/28/2024 13:04,7,4,6144,2213,3858,36.53,56,31.2207,3.03711,16.0947,12.0879,21.6338
Zephyr,3,25,2/28/2024 13:04,7,4,6144,2213,3858,30.71,56,31.2207,3.03711,16.0947,12.0879,21.6338
Zephyr,3,26,2/28/2024 13:04,7,4,6144,2213,3858,28.43,56,31.2207,3.03418,16.0977,12.0879,21.6367
Zephyr,3,27,2/28/2024 13:04,7,4,6144,2213,3858,28.11,56,31.2207,3.03418,16.0967,12.0879,21.6357
Zephyr,3,28,2/28/2024 13:04,7,4,6144,2213,3858,27.99,56,31.2207,3.04492,16.0869,12.0889,21.626
Zephyr,3,29,2/28/2024 13:04,7,4,6144,2213,3858,27.98,57,31.2207,3.03613,16.0957,12.0889,21.6348
Zephyr,3,30,2/28/2024 13:04,7,4,6144,2213,3858,27.99,57,31.2207,3.03613,16.0947,12.0879,21.6338
Zephyr,3,31,2/28/2024 13:04,6,3,6144,2213,3858,27.99,57,31.2207,3.03906,16.0928,12.0879,21.6318
Zephyr,3,32,2/28/2024 13:04,7,4,6144,2213,3858,27.99,57,31.2207,3.03809,16.0928,12.0879,21.6318
Zephyr,3,33,2/28/2024 13:04,7,4,6144,2213,3858,51.70,57,31.2207,3.03906,16.0928,12.0879,21.6318
Zephyr,3,34,2/28/2024 13:04,7,4,6144,2213,3858,30.86,58,31.2207,3.03809,16.0928,12.0879,21.6328
Zephyr,3,35,2/28/2024 13:04,7,4,6144,2213,3858,35.74,58,31.2207,3.03809,16.0938,12.0879,21.6328
Zephyr,3,36,2/28/2024 13:04,7,4,6144,2213,3858,29.03,58,31.2207,3.03809,16.0928,12.0879,21.6318
Zephyr,3,37,2/28/2024 13:04,7,4,6144,2213,3858,28.13,58,31.2207,3.03809,16.0928,12.0889,21.6318
Zephyr,3,38,2/28/2024 13:04,7,4,6144,2213,3858,28.14,58,31.2207,3.03906,16.0928,12.0889,21.6318
Zephyr,3,39,2/28/2024 13:04,7,4,6144,2213,3858,28.13,59,31.2207,3.03906,16.0928,12.0889,21.6318
Zephyr,3,40,2/28/2024 13:04,7,4,6144,2213,3858,28.14,59,31.2207,3.03906,16.0918,12.0889,21.6309
Zephyr,3,41,2/28/2024 13:04,7,4,6144,2213,3858,28.11,59,31.2207,3.04004,16.0918,12.0889,21.6309
Zephyr,3,42,2/28/2024 13:04,7,4,6144,2213,3858,28.14,59,31.2207,3.0498,16.0811,12.0889,21.6211
Zephyr,3,43,2/28/2024 13:04,7,4,6144,2213,3858,45.71,59,31.2207,3.04004,16.0908,12.0889,21.6309
Zephyr,3,44,2/28/2024 13:04,7,4,6144,2213,3858,28.13,59,31.2207,3.04004,16.0918,12.0889,21.6309
Zephyr,3,45,2/28/2024 13:04,0,0,6144,2213,3858,28.41,59,31.2207,3.04102,16.0664,12.1123,21.6289
Zephyr,3,46,2/28/2024 13:04,7,4,6144,2213,3858,29.77,59,31.2207,3.05859,16.0391,12.1221,21.6123
Zephyr,3,47,2/28/2024 13:04,7,4,6144,2213,3858,28.56,60,31.2207,3.06738,16.0303,12.1221,21.6035
Zephyr,3,48,2/28/2024 13:05,7,4,6144,2213,3858,29.03,60,31.2207,3.03516,16.0625,12.1221,21.6357
Zephyr,3,49,2/28/2024 13:05,7,4,6144,2213,3858,28.56,60,31.2207,3.04004,16.0576,12.1221,21.6309
Zephyr,3,50,2/28/2024 13:05,7,4,6144,2213,3858,27.74,60,31.2207,3.05078,16.0459,12.123,21.6201
Zephyr,3,51,2/28/2024 13:05,3,1,6144,2213,3858,26.26,59,31.2207,3.05078,16.0459,12.123,21.6191
Zephyr,3,52,2/28/2024 13:05,4,2,6144,2213,3858,25.78,60,31.2207,3.05078,16.0459,12.123,21.6201
Zephyr,3,53,2/28/2024 13:05,7,4,6144,2213,3858,24.88,60,31.2207,3.05078,16.0459,12.123,21.6201
Zephyr,3,54,2/28/2024 13:05,7,4,6144,2213,3858,24.73,60,31.2207,3.05176,16.0449,12.123,21.6191
Zephyr,3,55,2/28/2024 13:05,7,4,6144,2213,3858,24.59,60,31.2207,3.05273,16.0439,12.123,21.6182
Zephyr,3,56,2/28/2024 13:05,0,0,6144,2213,3858,25.21,60,31.2207,3.04785,16.0488,12.123,21.623
Zephyr,3,57,2/28/2024 13:05,7,4,6144,2213,3858,24.58,60,31.2207,3.04785,16.0488,12.123,21.623
Zephyr,3,58,2/28/2024 13:05,7,4,6144,2213,3858,24.58,60,31.2207,3.04688,16.0488,12.123,21.623
Zephyr,3,59,2/28/2024 13:05,0,0,6144,2213,3858,24.58,60,31.2207,3.04785,16.0488,12.123,21.623
Zephyr,3,60,2/28/2024 13:05,2,1,6144,2213,3858,32.96,60,31.2207,3.04395,16.0527,12.123,21.627
Zephyr,3,61,2/28/2024 13:05,8,4,6144,2213,3858,32.92,60,31.2207,3.04395,16.0527,12.123,21.626
Zephyr,3,62,2/28/2024 13:05,8,4,6144,2213,3858,26.71,60,31.2207,3.04199,16.0547,12.123,21.6289
Zephyr,3,63,2/28/2024 13:05,8,4,6144,2213,3858,33.83,60,31.2207,3.05273,16.0439,12.123,21.6182
Zephyr,3,64,2/28/2024 13:05,8,4,6144,2213,3858,25.78,60,31.2207,3.04297,16.0537,12.123,21.6279
Zephyr,3,65,2/28/2024 13:05,0,0,6144,2213,3858,25.03,60,31.2207,3.04297,16.0537,12.123,21.6279
Zephyr,3,66,2/28/2024 13:05,8,4,6144,2213,3858,24.89,61,31.2207,3.04297,16.0537,12.123,21.6279
Zephyr,3,67,2/28/2024 13:05,7,4,6144,2213,3858,24.74,61,31.2207,3.04102,16.0557,12.123,21.6299
Zephyr,3,68,2/28/2024 13:05,8,4,6144,2213,3858,24.75,61,31.2207,3.04004,16.0566,12.123,21.6299
Zephyr,3,69,2/28/2024 13:05,8,4,6144,2213,3858,24.74,61,31.2207,3.04004,16.0557,12.123,21.6299
Zephyr,3,70,2/28/2024 13:05,8,4,6144,2213,3858,24.75,61,31.2207,3.04102,16.0557,12.123,21.6299
Zephyr,3,71,2/28/2024 13:05,0,0,6144,2213,3858,24.76,61,31.2207,3.04102,16.0557,12.123,21.6299
Zephyr,3,72,2/28/2024 13:05,8,4,6144,2213,3858,24.77,61,31.2207,3.04199,16.0547,12.123,21.6289
Zephyr,3,73,2/28/2024 13:05,8,4,6144,2213,3858,24.74,61,31.2207,3.04102,16.0557,12.123,21.6289
Zephyr,3,74,2/28/2024 13:05,0,0,6144,2213,3858,24.89,61,31.2207,3.04199,16.0547,12.123,21.6289
Zephyr,3,75,2/28/2024 13:05,8,4,6144,2213,3858,24.73,61,31.2207,3.04199,16.0537,12.123,21.6279
Zephyr,3,76,2/28/2024 13:05,8,4,6144,2213,3858,24.74,61,31.2207,3.04102,16.0557,12.123,21.6289
Zephyr,3,77,2/28/2024 13:05,8,4,6144,2213,3858,24.73,61,31.2207,3.05078,16.0459,12.123,21.6201
Zephyr,3,78,2/28/2024 13:05,8,4,6144,2213,3858,24.74,61,31.2207,3.02441,16.0713,12.123,21.6455
Zephyr,3,79,2/28/2024 13:05,8,4,6144,2213,3858,24.89,61,31.2207,3.02344,16.0732,12.123,21.6475
Zephyr,3,80,2/28/2024 13:05,8,4,6144,2213,3858,24.73,61,31.2207,3.02344,16.0732,12.123,21.6475
Zephyr,3,81,2/28/2024 13:05,8,4,6144,2213,3858,24.75,62,31.2207,3.02344,16.0732,12.123,21.6475
Zephyr,3,82,2/28/2024 13:05,8,4,6144,2213,3858,24.74,62,31.2207,3.02344,16.0732,12.123,21.6475
Zephyr,3,83,2/28/2024 13:05,8,4,6144,2213,3858,24.88,62,31.2207,3.02148,16.0752,12.123,21.6494
Zephyr,3,84,2/28/2024 13:05,8,4,6144,2213,3858,24.92,62,31.2207,3.02246,16.0742,12.123,21.6475
Zephyr,3,85,2/28/2024 13:05,6,3,6144,2213,3858,24.75,62,31.2207,3.02734,16.0693,12.123,21.6426
Zephyr,3,86,2/28/2024 13:05,8,4,6144,2213,3858,43.94,62,31.2207,3.02051,16.0762,12.123,21.6504
Zephyr,3,87,2/28/2024 13:05,8,4,6144,2213,3858,24.74,62,31.2207,3.02051,16.0762,12.123,21.6504
Zephyr,3,88,2/28/2024 13:05,8,4,6144,2213,3858,24.73,62,31.2207,3.02051,16.0762,12.123,21.6494
Zephyr,3,89,2/28/2024 13:05,0,0,6144,2213,3858,33.19,62,31.2207,3.02148,16.0752,12.123,21.6494
Zephyr,3,90,2/28/2024 13:05,8,4,6144,2213,3858,43.98,62,31.2207,3.02246,16.0742,12.123,21.6484
Zephyr,3,91,2/28/2024 13:05,8,4,6144,2213,3858,41.60,62,31.2207,3.02344,16.0732,12.123,21.6475
Zephyr,3,92,2/28/2024 13:05,8,4,6144,2213,3858,33.72,62,31.2207,3.02148,16.0742,12.123,21.6484
Zephyr,3,93,2/28/2024 13:05,8,4,6144,2213,3858,34.26,62,31.2207,3.02344,16.0732,12.123,21.6475
Zephyr,3,94,2/28/2024 13:05,0,0,6144,2213,3858,27.75,62,31.2207,3.02344,16.0732,12.123,21.6465
Zephyr,3,95,2/28/2024 13:05,8,4,6144,2213,3858,26.05,62,31.2207,3.02246,16.0742,12.123,21.6475
Zephyr,3,96,2/28/2024 13:05,8,4,6144,2213,3858,37.12,62,31.2207,3.02344,16.0732,12.123,21.6475
Zephyr,3,97,2/28/2024 13:05,2,1,6144,2213,3858,24.89,62,31.2207,3.02441,16.0723,12.123,21.6465
Zephyr,3,98,2/28/2024 13:05,8,4,6144,2213,3858,24.89,62,31.2207,3.02246,16.0742,12.123,21.6475
Zephyr,3,99,2/28/2024 13:05,8,4,6144,2213,3858,24.90,63,31.2207,3.02344,16.0732,12.123,21.6475
Zephyr,3,100,2/28/2024 13:05,8,4,6144,2213,3858,24.88,63,31.2207,3.02344,16.0732,12.123,21.6475
Zephyr,3,101,2/28/2024 13:05,5,3,6144,2213,3858,24.89,63,31.2207,3.02344,16.0723,12.123,21.6465
Zephyr,3,102,2/28/2024 13:05,8,4,6144,2213,3858,24.91,63,31.2207,3.02148,16.0752,12.123,21.6494
Zephyr,3,103,2/28/2024 13:05,0,0,6144,2213,3858,25.33,63,31.2207,3.02148,16.0752,12.123,21.6484
Zephyr,3,104,2/28/2024 13:05,8,4,6144,2213,3858,25.03,63,31.2207,3.03125,16.0645,12.123,21.6387
Zephyr,3,105,2/28/2024 13:05,8,4,6144,2213,3858,25.33,63,31.2207,3.02051,16.0752,12.123,21.6494
Zephyr,3,106,2/28/2024 13:06,8,4,6144,2213,3858,25.49,63,31.2207,3.01953,16.0762,12.123,21.6504
Zephyr,3,107,2/28/2024 13:06,0,0,6144,2213,3858,28.50,63,31.2207,3.02637,16.0693,12.123,21.6436
Zephyr,3,108,2/28/2024 13:06,8,4,6144,2213,3858,24.88,63,31.2207,3.04492,16.0518,12.123,21.625
Zephyr,3,109,2/28/2024 13:06,8,4,6144,2213,3858,24.90,63,31.2207,3.04785,16.0479,12.123,21.6221
Zephyr,3,110,2/28/2024 13:06,0,0,6144,4411,1660,26.53,63,31.2207,2.94336,18.5938,9.68262,24.166
Zephyr,4,0,2/28/2024 13:25,0,0,6144,6065,6,4.03,43,31.2207,2.72461,21.8945,6.60059,27.4707
Zephyr,4,1,2/28/2024 13:25,0,0,6144,5989,82,23.71,44,31.2207,2.90625,21.7021,6.6123,27.2783
Zephyr,4,2,2/28/2024 13:25,0,0,6144,5233,838,23.86,44,31.2207,2.91406,19.7852,8.52051,25.3623
Zephyr,4,3,2/28/2024 13:25,3,0,6144,2395,3676,24.47,45,31.2207,2.97656,18.1748,10.0684,23.7549
Zephyr,4,4,2/28/2024 13:25,0,0,6144,2391,3680,23.74,45,31.2207,3.00977,16.0752,12.1348,21.6572
Zephyr,4,5,2/28/2024 13:25,0,0,6144,4591,1480,25.35,45,31.2207,2.89453,20.3291,7.99609,25.9072
Zephyr,4,6,2/28/2024 13:25,0,0,6144,5233,838,25.48,45,31.2207,2.9082,19.8027,8.50879,25.3809
Zephyr,4,7,2/28/2024 13:25,3,0,6144,2395,3676,25.64,46,31.2207,2.97461,18.1416,10.1045,23.7217
Zephyr,4,8,2/28/2024 13:25,11,1,6144,2345,3726,34.53,46,31.2207,3.01758,16.0732,12.1289,21.6562
Zephyr,4,9,2/28/2024 13:25,78,14,6144,2283,3788,63.37,49,31.2207,3.01758,16.0723,12.1289,21.6553
Zephyr,4,10,2/28/2024 13:25,72,12,6144,2283,3788,52.95,50,31.2207,3.01758,16.0732,12.1289,21.6553
Zephyr,4,11,2/28/2024 13:25,77,14,6144,2283,3788,89.42,50,31.2207,3.02734,16.0635,12.1289,21.6455
Zephyr,4,12,2/28/2024 13:25,73,13,6144,2213,3858,46.00,50,31.2207,3.01562,16.0742,12.1289,21.6572
Zephyr,4,13,2/28/2024 13:25,72,14,6144,2213,3858,65.87,51,31.2207,3.00586,16.084,12.1289,21.667
Zephyr,4,14,2/28/2024 13:25,66,12,6144,2213,3858,78.86,52,31.2207,3.00684,16.084,12.1289,21.666
Zephyr,4,15,2/28/2024 13:25,100,27,6144,2213,3858,71.27,53,31.2207,3.00586,16.084,12.1289,21.667
Zephyr,4,16,2/28/2024 13:25,72,13,6144,2213,3858,41.87,53,31.2207,3.00684,16.084,12.1289,21.666
Zephyr,4,17,2/28/2024 13:25,69,13,6144,2213,3858,46.91,53,31.2207,3.00684,16.083,12.1289,21.666
Zephyr,4,18,2/28/2024 13:25,72,14,6144,2213,3858,66.07,53,31.2207,3.01074,16.083,12.126,21.665
Zephyr,4,19,2/28/2024 13:25,99,29,6144,2213,3858,43.87,54,31.2207,3.00684,16.0869,12.126,21.6689
Zephyr,4,20,2/28/2024 13:25,7,4,6144,2213,3858,26.21,52,31.2207,3.00781,16.0859,12.126,21.668
Zephyr,4,21,2/28/2024 13:25,7,4,6144,2213,3858,26.22,52,31.2207,3.00781,16.085,12.126,21.668
Zephyr,4,22,2/28/2024 13:25,7,4,6144,2213,3858,26.23,52,31.2207,3.00684,16.0869,12.126,21.6689
Zephyr,4,23,2/28/2024 13:25,7,4,6144,2213,3858,26.21,53,31.2207,2.98926,16.1045,12.126,21.6875
Zephyr,4,24,2/28/2024 13:25,7,4,6144,2213,3858,26.22,53,31.2207,2.99805,16.0947,12.126,21.6777
Zephyr,4,25,2/28/2024 13:25,0,0,6144,2213,3858,26.23,53,31.2207,2.98926,16.1045,12.126,21.6865
Zephyr,4,26,2/28/2024 13:25,7,4,6144,2213,3858,26.35,53,31.2207,2.99023,16.1035,12.126,21.6855
Zephyr,4,27,2/28/2024 13:25,7,4,6144,2213,3858,26.67,53,31.2207,2.99121,16.1025,12.126,21.6846
Zephyr,4,28,2/28/2024 13:25,7,4,6144,2213,3858,49.46,53,31.2207,2.99219,16.0928,12.1338,21.6758
Zephyr,4,29,2/28/2024 13:25,7,4,6144,2213,3858,26.22,54,31.2207,3.00293,16.083,12.1338,21.665
Zephyr,4,30,2/28/2024 13:26,0,0,6144,2213,3858,26.23,54,31.2207,2.99414,16.0918,12.1338,21.6738
Zephyr,4,31,2/28/2024 13:26,7,4,6144,2213,3858,26.38,54,31.2207,2.99512,16.0908,12.1338,21.6729
Zephyr,4,32,2/28/2024 13:26,3,2,6144,2213,3858,26.36,54,31.2207,2.99512,16.0908,12.1338,21.6738
Zephyr,4,33,2/28/2024 13:26,7,4,6144,2213,3858,36.91,54,31.2207,2.99609,16.0898,12.1338,21.6719
Zephyr,4,34,2/28/2024 13:26,7,4,6144,2213,3858,26.37,54,31.2207,3.00781,16.0781,12.1338,21.6602
Zephyr,4,35,2/28/2024 13:26,7,4,6144,2213,3858,26.37,55,31.2207,2.99609,16.0889,12.1338,21.6719
Zephyr,4,36,2/28/2024 13:26,7,4,6144,2213,3858,26.36,55,31.2207,2.99805,16.0869,12.1338,21.6699
Zephyr,4,37,2/28/2024 13:26,7,4,6144,2213,3858,26.38,55,31.2207,2.99902,16.0869,12.1338,21.6689
Zephyr,4,38,2/28/2024 13:26,7,4,6144,2213,3858,26.36,55,31.2207,2.99512,16.0898,12.1338,21.6729
Zephyr,4,39,2/28/2024 13:26,7,4,6144,2213,3858,26.52,55,31.2207,2.99609,16.0898,12.1338,21.6719
Zephyr,4,40,2/28/2024 13:26,0,0,6144,2213,3858,26.52,55,31.2207,3.00586,16.0801,12.1338,21.6631
Zephyr,4,41,2/28/2024 13:26,7,4,6144,2213,3858,27.25,56,31.2207,2.99512,16.0908,12.1338,21.6729
Zephyr,4,42,2/28/2024 13:26,7,4,6144,2213,3858,33.50,56,31.2207,2.99609,16.0898,12.1338,21.6719
Zephyr,4,43,2/28/2024 13:26,0,0,6144,2213,3858,44.35,56,31.2207,2.99609,16.0889,12.1338,21.6719
Zephyr,4,44,2/28/2024 13:26,7,4,6144,2213,3858,26.51,56,31.2207,2.99609,16.0898,12.1338,21.6719
Zephyr,4,45,2/28/2024 13:26,7,4,6144,2213,3858,26.52,56,31.2207,3.00781,16.0781,12.1338,21.6602
Zephyr,4,46,2/28/2024 13:26,0,0,6144,2213,3858,26.51,56,31.2207,2.99512,16.0908,12.1338,21.6738
Zephyr,4,47,2/28/2024 13:26,7,4,6144,2213,3858,28.94,57,31.2207,2.99414,16.0918,12.1338,21.6738
Zephyr,4,48,2/28/2024 13:26,7,4,6144,2213,3858,24.31,56,31.2207,2.99414,16.0908,12.1338,21.6738
Zephyr,4,49,2/28/2024 13:26,7,4,6144,2213,3858,24.44,56,31.2207,2.99414,16.0908,12.1338,21.6738
Zephyr,4,50,2/28/2024 13:26,5,3,6144,2213,3858,24.45,57,31.2207,2.99414,16.0908,12.1338,21.6738
Zephyr,4,51,2/28/2024 13:26,7,4,6144,2213,3858,24.45,57,31.2207,2.99512,16.0908,12.1338,21.6729
Zephyr,4,52,2/28/2024 13:26,7,4,6144,2213,3858,24.44,57,31.2207,3.00391,16.082,12.1338,21.665
Zephyr,4,53,2/28/2024 13:26,7,4,6144,2213,3858,24.44,57,31.2207,3.02344,16.0625,12.1338,21.6445
Zephyr,4,54,2/28/2024 13:26,0,0,6144,2213,3858,24.44,57,31.2207,3.02344,16.0625,12.1338,21.6445
Zephyr,4,55,2/28/2024 13:26,7,4,6144,2213,3858,24.44,57,31.2207,3.02344,16.0625,12.1338,21.6445
Zephyr,4,56,2/28/2024 13:26,0,0,6144,2213,3858,27.77,57,31.2207,3.02246,16.0635,12.1338,21.6455
Zephyr,4,57,2/28/2024 13:26,7,4,6144,2213,3858,24.45,57,31.2207,3.02246,16.0625,12.1338,21.6455
Zephyr,4,58,2/28/2024 13:26,7,3,6144,2213,3858,24.44,57,31.2207,3.02051,16.0654,12.1338,21.6484
Zephyr,4,59,2/28/2024 13:26,7,4,6144,2213,3858,24.89,58,31.2207,3.02344,16.0479,12.1484,21.6309
Zephyr,4,60,2/28/2024 13:26,7,4,6144,2213,3858,24.45,57,31.2207,3.02441,16.0479,12.1484,21.6299
Zephyr,4,61,2/28/2024 13:26,0,0,6144,4407,1664,24.45,58,31.2207,2.98535,18.1973,10.0371,23.7773
Zephyr,5,0,2/28/2024 13:28,0,0,6144,6065,6,4.18,48,31.2207,2.70898,21.9072,6.60352,27.4844
Zephyr,5,1,2/28/2024 13:28,0,0,6144,5989,82,23.87,48,31.2207,2.88086,21.7227,6.61621,27.2988
Zephyr,5,2,2/28/2024 13:28,0,0,6144,5233,838,24.16,49,31.2207,2.89941,19.8252,8.49512,25.4043
Zephyr,5,3,2/28/2024 13:28,3,0,6144,2395,3676,24.75,49,31.2207,2.96582,18.1758,10.0771,23.7568
Zephyr,5,4,2/28/2024 13:28,0,0,6144,4583,1488,25.49,49,31.2207,3.00098,16.0791,12.1396,21.6621
Zephyr,5,5,2/28/2024 13:28,0,0,6144,4591,1480,24.01,49,31.2207,2.89062,20.4932,7.83594,26.0713
Zephyr,5,6,2/28/2024 13:28,0,0,6144,5233,838,24.01,49,31.2207,2.8916,19.7617,8.56641,25.3408
Zephyr,5,7,2/28/2024 13:28,2,0,6144,2395,3676,24.00,50,31.2207,2.95605,18.1074,10.1562,23.6875
Zephyr,5,8,2/28/2024 13:28,0,0,6144,2283,3788,34.68,50,31.2207,2.99902,16.082,12.1396,21.6641
Zephyr,5,9,2/28/2024 13:28,76,14,6144,2283,3788,58.22,53,31.2207,2.99902,16.0811,12.1396,21.6631
Zephyr,5,10,2/28/2024 13:28,78,14,6144,2283,3788,56.89,54,31.2207,2.99512,16.084,12.1396,21.667
Zephyr,5,11,2/28/2024 13:28,72,12,6144,2283,3788,92.09,54,31.2207,2.99609,16.084,12.1396,21.667
Zephyr,5,12,2/28/2024 13:28,66,12,6144,2213,3858,44.09,55,31.2207,2.99609,16.084,12.1396,21.667
Zephyr,5,13,2/28/2024 13:28,73,13,6144,2213,3858,61.27,55,31.2207,2.99609,16.083,12.1396,21.666
Zephyr,5,14,2/28/2024 13:28,73,14,6144,2213,3858,72.56,55,31.2207,3.00488,16.0781,12.1367,21.6602
Zephyr,5,15,2/28/2024 13:28,100,27,6144,2213,3858,71.80,56,31.2207,3.02441,16.0586,12.1367,21.6406
Zephyr,5,16,2/28/2024 13:28,69,12,6144,2213,3858,33.37,56,31.2207,3.02441,16.0586,12.1367,21.6416
Zephyr,5,17,2/28/2024 13:28,70,13,6144,2213,3858,72.32,57,31.2207,3.02441,16.0576,12.1367,21.6406
Zephyr,5,18,2/28/2024 13:28,64,12,6144,2213,3858,72.18,57,31.2207,3.01855,16.0635,12.1367,21.6465
Zephyr,5,19,2/28/2024 13:28,99,29,6144,2213,3858,77.26,58,31.2207,3.01953,16.0635,12.1367,21.6465
Zephyr,5,20,2/28/2024 13:28,7,4,6144,2213,3858,26.06,56,31.2207,3.02051,16.0615,12.1367,21.6445
Zephyr,5,21,2/28/2024 13:28,7,4,6144,2213,3858,25.93,56,31.2207,3.02148,16.0615,12.1367,21.6445
Zephyr,5,22,2/28/2024 13:28,0,0,6144,2213,3858,26.06,56,31.2207,3.02246,16.0605,12.1367,21.6436
Zephyr,5,23,2/28/2024 13:28,7,4,6144,2213,3858,26.07,56,31.2207,3.02344,16.0596,12.1367,21.6426
Zephyr,5,24,2/28/2024 13:28,7,4,6144,2213,3858,26.12,56,31.2207,3.02344,16.0596,12.1367,21.6426
Zephyr,5,25,2/28/2024 13:28,1,1,6144,2213,3858,26.68,57,31.2207,3.01367,16.0684,12.1367,21.6514
Zephyr,5,26,2/28/2024 13:28,7,4,6144,2213,3858,34.69,57,31.2207,3.01465,16.0674,12.1367,21.6504
Zephyr,5,27,2/28/2024 13:28,7,4,6144,2213,3858,41.56,57,31.2207,3.01465,16.0674,12.1367,21.6504
Zephyr,5,28,2/28/2024 13:28,4,3,6144,2213,3858,26.07,57,31.2207,3.01465,16.0674,12.1367,21.6504
Zephyr,5,29,2/28/2024 13:28,7,4,6144,2213,3858,26.08,57,31.2207,3.0166,16.0664,12.1367,21.6494
Zephyr,5,30,2/28/2024 13:28,7,4,6144,2213,3858,26.07,57,31.2207,3.01758,16.0654,12.1367,21.6484
Zephyr,5,31,2/28/2024 13:28,6,3,6144,2213,3858,26.06,57,31.2207,3.01855,16.0645,12.1367,21.6475
Zephyr,5,32,2/28/2024 13:28,7,4,6144,2213,3858,31.61,58,31.2207,3.01953,16.0635,12.1367,21.6465
Zephyr,5,33,2/28/2024 13:28,7,4,6144,2213,3858,26.08,58,31.2207,3.02051,16.0625,12.1367,21.6455
Zephyr,5,34,2/28/2024 13:28,7,4,6144,2213,3858,26.23,58,31.2207,3.02148,16.0615,12.1367,21.6445
Zephyr,5,35,2/28/2024 13:28,4,2,6144,2213,3858,26.36,58,31.2207,3.02246,16.0605,12.1367,21.6436
Zephyr,5,36,2/28/2024 13:28,7,4,6144,2213,3858,28.00,58,31.2207,3.02148,16.0615,12.1367,21.6445
Zephyr,5,37,2/28/2024 13:28,2,1,6144,2213,3858,26.22,58,31.2207,3.02148,16.0615,12.1367,21.6445
Zephyr,5,38,2/28/2024 13:28,7,4,6144,2213,3858,26.22,58,31.2207,3.02051,16.0615,12.1367,21.6445
Zephyr,5,39,2/28/2024 13:28,7,4,6144,2213,3858,26.21,58,31.2207,3.02148,16.0615,12.1367,21.6445
Zephyr,5,40,2/28/2024 13:28,7,4,6144,2213,3858,26.21,59,31.2207,3.02148,16.0615,12.1367,21.6445
Zephyr,5,41,2/28/2024 13:28,7,4,6144,2213,3858,26.36,59,31.2207,3.03125,16.0518,12.1367,21.6348
Zephyr,5,42,2/28/2024 13:28,3,2,6144,2213,3858,26.80,59,31.2207,3.02246,16.0605,12.1367,21.6436
Zephyr,5,43,2/28/2024 13:28,7,4,6144,2213,3858,30.71,59,31.2207,3.02344,16.0596,12.1367,21.6426
Zephyr,5,44,2/28/2024 13:28,7,4,6144,2213,3858,26.22,59,31.2207,3.00488,16.0781,12.1367,21.6611
Zephyr,5,45,2/28/2024 13:28,1,0,6144,2213,3858,26.23,59,31.2207,3.00293,16.0791,12.1367,21.6621
Zephyr,5,46,2/28/2024 13:28,7,4,6144,2213,3858,26.20,59,31.2207,3.00098,16.082,12.1367,21.6641
Zephyr,5,47,2/28/2024 13:29,7,4,6144,2213,3858,26.35,59,31.2207,3.00195,16.0811,12.1367,21.6641
Zephyr,5,48,2/28/2024 13:29,7,3,6144,2213,3858,24.88,59,31.2207,3.00098,16.082,12.1367,21.665
Zephyr,5,49,2/28/2024 13:29,7,4,6144,2213,3858,28.80,59,31.2207,3.00195,16.0811,12.1367,21.6641
Zephyr,5,50,2/28/2024 13:29,5,2,6144,2213,3858,24.58,59,31.2207,3.00098,16.082,12.1367,21.665
Zephyr,5,51,2/28/2024 13:29,8,4,6144,2213,3858,24.59,60,31.2207,3.00293,16.0801,12.1367,21.6631
Zephyr,5,52,2/28/2024 13:29,7,4,6144,2213,3858,24.60,59,31.2207,3.00195,16.0811,12.1367,21.6641
Zephyr,5,53,2/28/2024 13:29,7,4,6144,2213,3858,24.58,60,31.2207,3.00293,16.0791,12.1367,21.6621
Zephyr,5,54,2/28/2024 13:29,7,4,6144,2213,3858,25.19,60,31.2207,3.00293,16.0791,12.1367,21.6621
Zephyr,5,55,2/28/2024 13:29,3,2,6144,2213,3858,24.59,60,31.2207,3.00293,16.0791,12.1367,21.6621
Zephyr,5,56,2/28/2024 13:29,7,4,6144,2213,3858,24.59,60,31.2207,3.00293,16.0791,12.1367,21.6621
Zephyr,5,57,2/28/2024 13:29,0,0,6144,2213,3858,24.59,60,31.2207,3.00391,16.0791,12.1367,21.6621
Zephyr,5,58,2/28/2024 13:29,7,4,6144,2213,3858,25.19,60,31.2207,3.00391,16.0791,12.1367,21.6621
Zephyr,5,59,2/28/2024 13:29,1,0,6144,2213,3858,31.32,60,31.2207,3.00391,16.0791,12.1367,21.6621
Zephyr,5,60,2/28/2024 13:29,7,4,6144,2213,3858,24.58,60,31.2207,3.00488,16.0781,12.1367,21.6611
Zephyr,5,61,2/28/2024 13:29,7,4,6144,2213,3858,24.58,60,31.2207,3.00781,16.0742,12.1367,21.6572
Zephyr,5,62,2/28/2024 13:29,8,4,6144,2213,3858,24.58,60,31.2207,3.00879,16.0742,12.1367,21.6562
Zephyr,5,63,2/28/2024 13:29,4,2,6144,2213,3858,25.02,60,31.2207,3.00781,16.0742,12.1367,21.6572
Zephyr,5,64,2/28/2024 13:29,8,4,6144,2213,3858,31.26,60,31.2207,3.00879,16.0742,12.1367,21.6572
Zephyr,5,65,2/28/2024 13:29,8,4,6144,2213,3858,24.74,60,31.2207,3.00879,16.0742,12.1367,21.6572
Zephyr,5,66,2/28/2024 13:29,8,4,6144,2213,3858,24.73,61,31.2207,3.0127,16.0693,12.1377,21.6523
Zephyr,5,67,2/28/2024 13:29,8,4,6144,2213,3858,24.73,61,31.2207,3.0127,16.0693,12.1377,21.6533
Zephyr,5,68,2/28/2024 13:29,8,4,6144,2213,3858,27.00,61,31.2207,3.0127,16.0693,12.1377,21.6523
Zephyr,5,69,2/28/2024 13:29,8,4,6144,2213,3858,24.74,61,31.2207,3.0127,16.0703,12.1377,21.6533
Zephyr,5,70,2/28/2024 13:29,8,4,6144,2213,3858,24.74,61,31.2207,3.0127,16.0693,12.1377,21.6533
Zephyr,5,71,2/28/2024 13:29,8,4,6144,2213,3858,25.03,61,31.2207,3.01172,16.0703,12.1377,21.6543
Zephyr,5,72,2/28/2024 13:29,8,4,6144,2213,3858,33.72,61,31.2207,3.00977,16.0723,12.1377,21.6553
Zephyr,5,73,2/28/2024 13:29,0,0,6144,2213,3858,25.07,61,31.2207,3.0166,16.0654,12.1377,21.6484
Zephyr,5,74,2/28/2024 13:29,8,4,6144,2213,3858,24.73,61,31.2207,3.03613,16.0459,12.1377,21.6299
Zephyr,5,75,2/28/2024 13:29,8,4,6144,2213,3858,24.78,61,31.2207,3.03613,16.0459,12.1377,21.6289
Zephyr,5,76,2/28/2024 13:29,8,4,6144,2213,3858,24.74,61,31.2207,3.03613,16.0469,12.1377,21.6299
Zephyr,5,77,2/28/2024 13:29,8,4,6144,2213,3858,24.73,61,31.2207,3.03125,16.0508,12.1377,21.6348
Zephyr,5,78,2/28/2024 13:29,8,4,6144,2213,3858,34.99,61,31.2207,3.03125,16.0508,12.1377,21.6348
Zephyr,5,79,2/28/2024 13:29,0,0,6144,4411,1660,24.77,61,31.2207,2.9248,20.3047,7.99023,25.8838
